g NB_GP_Building001_LOD0
v -5.732849 10.71007 17.87896
v -5.732849 5.822323 17.87896
v -0.6740189 5.823307 17.87994
v -0.6720543 10.71007 17.87994
v 4.156696 5.823307 17.87994
v 4.156696 0.06341934 17.87994
v 7.824224 0.03982162 17.87896
v 7.824224 5.823307 17.87896
v 6.905867 6.099602 -12.31867
v 6.905867 4.243221 -12.31867
v 0.4980164 4.243221 -12.31867
v 0.4980164 6.099602 -12.31867
v 6.905867 10.69139 -12.31867
v 0.4980164 10.69139 -12.31867
v -4.588345 4.243221 -11.82409
v -5.46442 4.243221 -11.54288
v -5.46442 6.099602 -11.54288
v -4.588345 6.099602 -11.82409
v -5.46442 10.69139 -11.54288
v -4.588345 10.69139 -11.82409
v 0.4980164 4.243221 -12.31867
v 0.4980164 6.099602 -12.31867
v 0.4980164 10.69139 -12.31867
v -10.04342 4.243221 -9.018875
v -10.70515 4.243221 -8.258821
v -10.70515 6.099602 -8.258821
v -10.04342 6.099602 -9.018875
v -10.70515 10.69139 -8.258821
v -10.04342 10.69139 -9.018875
v -7.515484 4.243221 -10.77103
v -7.515484 6.099602 -10.77103
v -5.46442 4.243221 -11.54288
v -5.46442 6.099602 -11.54288
v -7.515484 10.69139 -10.77103
v -5.46442 10.69139 -11.54288
v -13.5202 4.243221 -3.74963
v -13.88499 4.243221 -2.680836
v -13.88499 6.099602 -2.680836
v -13.5202 6.099602 -3.74963
v -13.88499 10.69139 -2.680836
v -13.5202 10.69139 -3.74963
v -12.12792 4.243221 -6.591227
v -12.12792 6.099602 -6.591227
v -10.70515 4.243221 -8.258821
v -10.70515 6.099602 -8.258821
v -12.12792 10.69139 -6.591227
v -10.70515 10.69139 -8.258821
v -13.88499 6.099602 -2.680836
v -13.88499 4.243221 -2.680836
v -14.70404 4.243221 1.717251
v -14.70404 6.099602 1.717251
v -13.88499 10.69139 -2.680836
v -14.70404 10.69139 1.717251
v -0.6740189 5.823307 17.87994
v 4.156696 5.823307 17.87994
v 4.156696 10.71007 17.87994
v -0.6720543 10.71007 17.87994
v 6.311983 5.609943 22.97121
v 6.311983 -0.01130676 22.97121
v 4.010191 -0.01130676 22.74998
v 4.010191 5.609943 22.74998
v 6.336565 -0.01130676 22.6841
v 6.311983 -0.01130676 22.97121
v 6.311983 5.609943 22.97121
v 6.336565 5.605026 22.68312
v 6.336565 5.605026 22.68312
v 4.035755 5.606991 22.46288
v 4.035755 -0.01130676 22.46386
v 6.336565 -0.01130676 22.6841
v 4.035755 -0.01130676 22.46386
v 4.035755 5.606991 22.46288
v 4.010191 5.609943 22.74998
v 4.010191 -0.01130676 22.74998
v 6.336565 5.605026 22.68312
v 6.311983 5.609943 22.97121
v 4.010191 5.609943 22.74998
v 4.035755 5.606991 22.46288
v -0.6700859 5.609943 22.79718
v -0.6700859 -0.01130676 22.79718
v -2.954178 -0.01130676 23.15803
v -2.954178 5.609943 23.15803
v -0.7182655 -0.01130676 22.51302
v -0.6700859 -0.01130676 22.79718
v -0.6700859 5.609943 22.79718
v -0.7192497 5.605026 22.51204
v -0.7192497 5.605026 22.51204
v -3.001377 5.606991 22.87387
v -3.000393 -0.01130676 22.87387
v -0.7182655 -0.01130676 22.51302
v -3.000393 -0.01130676 22.87387
v -3.001377 5.606991 22.87387
v -2.954178 5.609943 23.15803
v -2.954178 -0.01130676 23.15803
v -0.7192497 5.605026 22.51204
v -0.6700859 5.609943 22.79718
v -2.954178 5.609943 23.15803
v -3.001377 5.606991 22.87387
v -2.787025 4.125233 -8.02874
v -2.787025 6.13205 -8.02874
v -3.612957 6.13205 -8.104452
v -3.612957 4.125233 -8.104452
v -2.787025 10.60584 -8.02874
v -3.612957 10.60584 -8.104452
v -5.624691 4.125233 -7.382744
v -5.624691 6.13205 -7.382744
v -5.624691 10.60584 -7.382744
v -7.949097 5.965878 -5.60306
v -7.949097 3.871552 -5.870504
v -7.400444 3.941364 -6.369995
v -7.400444 6.011108 -6.175312
v -5.624691 4.125233 -7.382744
v -5.624691 6.13205 -7.382744
v -7.400444 10.60584 -6.175312
v -5.624691 10.60584 -7.382744
v -7.949097 10.60584 -5.60306
v 6.256922 1.255119 11.65792
v 6.256922 1.261021 14.06591
v 1.497984 1.261021 14.06787
v 1.497984 1.255119 11.67562
v 6.255938 2.431091 6.250038
v 6.254955 2.444855 8.511517
v 1.496017 2.444855 8.5243
v 1.496017 2.431091 6.263805
v 6.254955 3.364197 2.75753
v 6.255938 2.431091 6.250038
v 1.496017 2.431091 6.263805
v 1.495033 3.364197 2.774246
v 6.252989 4.298283 -7.32375
v 6.252989 4.298283 -0.7339973
v 1.493067 4.298283 -0.7153149
v 1.493067 4.298283 -7.309
v 1.496017 2.444855 8.5243
v 6.254955 2.444855 8.511517
v 6.256922 1.255119 11.65792
v 1.497984 1.255119 11.67562
v 1.497984 1.261021 14.06787
v 6.256922 1.261021 14.06591
v 6.257904 0.2345047 17.79243
v 1.497984 0.2345047 17.79734
v 6.621708 0.03785706 22.04991
v 6.621708 7.161514 22.04991
v 6.213659 7.161514 22.02139
v 6.213659 0.03785706 22.02139
v 6.213659 0.03785706 22.02139
v 6.213659 7.161514 22.02139
v 6.06027 7.161514 22.40093
v 6.06027 0.03785706 22.40093
v 6.06027 0.03785706 22.40093
v 6.06027 7.161514 22.40093
v 6.373928 7.161514 22.66346
v 6.373928 0.03785706 22.66346
v 6.373928 0.03785706 22.66346
v 6.373928 7.161514 22.66346
v 6.720034 7.161514 22.44714
v 6.720034 0.03785706 22.44714
v 6.720034 0.03785706 22.44714
v 6.720034 7.161514 22.44714
v 6.621708 7.161514 22.04991
v 6.621708 0.03785706 22.04991
v -2.736881 1.221691 13.96758
v -2.732948 -0.08603287 18.06971
v -2.732948 2.468452 18.06971
v -2.736881 3.400578 13.96758
v -2.740814 1.24332 11.62843
v -2.740814 3.394676 11.62843
v -2.740814 10.70122 11.62843
v -2.732948 10.70122 18.06971
v -2.732948 2.468452 18.06971
v -2.744747 2.384876 8.535114
v -2.740814 1.24332 11.62843
v -2.740814 3.394676 11.62843
v -2.744747 4.521484 8.535114
v -2.74868 2.362263 6.136967
v -2.74868 4.523449 6.136967
v -2.744747 4.521484 8.535114
v -2.744747 10.70122 8.535114
v -2.74868 10.70122 6.136967
v -2.740814 10.70122 11.62843
v -2.744747 4.521484 8.535114
v -2.740814 3.394676 11.62843
v -2.762444 4.176361 -0.7556286
v -2.74868 2.362263 6.136967
v -2.74868 4.523449 6.136967
v -2.762444 6.073055 -0.7556286
v -2.771294 6.074036 -8.054306
v -2.771294 4.176361 -8.054306
v -2.762444 4.176361 -0.7556286
v -2.762444 6.073055 -0.7556286
v 4.3209 5.347412 22.52089
v 4.350397 5.370029 22.15905
v -0.8991852 5.370029 22.16003
v -0.9208145 5.347412 22.52089
v -0.9208145 5.347412 22.52089
v -0.9208145 5.642391 22.52089
v 4.3209 5.642391 22.52089
v 4.3209 5.347412 22.52089
v 4.350397 5.370029 22.15905
v 4.350397 5.665005 22.15905
v -0.8991852 5.665005 22.16003
v -0.8991852 5.370029 22.16003
v -0.5609436 5.555862 22.49335
v -0.5845413 5.585361 22.18658
v -0.5845413 0.07128525 22.18658
v -0.5609436 0.06735229 22.49335
v -0.5609436 0.06735229 22.49335
v -0.7969246 0.06735229 22.49335
v -0.7969246 5.555862 22.49335
v -0.5609436 5.555862 22.49335
v -0.5845413 5.585361 22.18658
v -0.8195419 5.585361 22.18658
v -0.8195419 0.07128525 22.18658
v -0.5845413 0.07128525 22.18658
v 3.994459 5.555862 22.18658
v 4.017075 5.585361 22.49434
v 4.017075 0.07128525 22.49335
v 3.994459 0.06735229 22.18658
v 3.994459 0.06735229 22.18658
v 4.23044 0.06735229 22.18658
v 4.23044 5.555862 22.18658
v 3.994459 5.555862 22.18658
v 4.017075 5.585361 22.49434
v 4.253056 5.585361 22.49434
v 4.253056 0.07128525 22.49335
v 4.017075 0.07128525 22.49335
v -2.714268 0.03785706 22.04991
v -2.714268 7.161514 22.04991
v -3.122314 7.161514 22.02139
v -3.122314 0.03785706 22.02139
v -3.122314 0.03785706 22.02139
v -3.122314 7.161514 22.02139
v -3.275703 7.161514 22.40093
v -3.275703 0.03785706 22.40093
v -3.275703 0.03785706 22.40093
v -3.275703 7.161514 22.40093
v -2.962044 7.161514 22.66346
v -2.962044 0.03785706 22.66346
v -2.962044 0.03785706 22.66346
v -2.962044 7.161514 22.66346
v -2.61594 7.161514 22.44714
v -2.61594 0.03785706 22.44714
v -2.61594 0.03785706 22.44714
v -2.61594 7.161514 22.44714
v -2.714268 7.161514 22.04991
v -2.714268 0.03785706 22.04991
v 1.497984 0.2345047 17.79734
v 6.257904 0.2345047 17.79243
v 6.257904 0.06932068 17.79243
v 1.497984 0.06932068 17.79734
v 6.252989 4.298283 -13.9135
v 6.252989 4.298283 -7.32375
v 1.493067 4.298283 -7.309
v 1.493067 4.298283 -13.90269
v -3.260956 1.255119 11.69234
v 1.497984 1.255119 11.67562
v 1.497984 1.261021 14.06787
v -3.260956 1.261021 14.06886
v -3.26292 2.431091 6.277569
v 1.496017 2.431091 6.263805
v 1.496017 2.444855 8.5243
v -3.263905 2.444855 8.537083
v -3.265869 4.298283 -0.6976166
v 1.493067 4.298283 -0.7153149
v 1.495033 3.364197 2.774246
v -3.264889 3.364197 2.789978
v -3.266853 4.298283 -7.295235
v 1.493067 4.298283 -7.309
v 1.493067 4.298283 -0.7153149
v -3.265869 4.298283 -0.6976166
v -3.263905 2.444855 8.537083
v 1.496017 2.444855 8.5243
v 1.497984 1.255119 11.67562
v -3.260956 1.255119 11.69234
v -3.260956 1.261021 14.06886
v 1.497984 1.261021 14.06787
v 1.497984 0.2345047 17.79734
v -3.260956 0.2345047 17.80325
v -3.260956 0.2345047 17.80325
v 1.497984 0.2345047 17.79734
v 1.497984 0.06932068 17.79734
v -3.260956 0.06932068 17.80325
v -3.266853 4.298283 -13.89285
v 1.493067 4.298283 -13.90269
v 1.493067 4.298283 -7.309
v -3.266853 4.298283 -7.295235
v 6.252989 4.298283 -0.7339973
v 6.254955 3.364197 2.75753
v 1.495033 3.364197 2.774246
v 1.493067 4.298283 -0.7153149
v -3.26292 2.431091 6.277569
v -3.264889 3.364197 2.789978
v 1.495033 3.364197 2.774246
v 1.496017 2.431091 6.263805
v -2.811607 4.242241 -7.807508
v -2.811607 10.72187 -7.807508
v -2.54908 10.72187 -7.811441
v -2.54908 4.242241 -7.811441
v -2.54908 4.242241 -7.811441
v -2.54908 10.72187 -7.811441
v -2.558914 10.72187 -8.210642
v -2.558914 4.242241 -8.210642
v -2.771294 10.70122 -8.054306
v -2.771294 6.074036 -8.054306
v -2.762444 6.073055 -0.7556286
v -2.762444 10.70122 -0.7556286
v -2.762444 6.073055 -0.7556286
v -2.74868 4.523449 6.136967
v -2.74868 10.70122 6.136967
v -2.762444 10.70122 -0.7556286
v 4.3209 5.613876 18.20245
v 4.350397 5.637474 17.84061
v -0.8991852 5.637474 17.84159
v -0.9208145 5.613876 18.20245
v -0.9208145 5.613876 18.20245
v -0.9208145 5.909832 18.20245
v 4.3209 5.909832 18.20245
v 4.3209 5.613876 18.20245
v 4.350397 5.637474 17.84061
v 4.350397 5.932449 17.84061
v -0.8991852 5.932449 17.84159
v -0.8991852 5.637474 17.84159
v -0.5609436 5.689587 18.1759
v -0.5845413 5.718102 17.86814
v -0.5845413 0.07128525 17.86912
v -0.5609436 0.06735229 18.1759
v -0.5609436 0.06735229 18.1759
v -0.7969246 0.06735229 18.1759
v -0.7969246 5.689587 18.1759
v -0.5609436 5.689587 18.1759
v -0.5845413 5.718102 17.86814
v -0.8195419 5.718102 17.86814
v -0.8195419 0.07128525 17.86912
v -0.5845413 0.07128525 17.86912
v 3.994459 5.689587 17.86814
v 4.017075 5.718102 18.1759
v 4.017075 0.07128525 18.17492
v 3.994459 0.06735229 17.86814
v 3.994459 0.06735229 17.86814
v 4.23044 0.06735229 17.86814
v 4.23044 5.689587 17.86814
v 3.994459 5.689587 17.86814
v 4.017075 5.718102 18.1759
v 4.253056 5.718102 18.1759
v 4.253056 0.07128525 18.17492
v 4.017075 0.07128525 18.17492
v -2.424206 0.1440468 17.99006
v -2.424206 10.71498 17.99006
v -2.428139 10.71498 17.72754
v -2.428139 0.1440468 17.72754
v -2.428139 0.1440468 17.72754
v -2.428139 10.71498 17.72754
v -2.829308 10.71498 17.74622
v -2.829308 0.1440468 17.74622
v -2.811607 4.242241 -8.204742
v -2.558914 4.242241 -8.210642
v -2.558914 10.72187 -8.210642
v -2.811607 10.72187 -8.204742
v 6.243156 1.221691 13.96758
v 6.243156 3.400578 13.96758
v 6.247089 2.468452 18.06971
v 6.247089 -0.08603287 18.06971
v 6.239223 1.24332 11.62843
v 6.239223 3.394676 11.62843
v 6.239223 10.70122 11.62843
v 6.247089 10.70122 18.06971
v 6.247089 2.468452 18.06971
v 6.235291 2.384876 8.535114
v 6.235291 4.521484 8.535114
v 6.239223 3.394676 11.62843
v 6.239223 1.24332 11.62843
v 6.231358 2.362263 6.136967
v 6.231358 4.523449 6.136967
v 6.231358 10.70122 6.136967
v 6.235291 10.70122 8.535114
v 6.235291 4.521484 8.535114
v 6.239223 10.70122 11.62843
v 6.235291 4.521484 8.535114
v 6.239223 3.394676 11.62843
v 6.216608 4.176361 -0.7556286
v 6.216608 6.073055 -0.7556286
v 6.231358 4.523449 6.136967
v 6.231358 2.362263 6.136967
v 6.212675 6.074036 -8.351248
v 6.216608 6.073055 -0.7556286
v 6.216608 4.176361 -0.7556286
v 6.212675 4.176361 -8.351248
v 6.212675 10.70122 -8.351248
v 6.216608 10.70122 -0.7556286
v 6.216608 6.073055 -0.7556286
v 6.212675 6.074036 -8.351248
v 6.216608 6.073055 -0.7556286
v 6.216608 10.70122 -0.7556286
v 6.231358 10.70122 6.136967
v 6.231358 4.523449 6.136967
v 6.212675 4.176361 -8.351248
v 6.209726 4.176361 -12.44059
v 6.209726 6.074036 -12.44059
v 6.212675 6.074036 -8.351248
v 6.212675 6.074036 -8.351248
v 6.209726 6.074036 -12.44059
v 6.209726 10.70122 -12.44059
v 6.212675 10.70122 -8.351248
v 5.910816 4.242241 -12.43764
v 5.910816 10.72187 -12.43764
v 5.913767 10.72187 -12.17511
v 5.913767 4.242241 -12.17511
v 5.913767 4.242241 -12.17511
v 5.913767 10.72187 -12.17511
v 6.31395 10.72187 -12.18396
v 6.31395 4.242241 -12.18396
v 6.30805 4.242241 -12.43764
v 6.31395 4.242241 -12.18396
v 6.31395 10.72187 -12.18396
v 6.30805 10.72187 -12.43764
v 21.18661 7.932381 -25.80003
v 17.43158 7.932381 -25.07832
v 17.43158 0.06735229 -25.07832
v 21.18661 0.06735229 -25.80003
v 17.43158 0.06735229 -25.07832
v 17.43158 7.932381 -25.07832
v 14.23797 7.932381 -22.97416
v 14.23797 0.06735229 -22.97416
v 14.23797 7.932381 -22.97416
v 12.09252 7.932381 -19.80908
v 12.09252 0.06735229 -19.80908
v 14.23797 0.06735229 -22.97416
v 12.09252 7.932381 -19.80908
v 11.32165 7.932381 -16.04224
v 11.32165 0.06735229 -16.04224
v 12.09252 0.06735229 -19.80908
v 30.92375 7.932381 -15.91343
v 30.20205 7.932381 -19.69011
v 30.20205 0.06735229 -19.69011
v 30.92375 0.06735229 -15.91343
v 30.20205 0.06735229 -19.69011
v 30.20205 7.932381 -19.69011
v 28.09887 7.932381 -22.88371
v 28.09887 0.06735229 -22.88371
v 28.09887 7.932381 -22.88371
v 24.9328 7.932381 -25.02916
v 24.9328 0.06735229 -25.02916
v 28.09887 0.06735229 -22.88371
v 24.9328 7.932381 -25.02916
v 21.18661 7.932381 -25.80003
v 21.18661 0.06735229 -25.80003
v 24.9328 0.06735229 -25.02916
v 21.05781 7.932381 -6.15663
v 24.81383 7.932381 -6.878336
v 24.81383 0.06735229 -6.878336
v 21.05781 0.06735229 -6.15663
v 24.81383 0.06735229 -6.878336
v 24.81383 7.932381 -6.878336
v 28.00743 7.932381 -8.981512
v 28.00743 0.06735229 -8.981512
v 28.00743 7.932381 -8.981512
v 30.15289 7.932381 -12.14758
v 30.15289 0.06735229 -12.14758
v 28.00743 0.06735229 -8.981512
v 30.15289 7.932381 -12.14758
v 30.92375 7.932381 -15.91343
v 30.92375 0.06735229 -15.91343
v 30.15289 0.06735229 -12.14758
v 11.32165 7.932381 -16.04224
v 12.04336 7.932381 -12.26656
v 12.04336 0.06735229 -12.26656
v 11.32165 0.06735229 -16.04224
v 17.3126 7.932381 -6.9275
v 21.05781 7.932381 -6.15663
v 21.05781 0.06735229 -6.15663
v 17.3126 0.06735229 -6.9275
v -16.13958 10.59503 2.995476
v -15.79151 10.59503 6.794762
v -20.99783 7.055321 7.442722
v -21.38818 7.055321 2.611023
v -14.63816 10.59503 10.29514
v -19.35187 7.055321 11.86539
v -16.69217 7.055321 16.20743
v -19.35187 7.055321 11.86539
v -14.63816 10.59503 10.29514
v -12.62151 10.59503 13.75028
v -13.28914 7.055321 19.86217
v -10.05424 10.59503 16.65088
v -9.125065 7.055321 22.39602
v -6.831142 10.59503 18.74913
v 1.060436 10.59503 20.3656
v 1.060436 7.055321 24.45592
v -3.890236 7.055321 23.98593
v -2.923698 10.59503 20.06374
v -6.831142 10.59503 18.74913
v -2.923698 10.59503 20.06374
v -3.890236 7.055321 23.98593
v -9.125065 7.055321 22.39602
v -20.99783 7.055321 7.442722
v -20.7884 6.834091 7.397495
v -21.1758 6.834091 2.611023
v -21.38818 7.055321 2.611023
v -19.35187 7.055321 11.86539
v -19.15816 6.834091 11.7769
v -16.69217 7.055321 16.20743
v -16.52305 6.834091 16.07862
v -19.15816 6.834091 11.7769
v -19.35187 7.055321 11.86539
v -13.28914 7.055321 19.86217
v -13.15247 6.834091 19.69797
v -9.125065 7.055321 22.39602
v -9.028709 6.834091 22.20821
v 1.060436 7.055321 24.45592
v 1.060436 6.834091 24.24846
v -3.84304 6.834091 23.7824
v -3.890236 7.055321 23.98593
v -3.890236 7.055321 23.98593
v -3.84304 6.834091 23.7824
v -9.028709 6.834091 22.20821
v -9.125065 7.055321 22.39602
v -20.7884 6.834091 7.397495
v -18.40205 7.138897 6.877354
v -18.71472 7.182163 2.611023
v -21.1758 6.834091 2.611023
v -19.15816 6.834091 11.7769
v -16.98518 7.251972 10.71892
v -16.52305 6.834091 16.07862
v -14.66274 7.181179 14.53098
v -13.15247 6.834091 19.69797
v -11.70217 7.251972 17.73245
v 1.060436 6.834091 24.24846
v 1.060436 7.251972 21.79328
v -3.527416 7.251972 21.46487
v -3.84304 6.834091 23.7824
v -8.025791 7.251972 20.01065
v -9.028709 6.834091 22.20821
v -11.70217 7.251972 17.73245
v -13.15247 6.834091 19.69797
v -14.90462 10.59503 2.995476
v -14.58113 10.59503 6.521416
v -15.79151 10.59503 6.794762
v -16.13958 10.59503 2.995476
v -14.63816 10.59503 10.29514
v -15.79151 10.59503 6.794762
v -14.58113 10.59503 6.521416
v -13.51037 10.59503 9.770081
v -11.63826 10.59503 12.97745
v -12.62151 10.59503 13.75028
v -12.62151 10.59503 13.75028
v -11.63826 10.59503 12.97745
v -9.25584 10.59503 15.66959
v -10.05424 10.59503 16.65088
v -6.831142 10.59503 18.74913
v -6.264786 10.59503 17.61741
v 1.060436 10.59503 19.11785
v 1.060436 10.59503 20.3656
v -2.923698 10.59503 20.06374
v -2.637573 10.59503 18.83763
v -6.831142 10.59503 18.74913
v -6.264786 10.59503 17.61741
v 18.26144 10.59503 2.995476
v 23.51004 7.055321 2.611023
v 23.11969 7.055321 7.442722
v 17.91337 10.59503 6.794762
v 16.76001 10.59503 10.29514
v 21.47274 7.055321 11.86539
v 18.81305 7.055321 16.20743
v 14.74238 10.59503 13.75028
v 16.76001 10.59503 10.29514
v 21.47274 7.055321 11.86539
v 15.41001 7.055321 19.86217
v 12.17511 10.59503 16.65088
v 11.24594 7.055321 22.39602
v 8.952997 10.59503 18.74913
v 1.060436 10.59503 20.3656
v 5.044573 10.59503 20.06374
v 6.011108 7.055321 23.98593
v 1.060436 7.055321 24.45592
v 8.952997 10.59503 18.74913
v 11.24594 7.055321 22.39602
v 6.011108 7.055321 23.98593
v 5.044573 10.59503 20.06374
v 23.11969 7.055321 7.442722
v 23.51004 7.055321 2.611023
v 23.29667 6.834091 2.611023
v 22.91025 6.834091 7.397495
v 21.47274 7.055321 11.86539
v 21.27904 6.834091 11.7769
v 18.81305 7.055321 16.20743
v 21.47274 7.055321 11.86539
v 21.27904 6.834091 11.7769
v 18.64491 6.834091 16.07862
v 15.41001 7.055321 19.86217
v 15.27334 6.834091 19.69797
v 11.24594 7.055321 22.39602
v 11.14958 6.834091 22.20821
v 1.060436 7.055321 24.45592
v 6.011108 7.055321 23.98593
v 5.963913 6.834091 23.7824
v 1.060436 6.834091 24.24846
v 6.011108 7.055321 23.98593
v 11.24594 7.055321 22.39602
v 11.14958 6.834091 22.20821
v 5.963913 6.834091 23.7824
v 22.91025 6.834091 7.397495
v 23.29667 6.834091 2.611023
v 20.83658 7.251972 2.611023
v 20.52292 7.251972 6.877354
v 21.27904 6.834091 11.7769
v 19.10704 7.251972 10.71892
v 18.64491 6.834091 16.07862
v 16.78361 7.251972 14.53098
v 15.27334 6.834091 19.69797
v 13.82304 7.251972 17.73245
v 1.060436 6.834091 24.24846
v 5.963913 6.834091 23.7824
v 5.648289 7.251972 21.46487
v 1.060436 7.251972 21.79328
v 10.14667 7.251972 20.01065
v 11.14958 6.834091 22.20821
v 13.82304 7.251972 17.73245
v 15.27334 6.834091 19.69797
v 17.02549 10.59503 2.995476
v 18.26144 10.59503 2.995476
v 17.91337 10.59503 6.794762
v 16.702 10.59503 6.521416
v 16.76001 10.59503 10.29514
v 15.63223 10.59503 9.770081
v 16.702 10.59503 6.521416
v 17.91337 10.59503 6.794762
v 13.75913 10.59503 12.97745
v 14.74238 10.59503 13.75028
v 14.74238 10.59503 13.75028
v 12.17511 10.59503 16.65088
v 11.37671 10.59503 15.66959
v 13.75913 10.59503 12.97745
v 8.952997 10.59503 18.74913
v 8.385662 10.59503 17.61741
v 1.060436 10.59503 19.11785
v 4.758446 10.59503 18.83763
v 5.044573 10.59503 20.06374
v 1.060436 10.59503 20.3656
v 8.385662 10.59503 17.61741
v 8.952997 10.59503 18.74913
v -16.13958 10.59503 2.995476
v -21.38818 7.055321 2.611023
v -20.99783 7.055321 -2.221657
v -15.79151 10.59503 -0.802824
v -14.63816 10.59503 -4.3032
v -19.35187 7.055321 -6.643339
v -16.69217 7.055321 -10.98636
v -12.62151 10.59503 -7.758347
v -14.63816 10.59503 -4.3032
v -19.35187 7.055321 -6.643339
v -13.28914 7.055321 -14.64013
v -10.05424 10.59503 -10.65894
v -9.125065 7.055321 -17.17495
v -6.831142 10.59503 -12.7572
v 1.060436 10.59503 -14.37366
v -2.923698 10.59503 -14.07181
v -3.890236 7.055321 -18.76388
v 1.060436 7.055321 -19.23486
v -6.831142 10.59503 -12.7572
v -9.125065 7.055321 -17.17495
v -3.890236 7.055321 -18.76388
v -2.923698 10.59503 -14.07181
v -20.99783 7.055321 -2.221657
v -21.38818 7.055321 2.611023
v -21.1758 6.834091 2.611023
v -20.7884 6.834091 -2.176428
v -19.35187 7.055321 -6.643339
v -19.15816 6.834091 -6.55583
v 1.060436 7.055321 -19.23486
v -3.890236 7.055321 -18.76388
v -3.84304 6.834091 -18.56133
v 1.060436 6.834091 -19.02739
v -9.125065 7.055321 -17.17495
v -13.28914 7.055321 -14.64013
v -13.15247 6.834091 -14.4769
v -9.028709 6.834091 -16.98715
v -3.890236 7.055321 -18.76388
v -9.125065 7.055321 -17.17495
v -9.028709 6.834091 -16.98715
v -3.84304 6.834091 -18.56133
v -20.7884 6.834091 -2.176428
v -21.1758 6.834091 2.611023
v -18.71472 7.182163 2.611023
v -18.40205 7.126118 -1.655304
v -19.15816 6.834091 -6.55583
v -16.98518 7.251972 -5.49785
v 1.060436 6.834091 -19.02739
v -3.84304 6.834091 -18.56133
v -3.527416 7.251972 -16.24381
v 1.060436 7.251972 -16.57123
v -8.025791 7.107433 -14.78958
v -9.028709 6.834091 -16.98715
v -11.70217 7.073021 -12.51138
v -13.15247 6.834091 -14.4769
v -14.90462 10.59503 2.995476
v -16.13958 10.59503 2.995476
v -15.79151 10.59503 -0.802824
v -14.58113 10.59503 -0.52948
v -14.63816 10.59503 -4.3032
v -13.59788 10.59503 -3.798792
v -14.58113 10.59503 -0.52948
v -15.79151 10.59503 -0.802824
v -11.86244 10.59503 -7.16643
v -12.62151 10.59503 -7.758347
v -12.62151 10.59503 -7.758347
v -10.05424 10.59503 -10.65894
v -9.392509 10.59503 -9.837923
v -11.86244 10.59503 -7.16643
v -6.831142 10.59503 -12.7572
v -6.264786 10.59503 -11.62547
v 1.060436 10.59503 -13.12592
v -2.637573 10.59503 -12.84569
v -2.923698 10.59503 -14.07181
v 1.060436 10.59503 -14.37366
v -6.831142 10.59503 -12.7572
v -6.264786 10.59503 -11.62547
v 18.26144 10.59503 2.995476
v 17.91337 10.59503 -0.802824
v 23.11969 7.055321 -2.221657
v 23.51004 7.055321 2.611023
v 16.76001 10.59503 -4.3032
v 21.47274 7.055321 -6.643339
v 18.81305 7.055321 -10.98636
v 21.47274 7.055321 -6.643339
v 16.76001 10.59503 -4.3032
v 14.74238 10.59503 -7.758347
v 15.41001 7.055321 -14.64013
v 12.17511 10.59503 -10.65894
v 11.24594 7.055321 -17.17495
v 8.952997 10.59503 -12.7572
v 1.060436 10.59503 -14.37366
v 1.060436 7.055321 -19.23486
v 6.011108 7.055321 -18.76388
v 5.044573 10.59503 -14.07181
v 8.952997 10.59503 -12.7572
v 5.044573 10.59503 -14.07181
v 6.011108 7.055321 -18.76388
v 11.24594 7.055321 -17.17495
v 23.11969 7.055321 -2.221657
v 22.91025 6.834091 -2.176428
v 23.29667 6.834091 2.611023
v 23.51004 7.055321 2.611023
v 21.47274 7.055321 -6.643339
v 21.27904 6.834091 -6.55583
v 1.060436 7.055321 -19.23486
v 1.060436 6.834091 -19.02739
v 5.963913 6.834091 -18.56133
v 6.011108 7.055321 -18.76388
v 11.24594 7.055321 -17.17495
v 11.14958 6.834091 -16.98715
v 15.27334 6.834091 -14.4769
v 15.41001 7.055321 -14.64013
v 6.011108 7.055321 -18.76388
v 5.963913 6.834091 -18.56133
v 11.14958 6.834091 -16.98715
v 11.24594 7.055321 -17.17495
v 22.91025 6.834091 -2.176428
v 20.52292 7.125134 -1.655304
v 20.83658 7.251972 2.611023
v 23.29667 6.834091 2.611023
v 21.27904 6.834091 -6.55583
v 18.7157 7.125134 -6.597126
v 1.060436 6.834091 -19.02739
v 1.060436 7.251972 -16.57123
v 5.648289 7.251972 -16.24381
v 5.963913 6.834091 -18.56133
v 10.14667 7.251972 -14.78958
v 11.14958 6.834091 -16.98715
v 13.82304 7.251972 -12.51138
v 15.27334 6.834091 -14.4769
v 17.02549 10.59503 2.995476
v 16.702 10.59503 -0.52948
v 17.91337 10.59503 -0.802824
v 18.26144 10.59503 2.995476
v 16.76001 10.59503 -4.3032
v 17.91337 10.59503 -0.802824
v 16.702 10.59503 -0.52948
v 15.63223 10.59503 -3.778145
v 13.75913 10.59503 -6.985512
v 14.74238 10.59503 -7.758347
v 14.74238 10.59503 -7.758347
v 13.75913 10.59503 -6.985512
v 11.37671 10.59503 -9.677654
v 12.17511 10.59503 -10.65894
v 8.952997 10.59503 -12.7572
v 8.385662 10.59503 -11.62547
v 1.060436 10.59503 -13.12592
v 1.060436 10.59503 -14.37366
v 5.044573 10.59503 -14.07181
v 4.758446 10.59503 -12.84569
v 8.952997 10.59503 -12.7572
v 8.385662 10.59503 -11.62547
v 6.391626 10.64812 10.18501
v 6.390644 10.64812 2.38586
v -2.807674 10.64812 2.449772
v -2.807674 10.64812 10.25384
v -2.802757 10.64812 -7.94713
v 6.390644 10.64812 -8.073971
v 6.361147 10.64812 -13.07085
v -2.799809 10.64812 -13.25177
v -2.80669 10.64812 -4.46347
v 6.390644 10.64812 -4.51755
v -2.807674 10.64812 2.449772
v 6.390644 10.64812 2.38586
v 6.390644 10.64812 -4.51755
v -2.80669 10.64812 -4.46347
v 6.391626 10.64812 10.18501
v -2.807674 10.64812 10.25384
v -2.807674 10.64812 18.05692
v 6.391626 10.64812 17.98515
v -2.802757 10.64812 -7.94713
v -2.799809 10.64812 -13.25177
v -9.459373 10.64812 -9.792694
v -11.44947 10.64812 -7.813408
v -12.48975 10.64812 -6.098618
v -2.80669 10.64812 -4.46347
v -8.059223 10.77693 -5.377895
v -12.24001 10.7612 -6.54108
v -12.24001 10.48589 -6.539114
v -8.058239 10.49474 -5.375929
v -8.058239 10.49474 -5.375929
v -12.24001 10.48589 -6.539114
v -12.35112 10.48982 -6.155647
v -8.636391 10.49474 -5.157646
v -8.636391 10.77693 -5.159613
v -8.636391 10.49474 -5.157646
v -12.35112 10.48982 -6.155647
v -12.35112 10.76316 -6.158596
v -8.636391 10.77693 -5.159613
v -9.793678 10.79168 -3.075119
v -9.792694 10.49965 -3.074137
v -8.636391 10.49474 -5.157646
v -8.636391 10.49474 -5.157646
v -9.792694 10.49965 -3.074137
v -9.407261 10.50359 -2.971878
v -8.058239 10.49474 -5.375929
v -8.059223 10.77693 -5.377895
v -8.058239 10.49474 -5.375929
v -9.407261 10.50359 -2.971878
v -9.41021 10.79364 -2.97286
v -8.059223 10.77693 -5.377895
v -8.636391 10.77693 -5.159613
v -12.35112 10.76316 -6.158596
v -12.24001 10.7612 -6.54108
v -8.636391 10.77693 -5.159613
v -8.059223 10.77693 -5.377895
v -9.41021 10.79364 -2.97286
v -9.793678 10.79168 -3.075119
v -9.793678 10.79168 -3.075119
v -10.26564 10.77693 -0.4665527
v -10.26466 10.49474 -0.4675369
v -9.792694 10.49965 -3.074137
v -9.792694 10.49965 -3.074137
v -10.26466 10.49474 -0.4675369
v -9.926418 10.49474 -0.05752182
v -9.407261 10.50359 -2.971878
v -9.41021 10.79364 -2.97286
v -9.407261 10.50359 -2.971878
v -9.926418 10.49474 -0.05752182
v -9.927399 10.77693 -0.05653763
v -9.793678 10.79168 -3.075119
v -9.41021 10.79364 -2.97286
v -9.927399 10.77693 -0.05653763
v -10.26564 10.77693 -0.4665527
v -12.33243 10.4967 -6.236273
v -14.24092 10.48589 -2.77326
v -13.8604 10.48982 -2.678869
v -11.70708 10.50064 -6.040606
v -11.71003 10.76316 -6.04159
v -11.70708 10.50064 -6.040606
v -13.8604 10.48982 -2.678869
v -13.86336 10.76316 -2.679852
v -12.0699 10.7612 -6.212675
v -11.71003 10.76316 -6.04159
v -13.86336 10.76316 -2.679852
v -14.24191 10.7612 -2.774244
v -14.24092 10.48589 -2.77326
v -14.59195 10.50457 -0.2443371
v -14.19275 10.5085 -0.2266388
v -13.8604 10.48982 -2.678869
v -13.86336 10.76316 -2.679852
v -13.8604 10.48982 -2.678869
v -14.19275 10.5085 -0.2266388
v -14.19569 10.78185 -0.2266388
v -14.24191 10.7612 -2.774244
v -13.86336 10.76316 -2.679852
v -14.19569 10.78185 -0.2266388
v -14.59391 10.77988 -0.2443371
v -14.21634 10.7612 -0.2541714
v -9.927399 10.77693 -0.05653763
v -9.926418 10.49474 -0.05752182
v -14.21634 10.48589 -0.2561378
v -14.21634 10.48589 -0.2561378
v -9.926418 10.49474 -0.05752182
v -10.26466 10.49474 -0.4675369
v -14.24289 10.48982 -0.6553364
v -14.24191 10.76316 -0.6523876
v -14.24289 10.48982 -0.6553364
v -10.26466 10.49474 -0.4675369
v -10.26564 10.77693 -0.4665527
v -14.21634 10.7612 -0.2541714
v -14.24191 10.76316 -0.6523876
v -10.26564 10.77693 -0.4665527
v -9.927399 10.77693 -0.05653763
v 28.83041 9.129982 -9.479036
v 30.55503 8.643272 -12.32457
v 30.74578 8.841888 -12.25476
v 28.90809 9.328598 -9.293201
v 31.68184 8.842873 -15.58011
v 31.48126 8.644257 -15.58896
v 28.90809 9.328598 -9.293201
v 30.74578 8.841888 -12.25476
v 30.88246 8.667854 -12.20559
v 28.96315 9.15358 -9.159481
v 31.82638 8.667854 -15.57421
v 31.68184 8.842873 -15.58011
v 28.91694 8.960865 -9.270588
v 28.96315 9.15358 -9.159481
v 30.88246 8.667854 -12.20559
v 30.76938 8.475136 -12.24689
v 31.82638 8.667854 -15.57421
v 31.70741 8.475136 -15.57913
v 28.83041 9.129982 -9.479036
v 28.91694 8.960865 -9.270588
v 30.76938 8.475136 -12.24689
v 30.55503 8.643272 -12.32457
v 31.70741 8.475136 -15.57913
v 31.48126 8.644257 -15.58896
v 23.9407 8.700302 -6.369013
v 25.9957 8.824192 -7.212643
v 26.08124 9.022808 -7.038607
v 23.98396 8.889088 -6.176294
v 28.83041 9.129982 -9.479036
v 28.90809 9.328598 -9.293201
v 23.98396 8.889088 -6.176294
v 26.08124 9.022808 -7.038607
v 26.14318 8.848774 -6.91275
v 23.99773 8.709152 -6.044538
v 28.90809 9.328598 -9.293201
v 28.96315 9.15358 -9.159481
v 23.96823 8.522335 -6.160563
v 23.99773 8.709152 -6.044538
v 26.14318 8.848774 -6.91275
v 26.09206 8.656055 -7.016975
v 28.91694 8.960865 -9.270588
v 28.96315 9.15358 -9.159481
v 23.9407 8.700302 -6.369013
v 23.96823 8.522335 -6.160563
v 26.09206 8.656055 -7.016975
v 25.9957 8.824192 -7.212643
v 28.83041 9.129982 -9.479036
v 28.91694 8.960865 -9.270588
v 30.17845 8.474155 -21.14433
v 27.60233 8.553799 -23.88564
v 27.71835 8.752415 -24.05181
v 30.33774 8.672771 -21.26724
v 24.56802 9.026741 -25.8256
v 24.50705 8.828125 -25.63386
v 30.33774 8.672771 -21.26724
v 27.71835 8.752415 -24.05181
v 27.80193 8.578377 -24.17176
v 30.45278 8.498734 -21.35573
v 24.61128 8.851723 -25.96423
v 24.56802 9.026741 -25.8256
v 30.35839 8.306019 -21.28297
v 30.45278 8.498734 -21.35573
v 27.80193 8.578377 -24.17176
v 27.7331 8.385662 -24.07246
v 24.61128 8.851723 -25.96423
v 24.57588 8.659004 -25.85018
v 30.17845 8.474155 -21.14433
v 30.35839 8.306019 -21.28297
v 27.7331 8.385662 -24.07246
v 27.60233 8.553799 -23.88564
v 24.57588 8.659004 -25.85018
v 24.50705 8.828125 -25.63386
v 31.48126 8.644257 -15.58896
v 31.17252 8.451538 -18.31454
v 31.35344 8.650154 -18.38435
v 31.68184 8.842873 -15.58011
v 30.17845 8.474155 -21.14433
v 30.33774 8.672771 -21.26724
v 31.68184 8.842873 -15.58011
v 31.35344 8.650154 -18.38435
v 31.48322 8.47612 -18.43449
v 31.82638 8.667854 -15.57421
v 30.33774 8.672771 -21.26724
v 30.45278 8.498734 -21.35573
v 31.70741 8.475136 -15.57913
v 31.82638 8.667854 -15.57421
v 31.48322 8.47612 -18.43449
v 31.37605 8.283401 -18.3932
v 30.35839 8.306019 -21.28297
v 30.45278 8.498734 -21.35573
v 31.48126 8.644257 -15.58896
v 31.70741 8.475136 -15.57913
v 31.37605 8.283401 -18.3932
v 31.17252 8.451538 -18.31454
v 30.17845 8.474155 -21.14433
v 30.35839 8.306019 -21.28297
v 20.92802 8.839924 -25.84133
v 17.84552 9.069019 -25.16977
v 17.72655 9.249939 -25.35363
v 20.94473 9.032642 -26.04781
v 14.62636 9.363014 -23.35763
v 14.81809 9.190945 -23.24063
v 20.94473 9.032642 -26.04781
v 17.72655 9.249939 -25.35363
v 17.69607 9.067055 -25.48637
v 20.97915 8.855656 -26.18153
v 14.54278 9.174229 -23.45203
v 14.62636 9.363014 -23.35763
v 20.97423 8.66687 -26.05469
v 20.97915 8.855656 -26.18153
v 17.69607 9.067055 -25.48637
v 17.77965 8.886135 -25.37625
v 14.54278 9.174229 -23.45203
v 14.66864 8.998226 -23.38418
v 20.92802 8.839924 -25.84133
v 20.97423 8.66687 -26.05469
v 17.77965 8.886135 -25.37625
v 17.84552 9.069019 -25.16977
v 14.66864 8.998226 -23.38418
v 14.81809 9.190945 -23.24063
v 11.35508 8.996262 -17.03336
v 11.71397 8.884171 -12.73065
v 11.53502 9.044441 -12.58021
v 11.12303 9.157513 -17.03926
v 11.12303 9.157513 -17.03926
v 11.53502 9.044441 -12.58021
v 11.44751 8.84779 -12.50647
v 11.00996 8.960865 -17.04909
v 11.16138 8.791744 -17.04614
v 11.00996 8.960865 -17.04909
v 11.44751 8.84779 -12.50647
v 11.56451 8.678669 -12.60479
v 11.35508 8.996262 -17.03336
v 11.16138 8.791744 -17.04614
v 11.56451 8.678669 -12.60479
v 11.71397 8.884171 -12.73065
v 14.81809 9.190945 -23.24063
v 12.27835 8.952015 -20.51604
v 12.06302 9.117199 -20.57602
v 14.62636 9.363014 -23.35763
v 11.35508 8.996262 -17.03336
v 11.12303 9.157513 -17.03926
v 14.62636 9.363014 -23.35763
v 12.06302 9.117199 -20.57602
v 11.96273 8.9235 -20.6242
v 14.54278 9.174229 -23.45203
v 11.12303 9.157513 -17.03926
v 11.00996 8.960865 -17.04909
v 14.66864 8.998226 -23.38418
v 14.54278 9.174229 -23.45203
v 11.96273 8.9235 -20.6242
v 12.10432 8.751431 -20.58978
v 11.16138 8.791744 -17.04614
v 11.00996 8.960865 -17.04909
v 14.81809 9.190945 -23.24063
v 14.66864 8.998226 -23.38418
v 12.10432 8.751431 -20.58978
v 12.27835 8.952015 -20.51604
v 11.35508 8.996262 -17.03336
v 11.16138 8.791744 -17.04614
v 20.14338 8.644257 -6.132048
v 23.9407 8.700302 -6.369013
v 23.98396 8.889088 -6.176294
v 20.02638 8.859589 -5.990459
v 19.9133 8.699318 -5.877386
v 20.02638 8.859589 -5.990459
v 23.98396 8.889088 -6.176294
v 23.99773 8.709152 -6.044538
v 19.97623 8.496769 -5.958014
v 19.9133 8.699318 -5.877386
v 23.99773 8.709152 -6.044538
v 23.96823 8.522335 -6.160563
v 19.97623 8.496769 -5.958014
v 23.96823 8.522335 -6.160563
v 23.9407 8.700302 -6.369013
v 20.14338 8.644257 -6.132048
v 18.28996 8.99036 -6.681686
v 18.28209 8.79961 -6.883253
v 20.14338 8.644257 -6.132048
v 20.02638 8.859589 -5.990459
v 18.26046 8.812393 -6.548946
v 18.28996 8.99036 -6.681686
v 20.02638 8.859589 -5.990459
v 19.9133 8.699318 -5.877386
v 19.97623 8.496769 -5.958014
v 18.24866 8.624592 -6.671854
v 18.26046 8.812393 -6.548946
v 19.9133 8.699318 -5.877386
v 20.14338 8.644257 -6.132048
v 18.28209 8.79961 -6.883253
v 18.24866 8.624592 -6.671854
v 19.97623 8.496769 -5.958014
v 20.94473 9.032642 -26.04781
v 24.56802 9.026741 -25.8256
v 24.50705 8.828125 -25.63386
v 20.92802 8.839924 -25.84133
v 20.97915 8.855656 -26.18153
v 24.61128 8.851723 -25.96423
v 24.56802 9.026741 -25.8256
v 20.94473 9.032642 -26.04781
v 24.57588 8.659004 -25.85018
v 24.61128 8.851723 -25.96423
v 20.97915 8.855656 -26.18153
v 20.97423 8.66687 -26.05469
v 24.50705 8.828125 -25.63386
v 24.57588 8.659004 -25.85018
v 20.97423 8.66687 -26.05469
v 20.92802 8.839924 -25.84133
v 6.271669 0.1440468 17.6941
v 6.271669 10.71498 17.6941
v 6.009142 10.71498 17.69804
v 6.009142 0.1440468 17.69804
v 6.009142 0.1440468 17.69804
v 6.009142 10.71498 17.69804
v 6.027824 10.71498 18.09921
v 6.027824 0.1440468 18.10019
v -0.6818848 0.06341934 17.87994
v -0.6740189 5.823307 17.87994
v -5.732849 5.822323 17.87896
v -5.732849 0.06341934 17.87896
v 4.156696 5.823307 17.87994
v 7.824224 5.823307 17.87896
v 7.824224 10.71007 17.87896
v 4.156696 10.71007 17.87994
v -8.824192 5.945232 -4.535248
v -7.949097 5.965878 -5.60306
v -7.949097 10.60584 -5.60306
v -8.824192 10.60584 -4.535248
v -9.398411 5.926548 -3.437939
v -9.398411 10.60584 -3.437939
v -9.398411 10.60584 -3.437939
v -9.824158 10.60584 -2.588409
v -9.824158 6.038639 -2.588409
v -9.398411 5.926548 -3.437939
v -10.27252 6.296253 -0.330864
v -10.27252 10.60584 -0.330864
v 6.600077 14.06197 5.580444
v 6.600077 13.41401 5.580444
v 7.579395 13.41401 5.564713
v 7.579395 14.06197 5.564713
v -5.738747 14.06394 5.596176
v -6.228409 14.06394 5.604042
v -6.228409 13.41598 5.604042
v -5.738747 13.41598 5.596176
v -8.064137 10.72875 13.16623
v -8.064137 10.72875 3.166561
v 0.8549366 10.72875 3.166561
v 0.8549366 10.72875 13.16623
v 0.8549366 10.72875 13.16623
v 0.8549366 10.72875 3.166561
v 9.774012 10.72875 3.166561
v 9.774012 10.72875 13.16623
v -8.064137 10.72875 3.166561
v -8.064137 10.72875 -6.834089
v 0.8549366 10.72875 -6.834089
v 0.8549366 10.72875 3.166561
v 0.8549366 10.72875 3.166561
v 0.8549366 10.72875 -6.834089
v 9.774012 10.72875 -6.834089
v 9.774012 10.72875 3.166561
v 3.738813 10.72875 -13.3855
v 8.489885 10.72875 -12.01878
v 0.8549366 10.72875 -6.834089
v 0.8549366 10.72875 -13.4907
v 9.774012 10.72875 -6.834089
v 9.774012 10.72875 -11.11517
v 9.774012 10.72875 -6.834089
v 9.774012 10.72875 -11.11517
v 12.48385 10.72875 -9.28632
v 14.50149 10.72875 -6.834089
v 17.29687 10.72875 -0.9208145
v 17.90157 10.72875 3.166561
v 9.774012 10.72875 3.166561
v 15.67844 10.72875 -5.43984
v 9.774012 10.72875 -6.834089
v 14.50149 10.72875 -6.834089
v 16.68725 10.72875 9.064106
v 14.16521 10.72875 13.16623
v 9.774012 10.72875 13.16623
v 9.774012 10.72875 3.166561
v 17.90157 10.72875 3.166561
v 9.774012 10.72875 13.16623
v 14.16521 10.72875 13.16623
v 12.58906 10.72875 14.94985
v 9.774012 10.72875 17.05204
v 6.093702 10.72875 18.94382
v 0.8549366 10.72875 19.50132
v 0.8549366 10.72875 13.16623
v 9.774012 10.72875 17.05204
v 9.774012 10.72875 13.16623
v 0.8549366 10.72875 19.50132
v -3.283569 10.72875 19.03034
v 0.8549366 10.72875 13.16623
v -8.064137 10.72875 13.16623
v -8.064137 10.72875 16.52699
v -8.064137 10.72875 13.16623
v -8.064137 10.72875 16.52699
v -10.82806 10.72875 14.69814
v -11.888 10.72875 13.16623
v -13.9194 10.72875 9.989346
v -15.58798 10.72875 3.166561
v -8.064137 10.72875 3.166561
v -8.064137 10.72875 13.16623
v -11.888 10.72875 13.16623
v -12.44256 10.72875 -6.114349
v -12.02664 10.72875 -6.834089
v -8.064137 10.72875 -6.834089
v -8.325684 10.72875 -5.504734
v -8.064137 10.72875 3.166561
v -9.54393 10.72875 -3.305201
v -10.1093 10.72875 -0.3328304
v -15.58798 10.72875 3.166561
v -14.98426 10.72875 -0.525547
v -8.064137 10.72875 -6.834089
v -12.02664 10.72875 -6.834089
v -11.07486 10.72875 -8.447605
v -8.064137 10.72875 -11.13877
v -8.064137 10.72875 -11.13877
v -1.220707 10.72875 -13.49562
v 0.8549366 10.72875 -6.834089
v -8.064137 10.72875 -6.834089
v 0.8549366 10.72875 -13.4907
v -0.9886589 13.77486 19.59768
v -0.9709625 13.77486 19.18766
v -2.5186 13.78765 19.00478
v -2.536297 13.78765 19.41381
v 1.750679 13.73848 19.73927
v 3.527414 13.73848 19.5318
v 3.527414 13.73848 19.08737
v 1.750679 13.73848 19.30959
v 0.03195572 13.75618 19.66454
v 0.03195572 13.75618 19.18176
v -2.536297 13.78765 19.41381
v -2.5186 13.78765 19.00478
v -2.517616 11.52322 19.00085
v -2.536297 11.52322 19.41086
v 1.748713 11.52912 19.73927
v 0.03195572 11.52027 19.66454
v 0.03195572 11.52027 19.18176
v 1.748713 11.52912 19.30959
v 3.527414 11.5242 19.53278
v 3.527414 11.5242 19.08737
v 3.527414 11.5242 19.53278
v 3.527414 11.5242 19.08737
v 3.527414 13.73848 19.08737
v 3.527414 13.73848 19.5318
v 0.03195572 13.75618 19.66454
v 0.03195572 13.75618 19.18176
v 0.03195572 11.52027 19.18176
v 0.03195572 11.52027 19.66454
v -2.536297 11.52322 19.41086
v -2.517616 11.52322 19.00085
v -0.9709625 11.52912 19.18472
v -0.9886589 11.52912 19.59473
v -0.9886589 11.52912 19.59473
v -0.9709625 11.52912 19.18472
v -0.9709625 13.77486 19.18766
v -0.9886589 13.77486 19.59768
v -2.536297 13.78765 19.41381
v -2.797844 14.01871 19.39513
v -0.7634964 14.00396 19.61538
v -0.9886589 13.77486 19.59768
v -2.536297 11.52322 19.41086
v -2.798824 11.31772 19.39218
v -0.9886589 11.52912 19.59473
v -0.7634964 11.3246 19.61243
v 3.527414 13.73848 19.5318
v 1.750679 13.73848 19.73927
v 1.746746 13.96463 19.7491
v 3.786011 13.96463 19.45118
v 3.781094 11.32067 19.45314
v 3.527414 11.5242 19.53278
v 1.746746 11.32755 19.75107
v 1.748713 11.52912 19.73927
v 0.03195572 11.52027 19.66454
v -0.2600708 11.31772 19.66651
v 0.03195572 13.75618 19.66454
v -0.2600708 13.98429 19.66651
v -2.5186 13.78765 19.00478
v -0.9709625 13.77486 19.18766
v -0.7457962 14.00396 19.21225
v -2.780144 14.01773 18.99298
v -2.517616 11.52322 19.00085
v -2.780144 11.31575 18.98905
v -0.9709625 11.52912 19.18472
v -0.7457962 11.3246 19.21028
v 1.746746 13.96463 19.30959
v 1.750679 13.73848 19.30959
v 3.527414 13.73848 19.08737
v 3.781094 13.96463 19.02838
v 3.781094 11.32067 19.02838
v 3.527414 11.5242 19.08737
v 1.746746 11.32755 19.30959
v 1.748713 11.52912 19.30959
v 0.03195572 11.52027 19.18176
v -0.2630196 11.31772 19.18472
v 0.03195572 13.75618 19.18176
v -0.2630196 13.98429 19.18472
v -0.7634964 14.00396 19.61538
v -2.797844 14.01871 19.39513
v -2.780144 14.01773 18.99298
v -0.7457962 14.00396 19.21225
v -2.797844 14.01871 19.39513
v -2.798824 11.31772 19.39218
v -2.780144 11.31575 18.98905
v -2.780144 14.01773 18.99298
v -2.798824 11.31772 19.39218
v -0.7634964 11.3246 19.61243
v -0.7457962 11.3246 19.21028
v -2.780144 11.31575 18.98905
v -0.7634964 11.3246 19.61243
v -0.7634964 14.00396 19.61538
v -0.7457962 14.00396 19.21225
v -0.7457962 11.3246 19.21028
v 6.10845 13.78076 19.05198
v 6.018974 13.78076 18.65179
v 4.477236 13.79354 18.87892
v 4.566711 13.79354 19.27911
v 4.566711 13.79354 19.27911
v 4.477236 13.79354 18.87892
v 4.476254 11.52912 18.87597
v 4.565729 11.52912 19.27616
v 4.565729 11.52912 19.27616
v 4.476254 11.52912 18.87597
v 6.017992 11.53502 18.64884
v 6.107468 11.53502 19.04903
v 6.107468 11.53502 19.04903
v 6.017992 11.53502 18.64884
v 6.018974 13.78076 18.65179
v 6.10845 13.78076 19.05198
v 4.566711 13.79354 19.27911
v 4.309099 14.02461 19.33023
v 6.330666 14.00986 19.00969
v 6.10845 13.78076 19.05198
v 4.565729 11.52912 19.27616
v 4.308117 11.32362 19.3263
v 6.107468 11.53502 19.04903
v 6.330666 11.3305 19.00773
v 4.477236 13.79354 18.87892
v 6.018974 13.78076 18.65179
v 6.243156 14.00986 18.61639
v 4.22159 14.02362 18.93694
v 4.476254 11.52912 18.87597
v 4.220608 11.32264 18.933
v 6.017992 11.53502 18.64884
v 6.242172 11.3305 18.61443
v 6.330666 14.00986 19.00969
v 4.309099 14.02461 19.33023
v 4.22159 14.02362 18.93694
v 6.243156 14.00986 18.61639
v 4.309099 14.02461 19.33023
v 4.308117 11.32362 19.3263
v 4.220608 11.32264 18.933
v 4.22159 14.02362 18.93694
v 4.308117 11.32362 19.3263
v 6.330666 11.3305 19.00773
v 6.242172 11.3305 18.61443
v 4.220608 11.32264 18.933
v 6.330666 11.3305 19.00773
v 6.330666 14.00986 19.00969
v 6.243156 14.00986 18.61639
v 6.242172 11.3305 18.61443
v 3.786011 13.96463 19.45118
v 1.707417 13.96463 19.75795
v 1.746746 13.96463 19.30959
v 3.781094 13.96463 19.02838
v -0.2600708 13.98429 19.66651
v -0.2630196 13.98429 19.18472
v -0.2630196 11.31772 19.18472
v -0.2600708 11.31772 19.66651
v 1.746746 11.32755 19.75107
v 1.746746 11.32755 19.30959
v 3.781094 11.32067 19.45314
v 3.781094 11.32067 19.02838
v 3.781094 11.32067 19.45314
v 3.786011 13.96463 19.45118
v 3.781094 13.96463 19.02838
v 3.781094 11.32067 19.02838
v -0.2600708 13.98429 19.66651
v -0.2600708 11.31772 19.66651
v -0.2630196 11.31772 19.18472
v -0.2630196 13.98429 19.18472
v -9.167347 14.78958 15.06489
v -9.167347 13.37271 15.06489
v -7.863556 13.37271 15.86624
v -7.863556 14.78958 15.86624
v -9.167347 14.78958 15.06489
v -9.27747 14.78958 15.22319
v -9.27747 13.37271 15.22221
v -9.167347 13.37271 15.06489
v -7.863556 14.78958 15.86624
v -7.973679 14.78958 16.02454
v -9.27747 14.78958 15.22319
v -9.167347 14.78958 15.06489
v -7.863556 13.37271 15.86624
v -7.973679 13.37271 16.02454
v -7.973679 14.78958 16.02454
v -7.863556 14.78958 15.86624
v -9.167347 13.37271 15.06489
v -9.27747 13.37271 15.22221
v -7.973679 13.37271 16.02454
v -7.863556 13.37271 15.86624
v -14.14162 10.52423 -18.69997
v -14.51525 14.70404 -18.42466
v -16.89374 14.70404 -20.5947
v -16.65382 10.52423 -20.99193
v -12.69722 10.52423 -15.62043
v -13.14853 14.70404 -15.50932
v -14.14162 10.52423 -18.69997
v -12.54187 10.52423 -12.22329
v -13.00105 14.70404 -12.2931
v -13.14853 14.70404 -15.50932
v -12.69722 10.52423 -15.62043
v -13.69817 10.52423 -9.024775
v -14.09639 14.70404 -9.264688
v -12.54187 10.52423 -12.22329
v -15.99111 10.52423 -6.512568
v -16.26642 14.70404 -6.886202
v -14.09639 14.70404 -9.264688
v -13.69817 10.52423 -9.024775
v -19.06967 10.52423 -5.068171
v -19.18176 14.70404 -5.519484
v -15.99111 10.52423 -6.512568
v -22.46779 10.52423 -4.912817
v -22.39798 14.70404 -5.371996
v -19.18176 14.70404 -5.519484
v -19.06967 10.52423 -5.068171
v -25.66631 10.52423 -6.06912
v -25.4264 14.70404 -6.466354
v -22.46779 10.52423 -4.912817
v -22.83848 7.042542 -2.472385
v -22.46779 10.52423 -4.912817
v -19.06967 10.52423 -5.068171
v -18.47874 7.304085 -2.671986
v -26.94257 7.042542 -3.956112
v -25.66631 10.52423 -6.06912
v -15.99111 10.52423 -6.512568
v -14.82498 8.353214 -4.678802
v -18.47874 7.304085 -2.671986
v -19.06967 10.52423 -5.068171
v -13.69817 10.52423 -9.024775
v -11.58516 7.042542 -7.748514
v -12.54187 10.52423 -12.22329
v -10.36003 7.857655 -11.90079
v -11.58516 7.042542 -7.748514
v -13.69817 10.52423 -9.024775
v -12.69722 10.52423 -15.62043
v -10.30104 7.200844 -16.21234
v -14.14162 10.52423 -18.69997
v -12.15348 7.042542 -20.16403
v -10.30104 7.200844 -16.21234
v -12.69722 10.52423 -15.62043
v -16.65382 10.52423 -20.99193
v -15.37756 7.042542 -23.10592
v -25.66631 10.52423 -6.06912
v -28.17852 10.52423 -8.36108
v -27.80488 14.70404 -8.637373
v -25.4264 14.70404 -6.466354
v -29.62193 10.52423 -11.44062
v -29.1716 14.70404 -11.55272
v -28.17852 10.52423 -8.36108
v -29.77827 10.52423 -14.83874
v -29.31909 14.70404 -14.76893
v -29.1716 14.70404 -11.55272
v -29.62193 10.52423 -11.44062
v -28.62098 10.52423 -18.03726
v -28.22375 14.70404 -17.79636
v -29.77827 10.52423 -14.83874
v -26.32902 10.52423 -20.54947
v -26.05371 14.70404 -20.17485
v -28.22375 14.70404 -17.79636
v -28.62098 10.52423 -18.03726
v -23.24948 10.52423 -21.99288
v -23.13837 14.70404 -21.54255
v -26.32902 10.52423 -20.54947
v -19.85234 10.52423 -22.14823
v -19.92215 14.70404 -21.68906
v -23.13837 14.70404 -21.54255
v -23.24948 10.52423 -21.99288
v -16.65382 10.52423 -20.99193
v -16.89374 14.70404 -20.5947
v -19.85234 10.52423 -22.14823
v -19.48166 7.042542 -24.58965
v -19.85234 10.52423 -22.14823
v -23.24948 10.52423 -21.99288
v -23.84139 7.042542 -24.39005
v -15.37756 7.042542 -23.10592
v -16.65382 10.52423 -20.99193
v -26.32902 10.52423 -20.54947
v -27.79308 7.042542 -22.53662
v -23.84139 7.042542 -24.39005
v -23.24948 10.52423 -21.99288
v -28.62098 10.52423 -18.03726
v -30.73497 7.042542 -19.31352
v -29.77827 10.52423 -14.83874
v -32.2187 7.042542 -15.20844
v -30.73497 7.042542 -19.31352
v -28.62098 10.52423 -18.03726
v -29.62193 10.52423 -11.44062
v -32.0191 7.042542 -10.84871
v -28.17852 10.52423 -8.36108
v -30.16665 7.042542 -6.898001
v -32.0191 7.042542 -10.84871
v -29.62193 10.52423 -11.44062
v -25.66631 10.52423 -6.06912
v -26.94257 7.042542 -3.956112
v -22.83848 7.042542 -2.472385
v -18.47874 7.304085 -2.671986
v -18.5043 7.080887 -2.775229
v -22.82176 6.818359 -2.577595
v -26.94257 7.042542 -3.956112
v -22.83848 7.042542 -2.472385
v -22.82176 6.818359 -2.577595
v -26.88652 6.818359 -4.047556
v -30.16665 7.042542 -6.898001
v -30.08012 6.818359 -6.96093
v -10.30104 7.200844 -16.21234
v -12.15348 7.042542 -20.16403
v -12.24001 6.818359 -20.10012
v -10.40526 6.977646 -16.18678
v -12.15348 7.042542 -20.16403
v -15.37756 7.042542 -23.10592
v -15.43262 6.818359 -23.0135
v -12.24001 6.818359 -20.10012
v -19.49739 6.818359 -24.48346
v -19.48166 7.042542 -24.58965
v -19.48166 7.042542 -24.58965
v -23.84139 7.042542 -24.39005
v -23.81583 6.818359 -24.28582
v -19.49739 6.818359 -24.48346
v -27.72917 6.818359 -22.45108
v -27.79308 7.042542 -22.53662
v -27.79308 7.042542 -22.53662
v -30.73497 7.042542 -19.31352
v -30.64254 6.818359 -19.25747
v -27.72917 6.818359 -22.45108
v -32.1125 6.818359 -15.19271
v -32.2187 7.042542 -15.20844
v -32.2187 7.042542 -15.20844
v -32.0191 7.042542 -10.84871
v -31.91487 6.818359 -10.87525
v -32.1125 6.818359 -15.19271
v -30.08012 6.818359 -6.96093
v -30.16665 7.042542 -6.898001
v -1.946346 10.70908 5.601093
v -1.946346 10.70908 5.94228
v -1.946346 14.04034 5.94228
v -1.946346 14.04034 5.601093
v -1.946346 14.04034 5.601093
v -1.946346 14.04034 5.94228
v 4.710266 14.04034 5.94228
v 4.710266 14.04034 5.586346
v 4.710266 14.04034 5.586346
v 4.710266 14.04034 5.94228
v 4.710266 10.70908 5.94228
v 4.710266 10.70908 5.586346
v -17.52105 14.90659 -20.86607
v -15.40706 14.90659 -19.37055
v -21.18366 14.90659 -13.44351
v -13.85844 14.90659 -17.2949
v -19.99393 14.90659 -21.63498
v -22.58381 14.90659 -21.60155
v -25.03506 14.90659 -20.76971
v -25.03506 14.90659 -20.76971
v -21.18366 14.90659 -13.44351
v -27.11071 14.90659 -19.22109
v -28.60623 14.90659 -17.1071
v -29.37513 14.90659 -14.63423
v -29.3417 14.90659 -12.04434
v -28.51086 14.90659 -9.592112
v -22.37537 14.90659 -5.253021
v -21.18366 14.90659 -13.44351
v -19.78548 14.90659 -5.286451
v -24.84726 14.90659 -6.021925
v -17.33325 14.90659 -6.1173
v -26.96223 14.90659 -7.51745
v -28.51086 14.90659 -9.592112
v -17.33325 14.90659 -6.1173
v -21.18366 14.90659 -13.44351
v -15.25761 14.90659 -7.66592
v -13.76208 14.90659 -9.780895
v -12.99318 14.90659 -12.25279
v -13.02661 14.90659 -14.84267
v -13.85844 14.90659 -17.2949
v -15.23794 14.57031 -19.54557
v -15.23794 15.31464 -19.54557
v -17.41388 15.31464 -21.08435
v -17.41388 14.57031 -21.08435
v -13.64409 14.57031 -17.40896
v -13.64409 15.31464 -17.40896
v -12.78866 14.57031 -14.88594
v -12.78866 15.31464 -14.88594
v -12.75425 14.57031 -12.22132
v -12.75425 15.31464 -12.22132
v -13.54478 14.57031 -9.67667
v -13.54478 15.31464 -9.67667
v -25.14617 14.57031 -20.98603
v -25.14617 15.31464 -20.98603
v -27.28277 15.31464 -19.39218
v -27.28277 14.57031 -19.39218
v -22.62315 14.57031 -21.84146
v -22.62315 15.31464 -21.84146
v -19.95853 14.57031 -21.87587
v -19.95853 15.31464 -21.87587
v -17.41388 14.57031 -21.08435
v -17.41388 15.31464 -21.08435
v -28.82156 15.31464 -17.21624
v -28.82156 14.57031 -17.21624
v -29.61308 14.57031 -14.67159
v -29.61308 15.31464 -14.67159
v -29.57867 15.31464 -12.00599
v -29.57867 14.57031 -12.00599
v -28.72324 15.31464 -9.482969
v -28.72324 14.57031 -9.482969
v -27.12939 15.31464 -7.347347
v -27.12939 14.57031 -7.347347
v -24.8974 15.31464 -5.936382
v -24.8974 14.57031 -5.936382
v -28.82156 14.57031 -17.21624
v -28.82156 15.31464 -17.21624
v -22.40879 14.57031 -5.01704
v -22.40879 15.31464 -5.01704
v -19.7432 15.31464 -5.051455
v -19.7432 14.57031 -5.051455
v -24.8974 14.57031 -5.936382
v -24.8974 15.31464 -5.936382
v -17.22018 15.31464 -5.906883
v -17.22018 14.57031 -5.906883
v -15.08455 15.31464 -7.500734
v -15.08455 14.57031 -7.500734
v -13.54478 15.31464 -9.67667
v -13.54478 14.57031 -9.67667
v -17.52105 15.31267 -20.86804
v -17.41388 15.31464 -21.08435
v -15.23794 15.31464 -19.54557
v -15.40608 15.31267 -19.37251
v -13.64409 15.31464 -17.40896
v -13.85746 15.31267 -17.29687
v -12.78866 15.31464 -14.88594
v -13.02661 15.31267 -14.84464
v -19.99295 15.31267 -21.63596
v -19.95853 15.31464 -21.87587
v -22.58185 15.31267 -21.60351
v -22.62315 15.31464 -21.84146
v -25.03408 15.31267 -20.77168
v -25.14617 15.31464 -20.98603
v -27.10972 15.31267 -19.22306
v -27.28277 15.31464 -19.39218
v -12.75425 15.31464 -12.22132
v -12.99318 15.31267 -12.25574
v -13.54478 15.31464 -9.67667
v -13.76208 15.31267 -9.783844
v -28.60525 15.31267 -17.10907
v -28.82156 15.31464 -17.21624
v -29.37317 15.31267 -14.63717
v -29.61308 15.31464 -14.67159
v -29.34072 15.31267 -12.04729
v -29.57867 15.31464 -12.00599
v -28.50889 15.31267 -9.59506
v -28.72324 15.31464 -9.482969
v -26.96027 15.31267 -7.520399
v -27.12939 15.31464 -7.347347
v -24.79023 15.31267 -6.152697
v -24.8974 15.31464 -5.936382
v -22.37438 15.31267 -5.255972
v -22.40879 15.31464 -5.01704
v -19.7845 15.31267 -5.289402
v -19.7432 15.31464 -5.051455
v -17.33227 15.31267 -6.121233
v -17.22018 15.31464 -5.906883
v -15.25761 15.31267 -7.668871
v -15.08455 15.31464 -7.500734
v -13.76208 15.31267 -9.783844
v -13.54478 15.31464 -9.67667
v -17.52105 14.61063 -20.86804
v -17.52105 15.31267 -20.86804
v -15.40608 15.31267 -19.37251
v -15.40608 14.61063 -19.37251
v -13.85746 15.31267 -17.29687
v -13.85746 14.61063 -17.29687
v -13.02661 15.31267 -14.84464
v -13.02661 14.61063 -14.84464
v -12.99318 15.31267 -12.25574
v -12.99318 14.61063 -12.25574
v -13.76208 15.31267 -9.783844
v -13.76208 14.61063 -9.783844
v -27.10972 14.61063 -19.22306
v -27.10972 15.31267 -19.22306
v -25.03408 15.31267 -20.77168
v -25.03408 14.61063 -20.77168
v -22.58185 15.31267 -21.60351
v -22.58185 14.61063 -21.60351
v -19.99295 15.31267 -21.63596
v -19.99295 14.61063 -21.63596
v -17.52105 15.31267 -20.86804
v -17.52105 14.61063 -20.86804
v -28.60525 14.61063 -17.10907
v -28.60525 15.31267 -17.10907
v -29.34072 14.61063 -12.04729
v -29.34072 15.31267 -12.04729
v -29.37317 15.31267 -14.63717
v -29.37317 14.61063 -14.63717
v -28.50889 14.61063 -9.59506
v -28.50889 15.31267 -9.59506
v -26.96027 14.61063 -7.520399
v -26.96027 15.31267 -7.520399
v -24.79023 14.61063 -6.152697
v -24.79023 15.31267 -6.152697
v -28.60525 15.31267 -17.10907
v -28.60525 14.61063 -17.10907
v -19.7845 14.61063 -5.289402
v -19.7845 15.31267 -5.289402
v -22.37438 15.31267 -5.255972
v -22.37438 14.61063 -5.255972
v -24.79023 15.31267 -6.152697
v -24.79023 14.61063 -6.152697
v -17.33227 14.61063 -6.121233
v -17.33227 15.31267 -6.121233
v -15.25761 14.61063 -7.668871
v -15.25761 15.31267 -7.668871
v -13.76208 14.61063 -9.783844
v -13.76208 15.31267 -9.783844
v -18.03726 14.5713 -19.81989
v -16.22218 14.5713 -18.53577
v -15.23794 14.57031 -19.54557
v -17.41388 14.57031 -21.08435
v -13.64409 14.57031 -17.40896
v -14.89184 14.5713 -16.75412
v -12.78866 14.57031 -14.88594
v -14.178 14.5713 -14.64799
v -20.16108 14.5713 -20.48064
v -19.95853 14.57031 -21.87587
v -22.38421 14.5713 -20.45213
v -22.62315 14.57031 -21.84146
v -24.49034 14.5713 -19.73829
v -25.14617 14.57031 -20.98603
v -26.27199 14.5713 -18.40794
v -27.28277 14.57031 -19.39218
v -12.75425 14.57031 -12.22132
v -14.14948 14.5713 -12.42486
v -13.54478 14.57031 -9.67667
v -14.80924 14.5713 -10.30202
v -27.55612 14.5713 -16.59286
v -28.82156 14.57031 -17.21624
v -28.21588 14.5713 -14.46904
v -29.61308 14.57031 -14.67159
v -28.18737 14.5713 -12.24591
v -29.57867 14.57031 -12.00599
v -27.47353 14.5713 -10.13978
v -28.72324 14.57031 -9.482969
v -26.14417 14.5713 -8.35813
v -27.12939 14.57031 -7.347347
v -24.27992 14.5713 -7.184128
v -24.8974 14.57031 -5.936382
v -22.20526 14.5713 -6.414242
v -22.40879 14.57031 -5.01704
v -19.98213 14.5713 -6.442757
v -19.7432 14.57031 -5.051455
v -17.87601 14.5713 -7.156597
v -17.22018 14.57031 -5.906883
v -16.09435 14.5713 -8.485952
v -15.08455 14.57031 -7.500734
v -14.80924 14.5713 -10.30202
v -13.54478 14.57031 -9.67667
v -18.5043 7.080887 -2.775229
v -18.57116 7.015007 -4.484119
v -22.58873 6.916683 -4.11245
v -22.82176 6.818359 -2.577595
v -22.82176 6.818359 -2.577595
v -22.58873 6.916683 -4.11245
v -26.08419 7.034672 -5.375929
v -26.88652 6.818359 -4.047556
v -12.24001 6.818359 -20.10012
v -13.48972 7.034672 -19.1798
v -11.83097 6.973713 -15.40116
v -10.40526 6.977646 -16.18678
v -15.43262 6.818359 -23.0135
v -16.23496 7.034672 -21.68512
v -23.81583 6.818359 -24.28582
v -23.44416 7.034672 -22.77948
v -19.73042 7.034672 -22.94958
v -19.49739 6.818359 -24.48346
v -27.72917 6.818359 -22.45108
v -26.80885 7.034672 -21.20136
v -30.64254 6.818359 -19.25747
v -29.31417 7.034672 -18.45514
v -19.49739 6.818359 -24.48346
v -19.73042 7.034672 -22.94958
v -16.23496 7.034672 -21.68512
v -15.43262 6.818359 -23.0135
v -32.1125 6.818359 -15.19271
v -30.57863 7.034672 -14.95968
v -29.31417 7.034672 -18.45514
v -30.64254 6.818359 -19.25747
v -31.91487 6.818359 -10.87525
v -30.40853 7.034672 -11.24692
v -30.57863 7.034672 -14.95968
v -32.1125 6.818359 -15.19271
v -30.08012 6.818359 -6.96093
v -28.83041 7.034672 -7.881252
v -30.40853 7.034672 -11.24692
v -31.91487 6.818359 -10.87525
v -26.88652 6.818359 -4.047556
v -26.08419 7.034672 -5.375929
v 13.48185 10.52423 -20.24269
v 13.88794 14.70404 -20.01654
v 12.90665 14.70404 -16.95077
v 12.44452 10.52423 -17.00288
v 15.67942 10.52423 -22.83749
v 15.9685 14.70404 -22.47467
v 13.48185 10.52423 -20.24269
v 18.70292 10.52423 -24.39496
v 18.83173 14.70404 -23.94857
v 15.9685 14.70404 -22.47467
v 15.67942 10.52423 -22.83749
v 22.09317 10.52423 -24.67617
v 22.04008 14.70404 -24.21503
v 18.70292 10.52423 -24.39496
v 25.332 10.52423 -23.63884
v 25.10684 14.70404 -23.23276
v 22.04008 14.70404 -24.21503
v 22.09317 10.52423 -24.67617
v 27.92779 10.52423 -21.44128
v 27.56398 14.70404 -21.1522
v 25.332 10.52423 -23.63884
v 29.48427 10.52423 -18.41778
v 29.03788 14.70404 -18.28996
v 27.56398 14.70404 -21.1522
v 27.92779 10.52423 -21.44128
v 29.76548 10.52423 -15.02851
v 29.30434 14.70404 -15.08062
v 29.48427 10.52423 -18.41778
v 31.85784 7.042542 -19.09819
v 29.48427 10.52423 -18.41778
v 27.92779 10.52423 -21.44128
v 29.85988 7.042542 -22.9781
v 32.2187 7.042542 -14.74828
v 29.76548 10.52423 -15.02851
v 25.332 10.52423 -23.63884
v 26.52862 7.042542 -25.79806
v 29.85988 7.042542 -22.9781
v 27.92779 10.52423 -21.44128
v 22.09317 10.52423 -24.67617
v 22.37242 7.042542 -27.12939
v 18.70292 10.52423 -24.39496
v 18.02251 7.042542 -26.76853
v 22.37242 7.042542 -27.12939
v 22.09317 10.52423 -24.67617
v 15.67942 10.52423 -22.83749
v 14.1426 7.042542 -24.76958
v 13.48185 10.52423 -20.24269
v 11.32263 7.042542 -21.43931
v 14.1426 7.042542 -24.76958
v 15.67942 10.52423 -22.83749
v 12.44452 10.52423 -17.00288
v 9.992294 7.155613 -17.2831
v 28.72914 10.52423 -11.78968
v 28.32207 14.70404 -12.01484
v 29.30434 14.70404 -15.08062
v 29.76548 10.52423 -15.02851
v 26.53059 10.52423 -9.193893
v 26.24151 14.70404 -9.556713
v 28.72914 10.52423 -11.78968
v 23.50709 10.52423 -7.636423
v 23.37926 14.70404 -8.082819
v 26.24151 14.70404 -9.556713
v 26.53059 10.52423 -9.193893
v 20.11782 10.52423 -7.355213
v 20.17091 14.70404 -7.816359
v 23.50709 10.52423 -7.636423
v 16.87899 10.52423 -8.392544
v 17.10415 14.70404 -8.798626
v 20.17091 14.70404 -7.816359
v 20.11782 10.52423 -7.355213
v 14.28321 10.52423 -10.59011
v 14.64701 14.70404 -10.87919
v 16.87899 10.52423 -8.392544
v 12.72573 10.52423 -13.61361
v 13.17311 14.70404 -13.74143
v 14.64701 14.70404 -10.87919
v 14.28321 10.52423 -10.59011
v 12.72573 10.52423 -13.61361
v 12.90665 14.70404 -16.95077
v 12.44452 10.52423 -17.00288
v 10.35315 7.772114 -12.9332
v 12.72573 10.52423 -13.61361
v 14.28321 10.52423 -10.59011
v 12.35111 7.042542 -9.053289
v 9.992294 7.155613 -17.2831
v 12.44452 10.52423 -17.00288
v 16.87899 10.52423 -8.392544
v 15.68139 7.042542 -6.233324
v 12.35111 7.042542 -9.053289
v 14.28321 10.52423 -10.59011
v 20.11782 10.52423 -7.355213
v 19.83858 7.318832 -4.902
v 23.50709 10.52423 -7.636423
v 24.1875 7.042542 -5.263838
v 19.83858 7.318832 -4.902
v 20.11782 10.52423 -7.355213
v 26.53059 10.52423 -9.193893
v 28.06741 7.042542 -7.261805
v 28.72914 10.52423 -11.78968
v 30.88737 7.042542 -10.59208
v 28.06741 7.042542 -7.261805
v 26.53059 10.52423 -9.193893
v 29.76548 10.52423 -15.02851
v 32.2187 7.042542 -14.74828
v 31.85784 7.042542 -19.09819
v 29.85988 7.042542 -22.9781
v 29.77532 6.818359 -22.91124
v 31.7546 6.818359 -19.06869
v 26.47651 6.818359 -25.70465
v 26.52862 7.042542 -25.79806
v 32.2187 7.042542 -14.74828
v 31.85784 7.042542 -19.09819
v 31.7546 6.818359 -19.06869
v 32.11251 6.818359 -14.76106
v 30.88737 7.042542 -10.59208
v 30.79396 6.818359 -10.64419
v 26.52862 7.042542 -25.79806
v 22.37242 7.042542 -27.12939
v 22.36061 6.818359 -27.02221
v 26.47651 6.818359 -25.70465
v 18.05299 6.818359 -26.66529
v 18.02251 7.042542 -26.76853
v 18.02251 7.042542 -26.76853
v 14.1426 7.042542 -24.76958
v 14.20946 6.818359 -24.68601
v 18.05299 6.818359 -26.66529
v 11.41604 6.818359 -21.3872
v 11.32263 7.042542 -21.43931
v 11.32263 7.042542 -21.43931
v 9.992294 7.155613 -17.2831
v 10.09849 6.932415 -17.27032
v 11.41604 6.818359 -21.3872
v 19.83858 7.318832 -4.902
v 24.1875 7.042542 -5.263838
v 24.158 6.818359 -5.366095
v 19.85038 7.095634 -5.009174
v 24.1875 7.042542 -5.263838
v 28.06741 7.042542 -7.261805
v 28.00055 6.818359 -7.345381
v 24.158 6.818359 -5.366095
v 30.79396 6.818359 -10.64419
v 30.88737 7.042542 -10.59208
v 12.9214 14.90659 -16.26741
v 13.39926 14.90659 -18.81206
v 21.19448 14.90659 -16.03044
v 14.64111 14.90659 -21.08534
v 13.25276 14.90659 -13.69915
v 14.36186 14.90659 -11.35901
v 16.13958 14.90659 -9.476088
v 16.13958 14.90659 -9.476088
v 21.19448 14.90659 -16.03044
v 18.41188 14.90659 -8.235224
v 20.95752 14.90659 -7.75638
v 23.52479 14.90659 -8.087736
v 25.86493 14.90659 -9.196844
v 27.74883 14.90659 -10.97456
v 29.1362 14.90659 -18.35976
v 21.19448 14.90659 -16.03044
v 28.0271 14.90659 -20.70089
v 29.46854 14.90659 -15.7925
v 26.24938 14.90659 -22.58381
v 28.9897 14.90659 -13.24686
v 27.74883 14.90659 -10.97456
v 26.24938 14.90659 -22.58381
v 21.19448 14.90659 -16.03044
v 23.97708 14.90659 -23.82468
v 21.43243 14.90659 -24.30352
v 18.86417 14.90659 -23.97216
v 16.52403 14.90659 -22.86208
v 14.64111 14.90659 -21.08534
v 13.17016 14.57031 -18.89367
v 13.17016 15.31464 -18.89367
v 12.67756 15.31464 -16.27429
v 12.67756 14.57031 -16.27429
v 14.44741 14.57031 -21.23184
v 14.44741 15.31464 -21.23184
v 16.3854 14.57031 -23.06167
v 16.3854 15.31464 -23.06167
v 18.79338 14.57031 -24.20323
v 18.79338 15.31464 -24.20323
v 21.43636 14.57031 -24.54442
v 21.43636 15.31464 -24.54442
v 15.98915 14.57031 -9.285336
v 15.98915 15.31464 -9.285336
v 18.3283 15.31464 -8.008093
v 18.3283 14.57031 -8.008093
v 14.1603 14.57031 -11.22234
v 14.1603 15.31464 -11.22234
v 20.94768 15.31464 -7.515484
v 20.94768 14.57031 -7.515484
v 23.59066 14.57031 -7.856672
v 23.59066 15.31464 -7.856672
v 25.99865 15.31464 -8.998226
v 25.99865 14.57031 -8.998226
v 27.93664 15.31464 -10.82707
v 27.93664 14.57031 -10.82707
v 29.21388 15.31464 -13.16623
v 29.21388 14.57031 -13.16623
v 29.56687 15.31464 -15.78266
v 29.56687 14.57031 -15.78266
v 20.94768 14.57031 -7.515484
v 20.94768 15.31464 -7.515484
v 29.3653 14.57031 -18.42761
v 29.3653 15.31464 -18.42761
v 28.22375 15.31464 -20.83658
v 28.22375 14.57031 -20.83658
v 29.56687 14.57031 -15.78266
v 29.56687 15.31464 -15.78266
v 26.39391 15.31464 -22.77456
v 26.39391 14.57031 -22.77456
v 24.05574 15.31464 -24.05181
v 24.05574 14.57031 -24.05181
v 21.43636 15.31464 -24.54442
v 21.43636 14.57031 -24.54442
v 12.67756 14.57031 -16.27429
v 12.67756 15.31464 -16.27429
v 13.01874 15.31464 -13.63131
v 13.01874 14.57031 -13.63131
v 14.1603 15.31464 -11.22234
v 14.1603 14.57031 -11.22234
v 12.91943 15.31267 -16.26741
v 12.67756 15.31464 -16.27429
v 13.17016 15.31464 -18.89367
v 13.39729 15.31267 -18.81206
v 14.44741 15.31464 -21.23184
v 14.63914 15.31267 -21.08435
v 16.3854 15.31464 -23.06167
v 16.52108 15.31267 -22.86208
v 13.25079 15.31267 -13.69915
v 13.01874 15.31464 -13.63131
v 14.3599 15.31267 -11.35901
v 14.1603 15.31464 -11.22234
v 18.79338 15.31464 -24.20323
v 18.86122 15.31267 -23.97118
v 21.43636 15.31464 -24.54442
v 21.42948 15.31267 -24.30254
v 24.05574 15.31464 -24.05181
v 23.97413 15.31267 -23.82369
v 26.39391 15.31464 -22.77456
v 26.24643 15.31267 -22.58283
v 28.22375 15.31464 -20.83658
v 28.02415 15.31267 -20.69991
v 29.3653 15.31464 -18.42761
v 29.13325 15.31267 -18.35976
v 29.56687 15.31464 -15.78266
v 29.32499 15.31267 -15.78955
v 29.21388 15.31464 -13.16623
v 28.98577 15.31267 -13.24686
v 27.93664 15.31464 -10.82707
v 27.7449 15.31267 -10.97555
v 25.99865 15.31464 -8.998226
v 25.86197 15.31267 -9.197826
v 23.59066 15.31464 -7.856672
v 23.52184 15.31267 -8.088718
v 20.94768 15.31464 -7.515484
v 20.95457 15.31267 -7.75638
v 18.3283 15.31464 -8.008093
v 18.40991 15.31267 -8.235224
v 15.98915 15.31464 -9.285336
v 16.13663 15.31267 -9.47707
v 14.1603 15.31464 -11.22234
v 14.3599 15.31267 -11.35901
v 12.91943 14.61063 -16.26741
v 12.91943 15.31267 -16.26741
v 13.39729 15.31267 -18.81206
v 13.39729 14.61063 -18.81206
v 14.63914 15.31267 -21.08435
v 14.63914 14.61063 -21.08435
v 16.52108 15.31267 -22.86208
v 16.52108 14.61063 -22.86208
v 18.86122 15.31267 -23.97118
v 18.86122 14.61063 -23.97118
v 21.42948 15.31267 -24.30254
v 21.42948 14.61063 -24.30254
v 18.40991 14.61063 -8.235224
v 18.40991 15.31267 -8.235224
v 16.13663 15.31267 -9.47707
v 16.13663 14.61063 -9.47707
v 14.3599 15.31267 -11.35901
v 14.3599 14.61063 -11.35901
v 20.95457 14.61063 -7.75638
v 20.95457 15.31267 -7.75638
v 25.86197 14.61063 -9.197826
v 25.86197 15.31267 -9.197826
v 23.52184 15.31267 -8.088718
v 23.52184 14.61063 -8.088718
v 27.7449 14.61063 -10.97555
v 27.7449 15.31267 -10.97555
v 28.98577 14.61063 -13.24686
v 28.98577 15.31267 -13.24686
v 29.32499 14.61063 -15.78955
v 29.32499 15.31267 -15.78955
v 20.95457 15.31267 -7.75638
v 20.95457 14.61063 -7.75638
v 28.02415 14.61063 -20.69991
v 28.02415 15.31267 -20.69991
v 29.13325 15.31267 -18.35976
v 29.13325 14.61063 -18.35976
v 29.32499 15.31267 -15.78955
v 29.32499 14.61063 -15.78955
v 26.24643 14.61063 -22.58283
v 26.24643 15.31267 -22.58283
v 23.97413 14.61063 -23.82369
v 23.97413 15.31267 -23.82369
v 21.42948 14.61063 -24.30254
v 21.42948 15.31267 -24.30254
v 13.25079 14.61063 -13.69915
v 13.25079 15.31267 -13.69915
v 12.91943 15.31267 -16.26741
v 12.91943 14.61063 -16.26741
v 14.3599 14.61063 -11.35901
v 14.3599 15.31267 -11.35901
v 14.08655 14.5713 -16.23299
v 14.49755 14.5713 -18.41876
v 13.17016 14.57031 -18.89367
v 12.67756 14.57031 -16.27429
v 14.44741 14.57031 -21.23184
v 15.5634 14.5713 -20.37051
v 16.3854 14.57031 -23.06167
v 17.17986 14.5713 -21.89652
v 14.3717 14.5713 -14.02854
v 13.01874 14.57031 -13.63131
v 15.32348 14.5713 -12.01878
v 14.1603 14.57031 -11.22234
v 18.79338 14.57031 -24.20323
v 19.18963 14.5713 -22.84929
v 21.43636 14.57031 -24.54442
v 21.39506 14.5713 -23.13345
v 24.05574 14.57031 -24.05181
v 23.57985 14.5713 -22.72245
v 26.39391 14.57031 -22.77456
v 25.5316 14.5713 -21.65759
v 28.22375 14.57031 -20.83658
v 27.05761 14.5713 -20.04014
v 29.3653 14.57031 -18.42761
v 28.01038 14.5713 -18.03038
v 29.56687 14.57031 -15.78266
v 28.17557 14.5713 -15.82396
v 29.21388 14.57031 -13.16623
v 27.88452 14.5713 -13.64016
v 27.93664 14.57031 -10.82707
v 26.81868 14.5713 -11.68939
v 25.99865 14.57031 -8.998226
v 25.20123 14.5713 -10.1624
v 23.59066 14.57031 -7.856672
v 23.19245 14.5713 -9.209625
v 20.94768 14.57031 -7.515484
v 20.98701 14.5713 -8.925467
v 18.3283 14.57031 -8.008093
v 18.80125 14.5713 -9.336466
v 15.98915 14.57031 -9.285336
v 16.85048 14.5713 -10.40231
v 14.1603 14.57031 -11.22234
v 15.32348 14.5713 -12.01878
v 29.77532 6.818359 -22.91124
v 28.561 7.102516 -21.94568
v 30.26301 7.102516 -18.64098
v 31.7546 6.818359 -19.06869
v 26.47651 6.818359 -25.70465
v 25.72432 7.102516 -24.34777
v 31.7546 6.818359 -19.06869
v 30.26301 7.102516 -18.64098
v 30.57077 7.102516 -14.93707
v 32.11251 6.818359 -14.76106
v 22.36061 6.818359 -27.02221
v 22.18461 7.102516 -25.48047
v 25.72432 7.102516 -24.34777
v 26.47651 6.818359 -25.70465
v 18.05299 6.818359 -26.66529
v 18.47972 7.102516 -25.1737
v 22.18461 7.102516 -25.48047
v 22.36061 6.818359 -27.02221
v 14.20946 6.818359 -24.68601
v 15.176 7.102516 -23.47169
v 18.47972 7.102516 -25.1737
v 18.05299 6.818359 -26.66529
v 11.41604 6.818359 -21.3872
v 12.77391 6.97863 -20.63501
v 10.09849 6.932415 -17.27032
v 11.56943 6.97863 -16.59581
v 24.158 6.818359 -5.366095
v 23.73029 7.030739 -6.858671
v 20.02638 7.030739 -6.550913
v 19.85038 7.095634 -5.009174
v 28.00055 6.818359 -7.345381
v 27.03499 7.102516 -8.559696
v 23.73029 7.030739 -6.858671
v 24.158 6.818359 -5.366095
v 30.79396 6.818359 -10.64419
v 29.43708 7.102516 -11.39638
v 27.03499 7.102516 -8.559696
v 28.00055 6.818359 -7.345381
v 32.11251 6.818359 -14.76106
v 30.57077 7.102516 -14.93707
v -1.946346 10.70908 5.94228
v -2.362263 10.70908 5.94228
v -2.362263 14.44446 5.94228
v -1.946346 14.04034 5.94228
v -1.946346 14.04034 5.94228
v -2.362263 14.44446 5.94228
v 5.118317 14.44446 5.94228
v 4.710266 14.04034 5.94228
v 4.710266 14.04034 5.94228
v 5.118317 14.44446 5.94228
v 5.118317 10.70908 5.94228
v 4.710266 10.70908 5.94228
v -1.946346 14.04034 5.601093
v -2.362263 14.44446 5.601093
v -2.362263 10.70908 5.601093
v -1.946346 10.70908 5.601093
v -2.362263 14.44446 5.601093
v -1.946346 14.04034 5.601093
v 4.710266 14.04034 5.586346
v 5.118317 14.44446 5.586346
v 4.710266 10.70908 5.586346
v 5.118317 10.70908 5.586346
v 5.118317 14.44446 5.586346
v 4.710266 14.04034 5.586346
v -2.676903 15.99701 18.82779
v -3.099701 16.00095 18.7747
v -3.098717 10.67369 18.7747
v -2.676903 10.66877 18.82779
v -2.676903 10.66877 18.82779
v -2.741798 10.66877 19.14735
v -2.741798 15.99701 19.14735
v -2.676903 15.99701 18.82779
v -3.099701 16.00095 18.7747
v -3.164597 16.00095 19.09425
v -3.163612 10.67369 19.09425
v -3.098717 10.67369 18.7747
v 6.632524 15.99701 18.42761
v 6.228407 16.00095 18.56428
v 6.229391 10.67369 18.56428
v 6.632524 10.66877 18.42761
v 6.632524 10.66877 18.42761
v 6.724949 10.66877 18.67539
v 6.724949 15.99701 18.67539
v 6.632524 15.99701 18.42761
v 6.228407 16.00095 18.56428
v 6.310017 16.00095 18.87991
v 6.311983 10.67369 18.87991
v 6.229391 10.67369 18.56428
v 15.85051 15.99701 9.478054
v 15.53783 16.00095 9.941166
v 15.53882 10.67369 9.940182
v 15.85051 10.66877 9.478054
v 15.85051 10.66877 9.478054
v 16.09829 10.66877 9.690437
v 16.09829 15.99701 9.690437
v 15.85051 15.99701 9.478054
v 15.53783 16.00095 9.941166
v 15.81708 16.00095 10.11028
v 15.81708 10.67369 10.1093
v 15.53882 10.67369 9.940182
v -12.45337 15.99701 11.07289
v -12.90174 16.00095 10.60388
v -12.90075 10.67369 10.60486
v -12.45337 10.66877 11.07289
v -12.45337 10.66877 11.07289
v -12.80341 10.66877 11.29314
v -12.80341 15.99701 11.29314
v -12.45337 15.99701 11.07289
v -12.90174 16.00095 10.60388
v -13.06594 16.00095 10.77988
v -13.06496 10.67369 10.78086
v -12.90075 10.67369 10.60486
v -10.53013 10.70122 14.37071
v -5.909832 10.70122 17.21133
v -5.909832 11.06797 17.21133
v -10.53013 11.06797 14.37071
v -2.77916 11.06797 19.04903
v -5.909832 11.06797 17.21133
v -5.909832 10.70122 17.21133
v -2.781128 10.70122 19.04804
v 1.735931 13.89777 19.38038
v 1.736914 15.97243 19.38038
v -0.02015686 13.91645 19.285
v -0.9178658 13.9253 19.21126
v -0.9178658 11.3777 19.20831
v 0.004425049 11.38261 19.285
v -2.778179 15.97243 19.05591
v -2.782112 13.93907 19.05394
v -2.77916 11.06797 19.04903
v 1.743797 11.06797 19.38038
v 1.74478 11.39146 19.38038
v -2.777195 11.3718 19.05099
v 6.26577 13.89777 18.75307
v 6.263803 15.97243 18.74913
v 4.337614 13.89777 18.99298
v 1.736914 15.97243 19.38038
v 3.620825 13.89777 19.11589
v 4.3032 11.38261 19.00085
v 3.620825 11.38556 19.11687
v 1.735931 13.89777 19.38038
v 1.743797 11.06797 19.38038
v 6.272654 11.06797 18.75798
v 1.74478 11.39146 19.38038
v 6.27462 11.37868 18.757
v 6.271669 10.70122 18.75896
v 8.815342 10.70122 17.23591
v 8.815342 11.06797 17.23591
v 6.272654 11.06797 18.75798
v 8.815342 10.70122 17.23591
v 11.7592 10.70122 15.34806
v 11.7592 11.06797 15.34806
v 8.815342 11.06797 17.23591
v 11.7592 10.70122 15.34806
v 14.32647 10.70122 12.60873
v 14.32647 11.06797 12.60873
v 11.7592 11.06797 15.34806
v 14.32647 10.70122 12.60873
v 16.71577 10.70122 8.520367
v 16.71577 11.06797 8.520367
v 14.32647 11.06797 12.60873
v 17.759 11.06797 3.82534
v 17.759 10.70122 3.82534
v 17.759 10.70122 3.82534
v 17.25164 10.70122 -0.956213
v 17.25164 11.06797 -0.956213
v 17.759 11.06797 3.82534
v 15.50342 11.06797 -5.441807
v 15.50342 10.70122 -5.441807
v 15.50342 10.70122 -5.441807
v 12.39733 10.70122 -9.131948
v 12.39733 11.06797 -9.131948
v 15.50342 11.06797 -5.441807
v 12.39733 10.70122 -9.131948
v 8.435806 10.70122 -11.89685
v 8.435806 11.06797 -11.89685
v 12.39733 11.06797 -9.131948
v 8.435806 10.70122 -11.89685
v 3.78896 10.70122 -13.25079
v 3.78896 11.06797 -13.25079
v 8.435806 11.06797 -11.89685
v 3.78896 10.70122 -13.25079
v -1.051586 10.70122 -13.36288
v -1.051586 11.06797 -13.36288
v 3.78896 11.06797 -13.25079
v -1.051586 10.70122 -13.36288
v -5.671886 10.70122 -11.9234
v -5.671886 11.06797 -11.9234
v -1.051586 11.06797 -13.36288
v -5.671886 10.70122 -11.9234
v -10.85559 10.70122 -8.159513
v -10.85559 11.06797 -8.159513
v -5.671886 11.06797 -11.9234
v -10.85559 10.70122 -8.159513
v -14.19569 10.70122 -2.712299
v -14.19569 11.06797 -2.712299
v -10.85559 11.06797 -8.159513
v -14.19569 10.70122 -2.712299
v -15.18288 10.70122 3.591328
v -15.18288 11.06797 3.591328
v -14.19569 11.06797 -2.712299
v -15.18288 10.70122 3.591328
v -13.66671 10.70122 9.789745
v -13.66671 11.06797 9.789745
v -15.18288 11.06797 3.591328
v -10.53013 11.06797 14.37071
v -10.53013 10.70122 14.37071
v 1.742813 10.70122 19.38038
v 1.743797 11.06797 19.38038
v -2.77916 11.06797 19.04903
v -2.781128 10.70122 19.04804
v 6.271669 10.70122 18.75896
v 6.272654 11.06797 18.75798
v 1.743797 11.06797 19.38038
v 1.742813 10.70122 19.38038
v -7.573494 11.14663 5.615841
v -7.573494 10.7081 5.615841
v -1.990593 10.7081 5.613876
v -1.990593 11.14663 5.613876
v -7.573494 16.01963 5.615841
v -1.990593 14.04034 5.613876
v -1.990593 16.01963 5.613876
v -7.573494 11.14663 5.615841
v -1.990593 11.14663 5.613876
v 4.746647 16.01963 5.611908
v -1.990593 16.01963 5.613876
v -1.990593 14.04034 5.613876
v 4.746647 14.04034 5.611908
v 10.34135 16.01963 5.609943
v 4.746647 16.01963 5.611908
v 4.746647 14.04034 5.611908
v 10.34135 11.14663 5.609943
v 4.746647 11.14663 5.611908
v -13.00105 11.14663 11.00504
v -13.00105 10.7081 11.00504
v -7.573494 10.7081 5.615841
v -7.573494 11.14663 5.615841
v 10.34135 11.14663 5.609943
v 10.34135 10.7081 5.609943
v 16.01766 10.7081 9.797611
v 16.01766 11.14663 9.797611
v -7.573494 10.7081 5.918682
v -7.573494 11.14663 5.918682
v -1.990593 11.14663 5.917698
v -1.990593 10.7081 5.917698
v -7.573494 16.01963 5.918682
v -1.990593 16.01963 5.917698
v -1.990593 14.04034 5.917698
v -7.573494 11.14663 5.918682
v -1.990593 11.14663 5.917698
v 4.746647 16.01963 5.916718
v 4.746647 14.04034 5.916718
v -1.990593 14.04034 5.917698
v -1.990593 16.01963 5.917698
v 10.34135 16.01963 5.915733
v 4.746647 14.04034 5.916718
v 4.746647 16.01963 5.916718
v 10.34135 11.14663 5.915733
v 4.746647 11.14663 5.916718
v -7.573494 10.7081 5.918682
v -12.84274 10.7081 11.14073
v -12.84274 11.14663 11.14073
v -7.573494 11.14663 5.918682
v 15.82691 10.7081 9.988361
v 10.34135 10.7081 5.915733
v 10.34135 11.14663 5.915733
v 15.82691 11.14663 9.988361
v -5.909832 15.97243 17.21133
v -2.782112 13.93907 19.05394
v -2.778179 15.97243 19.05591
v -5.909832 11.06797 17.21133
v -2.777195 11.3718 19.05099
v -2.77916 11.06797 19.04903
v 6.26577 13.89777 18.75307
v 8.815342 15.97243 17.23591
v 6.263803 15.97243 18.74913
v 8.815342 11.06797 17.23591
v 6.27462 11.37868 18.757
v 6.272654 11.06797 18.75798
v -7.748516 18.82091 14.5359
v -7.531216 18.8219 14.66077
v -7.635441 18.9802 14.83973
v -7.850773 18.97823 14.71485
v -7.531216 18.8219 14.66077
v -7.748516 18.82091 14.5359
v -7.748516 18.55936 14.53295
v -7.5322 18.5633 14.65782
v -7.5322 18.5633 14.65782
v -7.748516 18.55936 14.53295
v -7.651173 18.40008 14.36383
v -7.433872 18.40008 14.4887
v -7.635441 18.9802 14.83973
v -7.531216 18.8219 14.66077
v -7.59021 18.74913 14.74238
v -7.64724 18.86811 14.84661
v -7.58136 18.53085 14.72763
v -7.5322 18.5633 14.65782
v -7.452557 18.346 14.51427
v -7.433872 18.40008 14.4887
v -7.748516 18.55936 14.53295
v -7.748516 18.82091 14.5359
v -7.796692 18.74815 14.61948
v -7.787846 18.53085 14.60276
v -7.85569 18.86811 14.72272
v -7.850773 18.97823 14.71485
v -7.651173 18.40008 14.36383
v -7.663956 18.34403 14.38841
v -7.433872 18.40008 14.4887
v -7.651173 18.40008 14.36383
v -7.663956 18.34403 14.38841
v -7.452557 18.346 14.51427
v -7.85569 18.86811 14.72272
v -7.850773 18.97823 14.71485
v -8.020874 18.92612 14.99409
v -7.990395 18.83271 14.94297
v -8.073971 18.66261 15.10127
v -8.020874 18.92612 14.99409
v -7.804558 18.92809 15.11897
v -7.857655 18.66359 15.22713
v -7.857655 18.66359 15.22713
v -7.800625 18.43253 15.12487
v -8.016941 18.42958 14.99901
v -8.073971 18.66261 15.10127
v -7.800625 18.43253 15.12487
v -7.849789 18.19851 15.2114
v -8.067089 18.19753 15.08652
v -8.016941 18.42958 14.99901
v -7.804558 18.92809 15.11897
v -7.77998 18.83369 15.06194
v -7.804558 18.64491 15.11602
v -7.857655 18.66359 15.22713
v -7.76228 18.44236 15.04227
v -7.800625 18.43253 15.12487
v -7.826191 18.1641 15.1642
v -7.849789 18.19851 15.2114
v -8.016941 18.42958 14.99901
v -7.973679 18.44039 14.92625
v -8.014977 18.64196 14.99803
v -8.073971 18.66261 15.10127
v -7.990395 18.83271 14.94297
v -8.020874 18.92612 14.99409
v -8.067089 18.19753 15.08652
v -8.040539 18.16115 15.04227
v -7.849789 18.19851 15.2114
v -7.826191 18.1641 15.1642
v -8.040539 18.16115 15.04227
v -8.067089 18.19753 15.08652
v -8.020874 18.92612 14.99409
v -7.850773 18.97823 14.71485
v -7.635441 18.9802 14.83973
v -7.804558 18.92809 15.11897
v -7.635441 18.9802 14.83973
v -7.64724 18.86811 14.84661
v -7.77998 18.83369 15.06194
v -7.804558 18.92809 15.11897
v 12.00599 17.45517 15.72858
v 12.21444 17.32637 15.78168
v 12.18101 17.37455 16.02848
v 11.97256 17.50237 15.97538
v 12.21444 17.32637 15.78168
v 12.00599 17.45517 15.72858
v 11.93225 17.29589 15.63026
v 12.1407 17.16905 15.68434
v 12.1407 17.16905 15.68434
v 11.93225 17.29589 15.63026
v 11.97945 17.29097 15.46507
v 12.18789 17.16118 15.51719
v 12.18101 17.37455 16.02848
v 12.21444 17.32637 15.78168
v 12.13873 17.24968 15.84461
v 12.12202 17.2831 15.99701
v 12.05122 17.07269 15.75022
v 12.1407 17.16905 15.68434
v 12.15053 17.11103 15.52604
v 12.18789 17.16118 15.51719
v 11.93225 17.29589 15.63026
v 12.00599 17.45517 15.72858
v 11.94011 17.37455 15.79053
v 11.85359 17.19953 15.69515
v 11.92242 17.40896 15.94392
v 11.97256 17.50237 15.97538
v 11.97945 17.29097 15.46507
v 11.94601 17.23788 15.47097
v 12.18789 17.16118 15.51719
v 11.97945 17.29097 15.46507
v 11.94601 17.23788 15.47097
v 12.15053 17.11103 15.52604
v 11.92242 17.40896 15.94392
v 11.97256 17.50237 15.97538
v 11.83491 17.38831 16.20153
v 11.80344 17.29294 16.11795
v 11.68447 17.14053 16.21726
v 11.83491 17.38831 16.20153
v 12.04237 17.26049 16.25462
v 11.89194 17.01173 16.27036
v 11.89194 17.01173 16.27036
v 11.85457 16.90357 16.18186
v 11.64612 17.03041 16.12778
v 11.68447 17.14053 16.21726
v 11.85457 16.90357 16.18186
v 11.74347 16.83376 16.37262
v 11.53502 16.96355 16.3205
v 11.64612 17.03041 16.12778
v 12.04237 17.26049 16.25462
v 12.00599 17.16905 16.16711
v 11.91258 17.03336 16.20055
v 11.89194 17.01173 16.27036
v 11.87129 16.87506 16.0737
v 11.85457 16.90357 16.18186
v 11.71987 16.77083 16.33328
v 11.74347 16.83376 16.37262
v 11.64612 17.03041 16.12778
v 11.66776 16.99698 16.02749
v 11.71102 17.15528 16.15237
v 11.68447 17.14053 16.21726
v 11.80344 17.29294 16.11795
v 11.83491 17.38831 16.20153
v 11.51338 16.8957 16.28314
v 11.53502 16.96355 16.3205
v 11.74347 16.83376 16.37262
v 11.71987 16.77083 16.33328
v 11.51338 16.8957 16.28314
v 11.53502 16.96355 16.3205
v 11.83491 17.38831 16.20153
v 11.97256 17.50237 15.97538
v 12.18101 17.37455 16.02848
v 12.04237 17.26049 16.25462
v 12.18101 17.37455 16.02848
v 12.12202 17.2831 15.99701
v 12.00599 17.16905 16.16711
v 12.04237 17.26049 16.25462
v 12.64806 14.78958 14.21634
v 12.64806 13.37271 14.21634
v 13.72177 13.37271 13.12494
v 13.72177 14.78958 13.12592
v 12.64806 14.78958 14.21634
v 12.74737 14.78958 14.32549
v 12.74737 13.37271 14.32549
v 12.64806 13.37271 14.21634
v 13.72177 14.78958 13.12592
v 13.82009 14.78958 13.23506
v 12.74737 14.78958 14.32549
v 12.64806 14.78958 14.21634
v 13.72177 13.37271 13.12494
v 13.82009 13.37271 13.23506
v 13.82009 14.78958 13.23506
v 13.72177 14.78958 13.12592
v 12.64806 13.37271 14.21634
v 12.74737 13.37271 14.32549
v 13.82009 13.37271 13.23506
v 13.72177 13.37271 13.12494
v 11.7592 15.97243 15.34806
v 11.7592 11.06797 15.34806
v 14.32647 11.06797 12.60873
v 14.32647 15.97243 12.60873
v 14.32647 15.97243 12.60873
v 14.32647 11.06797 12.60873
v 16.71577 11.06797 8.520367
v 16.71577 15.97243 8.520367
v 17.759 11.06797 3.82534
v 17.759 15.97243 3.82534
v 17.759 15.97243 3.82534
v 17.759 11.06797 3.82534
v 17.25164 11.06797 -0.956213
v 17.25164 15.97243 -0.956213
v 15.50342 11.06797 -5.441807
v 15.50342 15.97243 -5.441807
v 15.50342 15.97243 -5.441807
v 15.50342 11.06797 -5.441807
v 12.39733 11.06797 -9.131948
v 12.39733 15.97243 -9.131948
v 12.39733 15.97243 -9.131948
v 12.39733 11.06797 -9.131948
v 8.435806 11.06797 -11.89685
v 8.435806 15.97243 -11.89685
v 8.435806 15.97243 -11.89685
v 8.435806 11.06797 -11.89685
v 3.78896 11.06797 -13.25079
v 3.78896 15.97243 -13.25079
v 3.78896 15.97243 -13.25079
v 3.78896 11.06797 -13.25079
v -1.051586 11.06797 -13.36288
v -1.051586 15.97243 -13.36288
v -1.051586 15.97243 -13.36288
v -1.051586 11.06797 -13.36288
v -5.671886 11.06797 -11.9234
v -5.671886 15.97243 -11.9234
v -10.85559 11.06797 -8.159513
v -10.85559 15.97243 -8.159513
v -10.85559 15.97243 -8.159513
v -10.85559 11.06797 -8.159513
v -14.19569 11.06797 -2.712299
v -14.19569 15.97243 -2.712299
v -14.19569 15.97243 -2.712299
v -14.19569 11.06797 -2.712299
v -15.18288 11.06797 3.591328
v -15.18288 15.97243 3.591328
v -15.18288 15.97243 3.591328
v -15.18288 11.06797 3.591328
v -13.66671 11.06797 9.789745
v -13.66671 15.97243 9.789745
v -10.53013 11.06797 14.37071
v -10.53013 15.97243 14.37071
v -10.53013 15.97243 14.37071
v -10.53013 11.06797 14.37071
v -5.909832 11.06797 17.21133
v -5.909832 15.97243 17.21133
v 8.815342 11.06797 17.23591
v 11.7592 11.06797 15.34806
v 11.7592 15.97243 15.34806
v 8.815342 15.97243 17.23591
v 10.34135 10.7081 5.609943
v 10.34135 11.14663 5.609943
v 4.746647 11.14663 5.611908
v 4.746647 10.7081 5.611908
v -13.00105 16.01963 11.00603
v -13.00105 11.14663 11.00504
v -7.573494 11.14663 5.615841
v -7.573494 16.01963 5.615841
v 10.34135 16.01963 5.609943
v 10.34135 11.14663 5.609943
v 16.01766 11.14663 9.797611
v 16.01766 16.01963 9.797611
v 4.746647 11.14663 5.916718
v 10.34135 11.14663 5.915733
v 10.34135 10.7081 5.915733
v 4.746647 10.7081 5.916718
v -7.573494 16.01963 5.918682
v -7.573494 11.14663 5.918682
v -12.84274 11.14663 11.14073
v -12.84274 16.01963 11.14073
v 15.82691 16.01963 9.988361
v 15.82691 11.14663 9.988361
v 10.34135 11.14663 5.915733
v 10.34135 16.01963 5.915733
v 17.5771 14.78958 2.696568
v 17.5771 13.37271 2.696568
v 17.42371 13.37271 1.173512
v 17.42469 14.78958 1.173512
v 17.5771 14.78958 2.696568
v 17.66559 14.78958 2.676903
v 17.66559 13.37271 2.676903
v 17.5771 13.37271 2.696568
v 17.42469 14.78958 1.173512
v 17.51319 14.78958 1.153847
v 17.66559 14.78958 2.676903
v 17.5771 14.78958 2.696568
v 17.42371 13.37271 1.173512
v 17.51319 13.37271 1.153847
v 17.51319 14.78958 1.153847
v 17.42469 14.78958 1.173512
v 17.5771 13.37271 2.696568
v 17.66559 13.37271 2.676903
v 17.51319 13.37271 1.153847
v 17.42371 13.37271 1.173512
v -7.041557 14.78958 -10.85461
v -7.041557 13.37271 -10.85461
v -8.291267 13.37271 -9.970663
v -8.291267 14.78958 -9.970663
v -7.041557 14.78958 -10.85461
v -7.102516 14.78958 -10.92245
v -7.102516 13.37271 -10.92245
v -7.041557 13.37271 -10.85461
v -8.291267 14.78958 -9.970663
v -8.351246 14.78958 -10.03851
v -7.102516 14.78958 -10.92245
v -7.041557 14.78958 -10.85461
v -8.291267 13.37271 -9.970663
v -8.351246 13.37271 -10.03851
v -8.351246 14.78958 -10.03851
v -8.291267 14.78958 -9.970663
v -7.041557 13.37271 -10.85461
v -7.102516 13.37271 -10.92245
v -8.351246 13.37271 -10.03851
v -8.291267 13.37271 -9.970663
v -15.01278 14.78958 3.975777
v -15.01278 13.37271 3.975777
v -14.62439 13.37271 5.45557
v -14.62439 14.78958 5.45557
v -15.01278 14.78958 3.975777
v -15.09734 14.78958 4.008224
v -15.09734 13.37271 4.008224
v -15.01278 13.37271 3.975777
v -14.62439 14.78958 5.45557
v -14.70895 14.78958 5.489002
v -15.09734 14.78958 4.008224
v -15.01278 14.78958 3.975777
v -14.62439 13.37271 5.45557
v -14.70895 13.37271 5.489002
v -14.70895 14.78958 5.489002
v -14.62439 14.78958 5.45557
v -15.01278 13.37271 3.975777
v -15.09734 13.37271 4.008224
v -14.70895 13.37271 5.489002
v -14.62439 13.37271 5.45557
v 11.76215 14.78958 -9.493786
v 11.76215 13.37271 -9.493786
v 10.50555 13.37271 -10.3679
v 10.50555 14.78958 -10.3679
v 11.76215 14.78958 -9.493786
v 11.80443 14.78958 -9.574411
v 11.80443 13.37271 -9.574411
v 11.76215 13.37271 -9.493786
v 10.50555 14.78958 -10.3679
v 10.54881 14.78958 -10.44754
v 11.80443 14.78958 -9.574411
v 11.76215 14.78958 -9.493786
v 10.50555 13.37271 -10.3679
v 10.54881 13.37271 -10.44754
v 10.54881 14.78958 -10.44754
v 10.50555 14.78958 -10.3679
v 11.76215 13.37271 -9.493786
v 11.80443 13.37271 -9.574411
v 10.54881 13.37271 -10.44754
v 10.50555 13.37271 -10.3679
v -11.10337 15.96948 -8.280453
v -13.01776 15.96948 -5.297268
v -8.364029 15.96948 -5.297268
v -8.364029 15.96948 -10.24007
v -8.364029 15.96948 -5.297268
v 0.8628025 15.96948 -5.297268
v -5.922615 15.96948 -11.98731
v -8.364029 15.96948 -10.24007
v -1.169579 15.96948 -13.48382
v 0.8628025 15.96948 -13.48382
v 8.587227 15.96948 -12.02566
v 0.8628025 15.96948 -5.297268
v 10.09062 15.96948 -5.297268
v 10.09062 15.96948 -10.95883
v 3.795843 15.96948 -13.39729
v 0.8628025 15.96948 -13.48382
v 10.09062 15.96948 -5.297268
v 15.7925 15.96948 -5.297268
v 12.47599 15.96948 -9.265671
v 10.09062 15.96948 -10.95883
v -14.589 15.96948 -2.829306
v -15.59584 15.96948 3.227524
v -8.364029 15.96948 3.227524
v -8.364029 15.96948 -5.297268
v -13.01776 15.96948 -5.297268
v -8.364029 15.96948 -5.297268
v -8.364029 15.96948 3.227524
v 0.8628025 15.96948 3.227524
v 0.8628025 15.96948 -5.297268
v 0.8628025 15.96948 -5.297268
v 0.8628025 15.96948 3.227524
v 10.09062 15.96948 3.227524
v 10.09062 15.96948 -5.297268
v 10.09062 15.96948 3.227524
v 17.87994 15.96948 3.227524
v 17.3716 15.96948 -0.8628025
v 10.09062 15.96948 -5.297268
v 15.7925 15.96948 -5.297268
v -8.364029 15.96948 3.227524
v -14.24584 15.96948 10.15846
v -12.97155 15.96948 11.75133
v -8.364029 15.96948 11.75133
v -15.59584 15.96948 3.227524
v -8.364029 15.96948 3.227524
v -8.364029 15.96948 11.75133
v 0.8628025 15.96948 11.75133
v 0.8628025 15.96948 3.227524
v 0.8628025 15.96948 3.227524
v 0.8628025 15.96948 11.75133
v 10.09062 15.96948 11.75133
v 10.09062 15.96948 3.227524
v 10.09062 15.96948 11.75133
v 14.93707 15.96948 11.75133
v 16.75706 15.96948 9.169312
v 10.09062 15.96948 3.227524
v 17.87994 15.96948 3.227524
v -10.8723 15.96948 14.72862
v -8.364029 15.96948 16.38048
v -8.364029 15.96948 11.75133
v -12.97155 15.96948 11.75133
v -3.570679 15.96948 19.09425
v 0.8628025 15.96948 19.53574
v 0.8628025 15.96948 11.75133
v -8.364029 15.96948 11.75133
v -8.364029 15.96948 16.38048
v 12.68149 15.96948 14.95083
v 14.93707 15.96948 11.75133
v 10.09062 15.96948 11.75133
v 10.09062 15.96948 16.56631
v 0.8628025 15.96948 19.53574
v 6.224474 15.96948 18.97725
v 0.8628025 15.96948 11.75133
v 10.09062 15.96948 11.75133
v 10.09062 15.96948 16.56631
v -6.356232 19.53868 13.11903
v -9.327618 19.53868 10.1683
v -8.939232 24.85906 9.870373
v -6.078953 24.85906 12.71098
v -10.69434 24.85906 6.659073
v -11.15057 19.53868 6.832123
v -2.612991 19.53868 14.8938
v -6.356232 19.53868 13.11903
v -6.078953 24.85906 12.71098
v -2.470421 24.85906 14.42282
v 1.545179 19.56031 15.45327
v -2.612991 19.53868 14.8938
v -2.470421 24.85906 14.42282
v 1.531414 24.85906 14.95771
v 5.002293 24.85906 14.3186
v 5.130116 19.53868 14.80531
v 8.83894 19.53868 12.87912
v 5.130116 19.53868 14.80531
v 5.002293 24.85906 14.3186
v 8.569529 24.85906 12.46616
v 11.47504 19.53868 10.35118
v 11.08764 24.85906 10.04637
v 13.23604 19.53868 6.983543
v 11.47504 19.53868 10.35118
v 11.08764 24.85906 10.04637
v 12.78276 24.85906 6.803608
v 14.06394 19.53868 3.273735
v 13.58018 24.85906 3.232441
v 13.65687 19.53868 -0.5058823
v 14.06394 19.53868 3.273735
v 13.58018 24.85906 3.232441
v 13.18786 24.85906 -0.405592
v 12.28425 19.53868 -4.050505
v 11.86637 24.85906 -3.818457
v 9.845789 19.53868 -6.965845
v 12.28425 19.53868 -4.050505
v 11.86637 24.85906 -3.818457
v 9.51935 24.85906 -6.625641
v 6.735765 19.53868 -9.150631
v 6.525349 24.85906 -8.728815
v 3.088884 19.53868 -10.22041
v 6.735765 19.53868 -9.150631
v 6.525349 24.85906 -8.728815
v 3.014158 24.85906 -9.75828
v -0.7113838 19.53868 -10.3089
v 3.088884 19.53868 -10.22041
v 3.014158 24.85906 -9.75828
v -0.6445198 24.85906 -9.843822
v -4.338596 19.53868 -9.172262
v -4.136047 24.85906 -8.749464
v -7.546947 19.53868 -7.134966
v -4.338596 19.53868 -9.172262
v -4.136047 24.85906 -8.749464
v -7.225426 24.85906 -6.787878
v -9.931332 19.53868 -4.174395
v -7.546947 19.53868 -7.134966
v -7.225426 24.85906 -6.787878
v -9.520332 24.85906 -3.937431
v -11.46717 19.53868 -0.6976166
v -10.99915 24.85906 -0.5904427
v -11.80443 19.53868 3.087902
v -11.46717 19.53868 -0.6976166
v -10.99915 24.85906 -0.5904427
v -11.3246 24.85906 3.05447
v -11.15057 19.53868 6.832123
v -11.80443 19.53868 3.087902
v -11.3246 24.85906 3.05447
v -10.69434 24.85906 6.659073
v -8.939232 24.85906 9.870373
v -8.105434 24.85906 9.230274
v -5.483101 24.85906 11.83491
v -6.078953 24.85906 12.71098
v -2.174461 24.85906 13.40418
v -2.470421 24.85906 14.42282
v 1.494051 24.85906 13.8958
v 1.531414 24.85906 14.95771
v 4.722065 24.85906 13.29012
v 5.002293 24.85906 14.3186
v 7.992361 24.85906 11.57926
v 8.569529 24.85906 12.46616
v 10.25679 24.85906 9.392509
v 11.08764 24.85906 10.04637
v 11.81033 24.85906 6.419159
v 12.78276 24.85906 6.803608
v 12.54187 24.85906 3.144932
v 13.58018 24.85906 3.232441
v 12.182 24.85906 -0.1912422
v 13.18786 24.85906 -0.405592
v 10.97063 24.85906 -3.319948
v 11.86637 24.85906 -3.818457
v 11.86637 24.85906 -3.818457
v 10.97063 24.85906 -3.319948
v 8.818293 24.85906 -5.893118
v 9.51935 24.85906 -6.625641
v 6.073053 24.85906 -7.822258
v 6.525349 24.85906 -8.728815
v 2.853888 24.85906 -8.76618
v 3.014158 24.85906 -9.75828
v -0.5009651 24.85906 -8.844839
v -0.6445198 24.85906 -9.843822
v -3.702435 24.85906 -7.84094
v -4.136047 24.85906 -8.749464
v -6.534199 24.85906 -6.042572
v -7.225426 24.85906 -6.787878
v -8.638355 24.85906 -3.42909
v -9.520332 24.85906 -3.937431
v -9.994263 24.85906 -0.3603611
v -10.99915 24.85906 -0.5904427
v -10.29219 24.85906 2.980728
v -11.3246 24.85906 3.05447
v -9.715019 24.85906 6.286419
v -10.69434 24.85906 6.659073
v 10.11323 25.25924 -4.698467
v 11.87424 25.25924 -1.567795
v 1.111567 25.25924 2.42519
v 12.5812 25.25924 1.954212
v 7.472221 25.25924 -7.132015
v 4.206842 25.25924 -8.629507
v 0.6396046 25.25924 -9.044439
v 0.6396046 25.25924 -9.044439
v 1.111567 25.25924 2.42519
v -2.88142 25.25924 -8.337482
v -6.013077 25.25924 -6.576479
v -8.445641 25.25924 -3.935465
v -9.94313 25.25924 -0.6700859
v -10.35905 25.25924 2.897152
v -5.249088 25.25924 11.9824
v 1.111567 25.25924 2.42519
v -1.984692 25.25924 13.47989
v -7.891087 25.25924 9.549831
v 1.583527 25.25924 13.8958
v -9.651108 25.25924 6.418175
v -10.35905 25.25924 2.897152
v 1.583527 25.25924 13.8958
v 1.111567 25.25924 2.42519
v 5.104551 25.25924 13.18786
v 8.235224 25.25924 11.42784
v 10.66779 25.25924 8.785843
v 12.16528 25.25924 5.520466
v 12.5812 25.25924 1.954212
v 12.18789 24.77647 -1.683819
v 12.18789 25.81183 -1.683819
v 10.37576 25.81183 -4.905933
v 10.37576 24.77647 -4.905933
v 12.9155 24.77647 1.940449
v 12.9155 25.81183 1.940449
v 12.48779 24.77647 5.610924
v 12.48779 25.81183 5.610924
v 10.94605 24.77647 8.970695
v 10.94605 25.81183 8.970695
v 8.44269 24.77647 11.68939
v 8.44269 25.81183 11.68939
v 0.6258392 24.77647 -9.279436
v 0.6258392 25.81183 -9.279436
v -2.998425 25.81183 -8.651138
v -2.998425 24.77647 -8.651138
v 4.2973 24.77647 -8.951031
v 4.2973 25.81183 -8.951031
v 7.657072 24.77647 -7.410276
v 7.657072 25.81183 -7.410276
v 10.37576 24.77647 -4.905933
v 10.37576 25.81183 -4.905933
v -6.220543 25.81183 -6.839006
v -6.220543 24.77647 -6.839006
v -8.7239 24.77647 -4.120316
v -8.7239 25.81183 -4.120316
v -10.26466 25.81183 -0.7605457
v -10.26466 24.77647 -0.7605457
v -10.69335 25.81183 2.910915
v -10.69335 24.77647 2.910915
v -9.964764 25.81183 6.534199
v -9.964764 24.77647 6.534199
v -8.007111 25.81183 9.629475
v -8.007111 24.77647 9.629475
v -6.220543 24.77647 -6.839006
v -6.220543 25.81183 -6.839006
v -5.434925 24.77647 12.26065
v -5.434925 25.81183 12.26065
v -2.074169 25.81183 13.80141
v -2.074169 24.77647 13.80141
v -8.007111 24.77647 9.629475
v -8.007111 25.81183 9.629475
v 1.597292 25.81183 14.22913
v 1.597292 24.77647 14.22913
v 5.220573 25.81183 13.50152
v 5.220573 24.77647 13.50152
v 8.44269 25.81183 11.68939
v 8.44269 24.77647 11.68939
v 10.11225 25.80888 -4.698467
v 10.37576 25.81183 -4.905933
v 12.18789 25.81183 -1.683819
v 11.87325 25.80888 -1.567795
v 12.9155 25.81183 1.940449
v 12.58021 25.80888 1.954212
v 12.48779 25.81183 5.610924
v 12.1643 25.80888 5.520466
v 10.94605 25.81183 8.970695
v 10.66779 25.80888 8.785843
v 8.44269 25.81183 11.68939
v 8.23424 25.80888 11.42686
v 5.220573 25.81183 13.50152
v 5.103567 25.80888 13.18688
v 1.597292 25.81183 14.22913
v 1.583527 25.80888 13.89482
v -2.074169 25.81183 13.80141
v -1.983711 25.80888 13.4789
v -5.434925 25.81183 12.26065
v -5.249088 25.80888 11.98141
v -8.007111 25.81183 9.629475
v -7.743599 25.80888 9.422009
v -9.964764 25.81183 6.534199
v -9.651108 25.80888 6.418175
v -10.69335 25.81183 2.910915
v -10.35806 25.80888 2.897152
v -10.26466 25.81183 -0.7605457
v -9.94215 25.80888 -0.6700859
v -8.7239 25.81183 -4.120316
v -8.444656 25.80888 -3.934481
v -6.220543 25.81183 -6.839006
v -6.012093 25.80888 -6.576479
v -2.998425 25.81183 -8.651138
v -2.88142 25.80888 -8.336498
v 0.6258392 25.81183 -9.279436
v 0.6396046 25.80888 -8.911701
v 4.2973 25.81183 -8.951031
v 4.206842 25.80888 -8.628525
v 7.657072 25.81183 -7.410276
v 7.471237 25.80888 -7.131033
v 10.37576 25.81183 -4.905933
v 10.11225 25.80888 -4.698467
v 10.11225 24.83644 -4.698467
v 10.11225 25.80888 -4.698467
v 11.87325 25.80888 -1.567795
v 11.87325 24.83644 -1.567795
v 12.58021 25.80888 1.954212
v 12.58021 24.83644 1.954212
v 12.1643 25.80888 5.520466
v 12.1643 24.83644 5.520466
v 10.66779 25.80888 8.785843
v 10.66779 24.83644 8.785843
v 8.23424 25.80888 11.42686
v 8.23424 24.83644 11.42686
v -2.88142 24.83644 -8.336498
v -2.88142 25.80888 -8.336498
v 0.6396046 25.80888 -8.911701
v 0.6396046 24.83644 -8.911701
v 4.206842 25.80888 -8.628525
v 4.206842 24.83644 -8.628525
v 7.471237 25.80888 -7.131033
v 7.471237 24.83644 -7.131033
v 10.11225 25.80888 -4.698467
v 10.11225 24.83644 -4.698467
v -6.012093 24.83644 -6.576479
v -6.012093 25.80888 -6.576479
v -9.94215 24.83644 -0.6700859
v -9.94215 25.80888 -0.6700859
v -8.444656 25.80888 -3.934481
v -8.444656 24.83644 -3.934481
v -10.35806 24.83644 2.897152
v -10.35806 25.80888 2.897152
v -9.651108 24.83644 6.418175
v -9.651108 25.80888 6.418175
v -7.743599 24.83644 9.422009
v -7.743599 25.80888 9.422009
v -6.012093 25.80888 -6.576479
v -6.012093 24.83644 -6.576479
v -1.983711 24.83644 13.4789
v -1.983711 25.80888 13.4789
v -5.249088 25.80888 11.98141
v -5.249088 24.83644 11.98141
v -7.743599 25.80888 9.422009
v -7.743599 24.83644 9.422009
v 1.583527 24.83644 13.89482
v 1.583527 25.80888 13.89482
v 5.103567 24.83644 13.18688
v 5.103567 25.80888 13.18688
v 8.23424 24.83644 11.42686
v 8.23424 25.80888 11.42686
v 12.78866 24.7509 6.290352
v 11.80836 24.7509 8.544949
v 11.75821 26.70069 8.411224
v 12.65691 26.70069 6.345413
v 12.27344 28.79993 6.291336
v 11.45734 28.79993 8.168362
v 11.73855 31.01323 6.282486
v 11.08665 31.01323 7.782928
v 11.25086 26.70069 8.189995
v 11.1191 24.7509 8.245056
v 12.0994 24.7509 5.990459
v 12.14857 26.70069 6.124184
v 11.04634 28.79993 7.98941
v 11.86244 28.79993 6.112385
v 10.74743 31.01323 7.635441
v 11.39933 31.01323 6.134998
v 12.0994 24.7509 5.990459
v 12.78866 24.7509 6.290352
v 12.65691 26.70069 6.345413
v 12.14857 26.70069 6.124184
v 11.86244 28.79993 6.112385
v 12.27344 28.79993 6.291336
v 11.39933 31.01323 6.134998
v 11.73855 31.01323 6.282486
v 11.73855 31.01323 6.282486
v 11.08665 31.01323 7.782928
v 10.74743 31.01323 7.635441
v 11.39933 31.01323 6.134998
v 10.74743 31.01323 7.635441
v 11.08665 31.01323 7.782928
v 11.45734 28.79993 8.168362
v 11.04634 28.79993 7.98941
v 11.25086 26.70069 8.189995
v 11.75821 26.70069 8.411224
v 11.1191 24.7509 8.245056
v 11.80836 24.7509 8.544949
v 10.1152 24.7509 -5.805609
v 11.69529 24.7509 -3.922682
v 11.5537 26.70069 -3.937431
v 10.10537 26.70069 -5.663038
v 9.886103 28.79993 -5.344463
v 11.20169 28.79993 -3.776178
v 9.639307 31.01323 -4.869553
v 10.6904 31.01323 -3.615908
v 11.12893 26.70069 -3.581493
v 11.1191 24.7509 -3.438923
v 9.539015 24.7509 -5.32185
v 9.681587 26.70069 -5.3071
v 10.85854 28.79993 -3.488085
v 9.542948 28.79993 -5.056372
v 10.40723 31.01323 -3.378944
v 9.356131 31.01323 -4.631607
v 9.539015 24.7509 -5.32185
v 10.1152 24.7509 -5.805609
v 10.10537 26.70069 -5.663038
v 9.681587 26.70069 -5.3071
v 9.542948 28.79993 -5.056372
v 9.886103 28.79993 -5.344463
v 9.356131 31.01323 -4.631607
v 9.639307 31.01323 -4.869553
v 9.639307 31.01323 -4.869553
v 10.6904 31.01323 -3.615908
v 10.40723 31.01323 -3.378944
v 9.356131 31.01323 -4.631607
v 10.40723 31.01323 -3.378944
v 10.6904 31.01323 -3.615908
v 11.20169 28.79993 -3.776178
v 10.85854 28.79993 -3.488085
v 11.12893 26.70069 -3.581493
v 11.5537 26.70069 -3.937431
v 11.1191 24.7509 -3.438923
v 11.69529 24.7509 -3.922682
v -1.42424 24.7509 -9.588179
v 1.02504 24.7509 -9.802526
v 0.9316311 26.70069 -9.695353
v -1.313133 26.70069 -9.499685
v -1.177444 28.79993 -9.135881
v 0.860836 28.79993 -9.314835
v -0.9296646 31.01323 -8.661955
v 0.6995831 31.01323 -8.804527
v 0.9798107 26.70069 -9.143747
v 1.090918 24.7509 -9.054272
v -1.35836 24.7509 -8.839924
v -1.263969 26.70069 -8.947098
v 0.9001675 28.79993 -8.868437
v -1.139095 28.79993 -8.69047
v 0.7320309 31.01323 -8.43679
v -0.8972168 31.01323 -8.294218
v -1.35836 24.7509 -8.839924
v -1.42424 24.7509 -9.588179
v -1.313133 26.70069 -9.499685
v -1.263969 26.70069 -8.947098
v -1.139095 28.79993 -8.69047
v -1.177444 28.79993 -9.135881
v -0.8972168 31.01323 -8.294218
v -0.9296646 31.01323 -8.661955
v -0.9296646 31.01323 -8.661955
v 0.6995831 31.01323 -8.804527
v 0.7320309 31.01323 -8.43679
v -0.8972168 31.01323 -8.294218
v 0.7320309 31.01323 -8.43679
v 0.6995831 31.01323 -8.804527
v 0.860836 28.79993 -9.314835
v 0.9001675 28.79993 -8.868437
v 0.9798107 26.70069 -9.143747
v 0.9316311 26.70069 -9.695353
v 1.090918 24.7509 -9.054272
v 1.02504 24.7509 -9.802526
v -10.50359 24.7509 -1.680868
v -9.465271 24.7509 -3.908916
v -9.41906 26.70069 -3.774212
v -10.37085 26.70069 -1.731998
v -9.989346 28.79993 -1.668087
v -9.124084 28.79993 -3.522499
v -9.454456 31.01323 -1.645472
v -8.763229 31.01323 -3.127232
v -8.916618 26.70069 -3.539213
v -8.783878 24.7509 -3.591326
v -9.823174 24.7509 -1.363277
v -9.868404 26.70069 -1.497984
v -8.717999 28.79993 -3.333714
v -9.583263 28.79993 -1.478319
v -8.428925 31.01323 -2.971878
v -9.119167 31.01323 -1.489134
v -9.823174 24.7509 -1.363277
v -10.50359 24.7509 -1.680868
v -10.37085 26.70069 -1.731998
v -9.868404 26.70069 -1.497984
v -9.583263 28.79993 -1.478319
v -9.989346 28.79993 -1.668087
v -9.119167 31.01323 -1.489134
v -9.454456 31.01323 -1.645472
v -9.454456 31.01323 -1.645472
v -8.763229 31.01323 -3.127232
v -8.428925 31.01323 -2.971878
v -9.119167 31.01323 -1.489134
v -8.428925 31.01323 -2.971878
v -8.763229 31.01323 -3.127232
v -9.124084 28.79993 -3.522499
v -8.717999 28.79993 -3.333714
v -8.916618 26.70069 -3.539213
v -9.41906 26.70069 -3.774212
v -8.783878 24.7509 -3.591326
v -9.465271 24.7509 -3.908916
v -7.993343 24.7509 10.7258
v -9.433807 24.7509 8.734715
v -9.294186 26.70069 8.760281
v -7.973679 26.70069 10.58519
v -7.7318 28.79895 10.28235
v -8.931366 28.79993 8.624592
v -7.451572 31.01323 9.826126
v -8.410244 31.01323 8.501686
v -8.844841 26.70069 8.434822
v -8.825176 24.7509 8.29422
v -7.384712 24.7509 10.28531
v -7.525314 26.70069 10.25974
v -8.568546 28.79993 8.362064
v -7.36898 28.79993 10.01982
v -8.111336 31.01323 8.28537
v -7.152664 31.01323 9.60981
v -7.384712 24.7509 10.28531
v -7.993343 24.7509 10.7258
v -7.973679 26.70069 10.58519
v -7.525314 26.70069 10.25974
v -7.36898 28.79993 10.01982
v -7.7318 28.79895 10.28235
v -7.152664 31.01323 9.60981
v -7.451572 31.01323 9.826126
v -7.451572 31.01323 9.826126
v -8.410244 31.01323 8.501686
v -8.111336 31.01323 8.28537
v -7.152664 31.01323 9.60981
v -8.111336 31.01323 8.28537
v -8.410244 31.01323 8.501686
v -8.931366 28.79993 8.624592
v -8.568546 28.79993 8.362064
v -8.844841 26.70069 8.434822
v -9.294186 26.70069 8.760281
v -8.825176 24.7509 8.29422
v -9.433807 24.7509 8.734715
v 3.528399 24.7509 14.44053
v 1.106649 24.7509 14.86726
v 1.19121 26.70069 14.75222
v 3.409426 26.70069 14.36088
v 3.243256 28.79993 14.01085
v 1.227589 28.79993 14.3658
v 2.955162 31.01323 13.56052
v 1.344597 31.01323 13.84369
v 1.094851 26.70069 14.20651
v 0.97686 24.7509 14.12687
v 3.397625 24.7509 13.70013
v 3.313066 26.70069 13.81518
v 1.149912 28.79993 13.9253
v 3.165579 28.79993 13.56936
v 1.280685 31.01323 13.47989
v 2.891251 31.01323 13.19573
v 3.397625 24.7509 13.70013
v 3.528399 24.7509 14.44053
v 3.409426 26.70069 14.36088
v 3.313066 26.70069 13.81518
v 3.165579 28.79993 13.56936
v 3.243256 28.79993 14.01085
v 2.891251 31.01323 13.19573
v 2.955162 31.01323 13.56052
v 2.955162 31.01323 13.56052
v 1.344597 31.01323 13.84369
v 1.280685 31.01323 13.47989
v 2.891251 31.01323 13.19573
v 1.280685 31.01323 13.47989
v 1.344597 31.01323 13.84369
v 1.227589 28.79993 14.3658
v 1.149912 28.79993 13.9253
v 1.094851 26.70069 14.20651
v 1.19121 26.70069 14.75222
v 0.97686 24.7509 14.12687
v 1.106649 24.7509 14.86726
v 3.599192 21.77165 14.98623
v 3.599192 21.77165 15.99701
v 3.214741 22.95352 15.99701
v 3.214741 22.95352 14.98623
v 3.214741 20.5888 14.98623
v 3.214741 20.5888 15.99701
v 3.214741 22.95352 14.98623
v 3.214741 22.95352 15.99701
v 2.208874 23.68407 15.99701
v 2.208874 23.68407 14.98623
v 0.9660454 23.68407 15.99701
v 0.9660454 23.68407 14.98623
v -0.03982162 22.95352 15.99701
v -0.03982162 22.95352 14.98623
v -0.03982162 22.95352 14.98623
v -0.03982162 22.95352 15.99701
v -0.4232903 21.77165 15.99701
v -0.4232903 21.77165 14.98623
v -0.03982162 20.5888 15.99701
v -0.03982162 20.5888 14.98623
v -0.03982162 20.5888 14.98623
v -0.03982162 20.5888 15.99701
v 0.9660454 19.85824 15.99701
v 0.9660454 19.85824 14.98623
v 0.9660454 19.85824 14.98623
v 0.9660454 19.85824 15.99701
v 2.208874 19.85824 15.99701
v 2.208874 19.85824 14.98623
v 2.208874 19.85824 14.98623
v 2.208874 19.85824 15.99701
v 3.214741 20.5888 15.99701
v 3.214741 20.5888 14.98623
v 3.599192 21.77165 15.99701
v 3.215725 21.77165 16.07272
v 2.905016 22.72835 16.07272
v 3.214741 22.95352 15.99701
v 2.090885 23.32027 16.07272
v 2.208874 23.68407 15.99701
v 1.084034 23.32027 16.07272
v 0.9660454 23.68407 15.99701
v 0.2699032 22.72835 16.07272
v -0.03982162 22.95352 15.99701
v -0.04080582 21.77165 16.07272
v -0.4232903 21.77165 15.99701
v 0.2699032 20.81396 16.07272
v -0.03982162 20.5888 15.99701
v 1.084034 20.22303 16.07272
v 0.9660454 19.85824 15.99701
v 2.090885 20.22303 16.07272
v 2.208874 19.85824 15.99701
v 2.905016 20.81396 16.07272
v 3.214741 20.5888 15.99701
v 1.071253 20.18861 15.90164
v 2.10465 23.36845 15.90164
v 2.940414 22.7608 15.90164
v 2.10465 20.18861 15.90164
v 1.071253 23.36845 15.90164
v 0.2354889 20.79528 15.90164
v 0.2354889 22.7608 15.90164
v -0.0840683 21.77853 15.90164
v 2.940414 20.79528 15.90164
v 3.25997 21.77853 15.90164
v 3.215725 21.77165 16.07272
v 3.114449 21.77165 15.7453
v 2.823406 22.66936 15.7453
v 2.905016 22.72835 16.07272
v 2.05942 23.22391 15.7453
v 2.090885 23.32027 16.07272
v 1.115499 23.22391 15.7453
v 1.084034 23.32027 16.07272
v 0.3524952 22.66936 15.7453
v 0.2699032 22.72835 16.07272
v 0.06047058 21.77165 15.7453
v -0.04080582 21.77165 16.07272
v 0.3524952 20.87394 15.7453
v 0.2699032 20.81396 16.07272
v 1.115499 20.31939 15.7453
v 1.084034 20.22303 16.07272
v 2.05942 20.31939 15.7453
v 2.090885 20.22303 16.07272
v 2.823406 20.87394 15.7453
v 2.905016 20.81396 16.07272
v 4.159645 20.40001 15.27235
v 4.159645 22.66444 15.27235
v 3.765362 22.66444 15.10028
v 3.765362 20.40001 15.10028
v 3.765362 20.40001 15.10028
v 3.765362 22.66444 15.10028
v 3.480219 22.66444 15.42083
v 3.480219 20.40001 15.42083
v 3.480219 20.40001 15.42083
v 3.480219 22.66444 15.42083
v 3.696535 22.66444 15.7925
v 3.696535 20.40001 15.7925
v 3.696535 20.40001 15.7925
v 3.696535 22.66444 15.7925
v 4.116383 22.66444 15.70007
v 4.116383 20.40001 15.70007
v 4.116383 20.40001 15.70007
v 4.116383 22.66444 15.70007
v 4.159645 22.66444 15.27235
v 4.159645 20.40001 15.27235
v 3.765362 20.40001 15.10028
v 3.480219 20.40001 15.42083
v 3.696535 20.40001 15.7925
v 4.116383 20.40001 15.70007
v 4.159645 20.40001 15.27235
v 3.765362 22.66444 15.10028
v 4.159645 22.66444 15.27235
v 4.116383 22.66444 15.70007
v 3.696535 22.66444 15.7925
v 3.480219 22.66444 15.42083
v -0.4921188 20.40001 15.17698
v -0.4921188 22.66444 15.17698
v -0.9208145 22.66444 15.14748
v -0.9208145 20.40001 15.14748
v -0.9208145 20.40001 15.14748
v -0.9208145 22.66444 15.14748
v -1.082069 22.66444 15.5457
v -1.082069 20.40001 15.5457
v -1.082069 20.40001 15.5457
v -1.082069 22.66444 15.5457
v -0.7526779 22.66444 15.82199
v -0.7526779 20.40001 15.82199
v -0.7526779 20.40001 15.82199
v -0.7526779 22.66444 15.82199
v -0.3878937 22.66444 15.59388
v -0.3878937 20.40001 15.59388
v -0.3878937 20.40001 15.59388
v -0.3878937 22.66444 15.59388
v -0.4921188 22.66444 15.17698
v -0.4921188 20.40001 15.17698
v -0.9208145 20.40001 15.14748
v -1.082069 20.40001 15.5457
v -0.7526779 20.40001 15.82199
v -0.3878937 20.40001 15.59388
v -0.4921188 20.40001 15.17698
v -0.9208145 22.66444 15.14748
v -0.4921188 22.66444 15.17698
v -0.3878937 22.66444 15.59388
v -0.7526779 22.66444 15.82199
v -1.082069 22.66444 15.5457
v -12.48484 19.88971 2.611023
v -12.21051 19.87594 5.482121
v -17.11399 15.9803 6.592209
v -17.43551 15.9803 2.611023
v -11.30297 19.86316 8.129032
v -15.7571 15.9803 10.23516
v -13.56543 15.9803 13.81321
v -15.7571 15.9803 10.23516
v -11.30297 19.86316 8.129032
v -9.714035 19.86316 10.74153
v -10.76218 15.9803 16.82393
v -7.692471 19.86316 12.93419
v -7.331615 15.9803 18.91137
v -5.154697 19.88971 14.52017
v 1.060436 19.88971 15.74235
v 1.060436 15.9803 20.60944
v -3.018089 15.9803 20.22106
v -2.077118 19.88971 15.51424
v -5.154697 19.88971 14.52017
v -2.077118 19.88971 15.51424
v -3.018089 15.9803 20.22106
v -7.331615 15.9803 18.91137
v -17.11399 15.9803 6.592209
v -16.76886 15.71088 6.516499
v -17.08449 15.71088 2.611023
v -17.43551 15.9803 2.611023
v -15.7571 15.9803 10.23516
v -15.43853 15.71088 10.09062
v -13.56543 15.9803 13.81321
v -13.28815 15.71088 13.60083
v -15.43853 15.71088 10.09062
v -15.7571 15.9803 10.23516
v -10.76218 15.9803 16.82393
v -10.53701 15.71088 16.55452
v -7.331615 15.9803 18.91137
v -7.172329 15.71088 18.60263
v 1.060436 15.9803 20.60944
v 1.060436 15.71088 20.26727
v -2.940414 15.71088 19.88676
v -3.018089 15.9803 20.22106
v -3.018089 15.9803 20.22106
v -2.940414 15.71088 19.88676
v -7.172329 15.71088 18.60263
v -7.331615 15.9803 18.91137
v -16.76886 15.71088 6.516499
v -15.22024 15.81904 6.186127
v -15.54766 15.81904 2.611023
v -17.08449 15.71088 2.611023
v -15.43853 15.71088 10.09062
v -14.0954 15.81904 9.42004
v -13.28815 15.71088 13.60083
v -12.22919 15.81904 12.72279
v -10.53701 15.71088 16.55452
v -9.65799 15.81904 15.3107
v 1.060436 15.71088 20.26727
v 1.060436 15.81904 19.5141
v -2.792927 15.81904 19.08934
v -2.940414 15.71088 19.88676
v -6.57058 15.81904 17.22411
v -7.172329 15.71088 18.60263
v -9.65799 15.81904 15.3107
v -10.53701 15.71088 16.55452
v -10.59896 19.90937 2.611023
v -10.39739 19.90937 5.079971
v -12.21051 19.87594 5.482121
v -12.48484 19.88971 2.611023
v -11.30297 19.86316 8.129032
v -12.21051 19.87594 5.482121
v -10.39739 19.90937 5.079971
v -9.649139 19.90937 7.307034
v -8.296185 19.90937 9.551796
v -9.714035 19.86316 10.74153
v -9.714035 19.86316 10.74153
v -8.296185 19.90937 9.551796
v -6.583363 19.90937 11.51633
v -7.692471 19.86316 12.93419
v -5.154697 19.88971 14.52017
v -4.397594 19.90937 12.83192
v 1.060436 19.90937 13.85352
v 1.060436 19.88971 15.74235
v -2.077118 19.88971 15.51424
v -1.817539 19.90937 13.67064
v -5.154697 19.88971 14.52017
v -4.397594 19.90937 12.83192
v 14.60571 19.88971 2.611023
v 19.55638 15.9803 2.611023
v 19.23486 15.9803 6.592209
v 14.33237 19.87594 5.482121
v 13.42384 19.86316 8.129032
v 17.87896 15.9803 10.23516
v 15.6863 15.9803 13.81321
v 11.83491 19.86316 10.74153
v 13.42384 19.86316 8.129032
v 17.87896 15.9803 10.23516
v 12.88305 15.9803 16.82393
v 9.813343 19.86316 12.93419
v 9.45249 15.9803 18.91137
v 7.27557 19.88971 14.52017
v 1.060436 19.88971 15.74235
v 4.197992 19.88971 15.51424
v 5.138964 15.9803 20.22106
v 1.060436 15.9803 20.60944
v 7.27557 19.88971 14.52017
v 9.45249 15.9803 18.91137
v 5.138964 15.9803 20.22106
v 4.197992 19.88971 15.51424
v 19.23486 15.9803 6.592209
v 19.55638 15.9803 2.611023
v 19.20536 15.71088 2.611023
v 18.88974 15.71088 6.516499
v 17.87896 15.9803 10.23516
v 17.5594 15.71088 10.09062
v 15.6863 15.9803 13.81321
v 17.87896 15.9803 10.23516
v 17.5594 15.71088 10.09062
v 15.40903 15.71088 13.60083
v 12.88305 15.9803 16.82393
v 12.65887 15.71088 16.55452
v 9.45249 15.9803 18.91137
v 9.293201 15.71088 18.60263
v 1.060436 15.9803 20.60944
v 5.138964 15.9803 20.22106
v 5.062271 15.71088 19.88676
v 1.060436 15.71088 20.26727
v 5.138964 15.9803 20.22106
v 9.45249 15.9803 18.91137
v 9.293201 15.71088 18.60263
v 5.062271 15.71088 19.88676
v 18.88974 15.71088 6.516499
v 19.20536 15.71088 2.611023
v 17.87601 15.81904 2.611023
v 17.61348 15.81904 6.193993
v 17.5594 15.71088 10.09062
v 16.21628 15.81904 9.42004
v 15.40903 15.71088 13.60083
v 14.2655 15.81904 12.62151
v 12.65887 15.71088 16.55452
v 11.79459 15.81904 15.34512
v 1.060436 15.71088 20.26727
v 5.062271 15.71088 19.88676
v 4.913799 15.81904 19.04116
v 1.060436 15.81904 19.5141
v 6.267736 15.81904 18.77273
v 9.293201 15.71088 18.60263
v 7.079903 15.81904 18.31945
v 8.770113 15.81904 17.30375
v 11.79459 15.81904 15.34512
v 12.65887 15.71088 16.55452
v 12.71983 19.90937 2.611023
v 14.60571 19.88971 2.611023
v 14.33237 19.87594 5.482121
v 12.51925 19.90937 5.079971
v 13.42384 19.86316 8.129032
v 11.77001 19.90937 7.307034
v 12.51925 19.90937 5.079971
v 14.33237 19.87594 5.482121
v 10.41706 19.90937 9.551796
v 11.83491 19.86316 10.74153
v 11.83491 19.86316 10.74153
v 9.813343 19.86316 12.93419
v 8.704235 19.90937 11.51633
v 10.41706 19.90937 9.551796
v 7.27557 19.88971 14.52017
v 6.518467 19.90937 12.83192
v 1.060436 19.90937 13.85352
v 3.938414 19.90937 13.67064
v 4.197992 19.88971 15.51424
v 1.060436 19.88971 15.74235
v 7.27557 19.88971 14.52017
v 6.518467 19.90937 12.83192
v -12.48484 19.88971 2.611023
v -17.43551 15.9803 2.611023
v -17.11399 15.9803 -1.371143
v -12.21051 19.87594 -0.2610531
v -11.30297 19.86316 -2.906982
v -15.7571 15.9803 -5.014091
v -13.56543 15.9803 -8.592144
v -9.714035 19.86316 -5.519484
v -11.30297 19.86316 -2.906982
v -15.7571 15.9803 -5.014091
v -10.76218 15.9803 -11.60286
v -7.692471 19.86316 -7.713118
v -7.331615 15.9803 -13.6903
v -5.154697 19.88971 -9.299103
v 1.060436 19.88971 -10.52128
v -2.077118 19.88971 -10.29317
v -3.018089 15.9803 -14.99999
v 1.060436 15.9803 -15.3874
v -5.154697 19.88971 -9.299103
v -7.331615 15.9803 -13.6903
v -3.018089 15.9803 -14.99999
v -2.077118 19.88971 -10.29317
v -17.11399 15.9803 -1.371143
v -17.43551 15.9803 2.611023
v -17.08449 15.71088 2.611023
v -16.76886 15.71088 -1.295433
v -15.7571 15.9803 -5.014091
v -15.43853 15.71088 -4.869553
v -13.56543 15.9803 -8.592144
v -15.7571 15.9803 -5.014091
v -15.43853 15.71088 -4.869553
v -13.28815 15.71088 -8.378778
v -10.76218 15.9803 -11.60286
v -10.53701 15.71088 -11.33247
v -7.331615 15.9803 -13.6903
v -7.172329 15.71088 -13.38058
v 1.060436 15.9803 -15.3874
v -3.018089 15.9803 -14.99999
v -2.940414 15.71088 -14.66569
v 1.060436 15.71088 -15.04621
v -3.018089 15.9803 -14.99999
v -7.331615 15.9803 -13.6903
v -7.172329 15.71088 -13.38058
v -2.940414 15.71088 -14.66569
v -16.76886 15.71088 -1.295433
v -17.08449 15.71088 2.611023
v -15.54766 15.81904 2.611023
v -15.1465 15.81904 -0.9158993
v -15.43853 15.71088 -4.869553
v -13.85057 15.81904 -4.177345
v -13.28815 15.71088 -8.378778
v -11.92733 15.81904 -7.368979
v -10.53701 15.71088 -11.33247
v -9.519352 15.81904 -10.14175
v 1.060436 15.71088 -15.04621
v -2.940414 15.71088 -14.66569
v -2.792927 15.81904 -13.22424
v 1.060436 15.81904 -13.49955
v -6.537148 15.81904 -11.91258
v -7.172329 15.71088 -13.38058
v -7.172329 15.71088 -13.38058
v -10.53701 15.71088 -11.33247
v -9.519352 15.81904 -10.14175
v -6.537148 15.81904 -11.91258
v -10.59896 19.90937 2.611023
v -12.48484 19.88971 2.611023
v -12.21051 19.87594 -0.2610531
v -10.39739 19.90937 0.141098
v -11.30297 19.86316 -2.906982
v -9.649139 19.90937 -2.085968
v -10.39739 19.90937 0.141098
v -12.21051 19.87594 -0.2610531
v -8.296185 19.90937 -4.329748
v -9.714035 19.86316 -5.519484
v -9.714035 19.86316 -5.519484
v -7.692471 19.86316 -7.713118
v -6.583363 19.90937 -6.294285
v -8.296185 19.90937 -4.329748
v -5.154697 19.88971 -9.299103
v -4.397594 19.90937 -7.610859
v 1.060436 19.90937 -8.632458
v -1.817539 19.90937 -8.449572
v -2.077118 19.88971 -10.29317
v 1.060436 19.88971 -10.52128
v -5.154697 19.88971 -9.299103
v -4.397594 19.90937 -7.610859
v 14.60571 19.88971 2.611023
v 14.33237 19.87594 -0.2610531
v 19.23486 15.9803 -1.371143
v 19.55638 15.9803 2.611023
v 13.42384 19.86316 -2.906982
v 17.87896 15.9803 -5.014091
v 15.6863 15.9803 -8.592144
v 17.87896 15.9803 -5.014091
v 13.42384 19.86316 -2.906982
v 11.83491 19.86316 -5.519484
v 12.88305 15.9803 -11.60286
v 9.813343 19.86316 -7.713118
v 9.45249 15.9803 -13.6903
v 7.27557 19.88971 -9.299103
v 1.060436 19.88971 -10.52128
v 1.060436 15.9803 -15.3874
v 5.138964 15.9803 -14.99999
v 4.197992 19.88971 -10.29317
v 7.27557 19.88971 -9.299103
v 4.197992 19.88971 -10.29317
v 5.138964 15.9803 -14.99999
v 9.45249 15.9803 -13.6903
v 19.23486 15.9803 -1.371143
v 18.88974 15.71088 -1.295433
v 19.20536 15.71088 2.611023
v 19.55638 15.9803 2.611023
v 17.87896 15.9803 -5.014091
v 17.5594 15.71088 -4.869553
v 15.6863 15.9803 -8.592144
v 15.40903 15.71088 -8.378778
v 17.5594 15.71088 -4.869553
v 17.87896 15.9803 -5.014091
v 12.88305 15.9803 -11.60286
v 12.65887 15.71088 -11.33247
v 9.45249 15.9803 -13.6903
v 9.293201 15.71088 -13.38058
v 1.060436 15.9803 -15.3874
v 1.060436 15.71088 -15.04621
v 5.062271 15.71088 -14.66569
v 5.138964 15.9803 -14.99999
v 5.138964 15.9803 -14.99999
v 5.062271 15.71088 -14.66569
v 9.293201 15.71088 -13.38058
v 9.45249 15.9803 -13.6903
v 18.88974 15.71088 -1.295433
v 17.40601 15.81904 -0.9719448
v 17.87601 15.81904 2.611023
v 19.20536 15.71088 2.611023
v 17.5594 15.71088 -4.869553
v 16.21628 15.81904 -4.198977
v 15.40903 15.71088 -8.378778
v 14.2655 15.81904 -7.400442
v 12.65887 15.71088 -11.33247
v 11.76903 15.81904 -10.01982
v 1.060436 15.71088 -15.04621
v 1.060436 15.81904 -13.49955
v 4.913799 15.81904 -13.22424
v 5.062271 15.71088 -14.66569
v 8.691452 15.81904 -12.00304
v 9.293201 15.71088 -13.38058
v 11.76903 15.81904 -10.01982
v 12.65887 15.71088 -11.33247
v 12.71983 19.90937 2.611023
v 12.51925 19.90937 0.141098
v 14.33237 19.87594 -0.2610531
v 14.60571 19.88971 2.611023
v 13.42384 19.86316 -2.906982
v 14.33237 19.87594 -0.2610531
v 12.51925 19.90937 0.141098
v 11.77001 19.90937 -2.085968
v 10.41706 19.90937 -4.329748
v 11.83491 19.86316 -5.519484
v 11.83491 19.86316 -5.519484
v 10.41706 19.90937 -4.329748
v 8.704235 19.90937 -6.294285
v 9.813343 19.86316 -7.713118
v 7.27557 19.88971 -9.299103
v 6.518467 19.90937 -7.610859
v 1.060436 19.90937 -8.632458
v 1.060436 19.88971 -10.52128
v 4.197992 19.88971 -10.29317
v 3.938414 19.90937 -8.449572
v 7.27557 19.88971 -9.299103
v 6.518467 19.90937 -7.610859
v -11.35705 7.932381 -12.87519
v -11.97256 7.932381 -16.87407
v -11.97256 0.06735229 -16.87407
v -11.35705 0.06735229 -12.87519
v -11.97256 7.932381 -16.87407
v -13.95676 7.932381 -20.14338
v -13.95676 0.06735229 -20.14338
v -11.97256 0.06735229 -16.87407
v -13.95676 7.932381 -20.14338
v -17.05892 7.932381 -22.41371
v -17.05892 0.06735229 -22.41371
v -13.95676 0.06735229 -20.14338
v -25.3438 7.932381 -4.648321
v -21.61039 7.932381 -3.729965
v -21.61039 0.06735229 -3.729965
v -25.3438 0.06735229 -4.648321
v -21.61039 7.932381 -3.729965
v -17.83078 7.932381 -4.31205
v -17.83078 0.06735229 -4.31205
v -21.61039 0.06735229 -3.729965
v -30.10274 0.06735229 -17.68132
v -30.10274 7.932381 -17.68132
v -31.01225 7.932381 -13.9666
v -31.01225 0.06735229 -13.9666
v -31.01225 7.932381 -13.9666
v -30.43016 7.932381 -10.18698
v -30.43016 0.06735229 -10.18698
v -31.01225 0.06735229 -13.9666
v -30.43016 7.932381 -10.18698
v -28.44596 7.932381 -6.917667
v -28.44596 0.06735229 -6.917667
v -30.43016 0.06735229 -10.18698
v -28.44596 7.932381 -6.917667
v -25.3438 7.932381 -4.648321
v -25.3438 0.06735229 -4.648321
v -28.44596 0.06735229 -6.917667
v -17.05892 7.932381 -22.41371
v -20.79233 7.932381 -23.33109
v -20.79233 0.06735229 -23.33109
v -17.05892 0.06735229 -22.41371
v -20.79233 7.932381 -23.33109
v -24.57195 7.932381 -22.749
v -24.57195 0.06735229 -22.749
v -20.79233 0.06735229 -23.33109
v -24.57195 7.932381 -22.749
v -27.84126 7.932381 -20.76578
v -27.84126 0.06735229 -20.76578
v -24.57195 0.06735229 -22.749
v -27.84126 7.932381 -20.76578
v -30.10274 7.932381 -17.68132
v -30.10274 0.06735229 -17.68132
v -27.84126 0.06735229 -20.76578
v -25.69679 5.738747 -4.743698
v -25.69679 5.048504 -4.743698
v -26.24446 5.048504 -5.14978
v -26.24446 5.738747 -5.14978
v -25.69679 5.048504 -4.743698
v -25.59355 5.048504 -4.861687
v -26.14122 5.048504 -5.267771
v -26.24446 5.048504 -5.14978
v -25.69679 5.738747 -4.743698
v -25.59355 5.738747 -4.861687
v -25.59355 5.048504 -4.861687
v -25.69679 5.048504 -4.743698
v -26.24446 5.738747 -5.14978
v -26.14122 5.738747 -5.267771
v -25.59355 5.738747 -4.861687
v -25.69679 5.738747 -4.743698
v -26.24446 5.048504 -5.14978
v -26.14122 5.048504 -5.267771
v -26.14122 5.738747 -5.267771
v -26.24446 5.738747 -5.14978
v -27.1992 5.738747 -5.855755
v -27.1992 5.048504 -5.855755
v -27.7626 5.048504 -6.239223
v -27.7626 5.738747 -6.239223
v -27.1992 5.048504 -5.855755
v -27.10087 5.048504 -5.977678
v -27.66428 5.048504 -6.361147
v -27.7626 5.048504 -6.239223
v -27.1992 5.738747 -5.855755
v -27.10087 5.738747 -5.977678
v -27.10087 5.048504 -5.977678
v -27.1992 5.048504 -5.855755
v -27.7626 5.738747 -6.239223
v -27.66428 5.738747 -6.361147
v -27.10087 5.738747 -5.977678
v -27.1992 5.738747 -5.855755
v -27.7626 5.048504 -6.239223
v -27.66428 5.048504 -6.361147
v -27.66428 5.738747 -6.361147
v -27.7626 5.738747 -6.239223
v -28.81075 5.738747 -7.261805
v -28.81075 5.048504 -7.261805
v -29.1657 5.048504 -7.844873
v -29.1657 5.738747 -7.844873
v -28.81075 5.048504 -7.261805
v -28.67014 5.048504 -7.3326
v -29.0251 5.048504 -7.914684
v -29.1657 5.048504 -7.844873
v -28.81075 5.738747 -7.261805
v -28.67014 5.738747 -7.3326
v -28.67014 5.048504 -7.3326
v -28.81075 5.048504 -7.261805
v -29.1657 5.738747 -7.844873
v -29.0251 5.738747 -7.914684
v -28.67014 5.738747 -7.3326
v -28.81075 5.738747 -7.261805
v -29.1657 5.048504 -7.844873
v -29.0251 5.048504 -7.914684
v -29.0251 5.738747 -7.914684
v -29.1657 5.738747 -7.844873
v -29.80678 5.738747 -8.898918
v -29.80678 5.048504 -8.898918
v -30.14305 5.048504 -9.491819
v -30.14305 5.738747 -9.491819
v -29.80678 5.048504 -8.898918
v -29.66519 5.048504 -8.964796
v -30.00048 5.048504 -9.55868
v -30.14305 5.048504 -9.491819
v -29.80678 5.738747 -8.898918
v -29.66519 5.738747 -8.964796
v -29.66519 5.048504 -8.964796
v -29.80678 5.048504 -8.898918
v -30.14305 5.738747 -9.491819
v -30.00048 5.738747 -9.55868
v -29.66519 5.738747 -8.964796
v -29.80678 5.738747 -8.898918
v -30.14305 5.048504 -9.491819
v -30.00048 5.048504 -9.55868
v -30.00048 5.738747 -9.55868
v -30.14305 5.738747 -9.491819
v -14.07869 7.356197 -10.97456
v -14.07869 0.5835609 -10.97456
v -7.573494 0.5835609 -15.7335
v -7.573494 7.356197 -15.7335
v -7.573494 7.356197 -15.7335
v -7.573494 0.5835609 -15.7335
v 0.2531872 0.5835609 -17.65772
v 0.2531872 7.356197 -17.65772
v 0.2531872 7.356197 -17.65772
v 0.2531872 0.5835609 -17.65772
v 8.178196 0.5835609 -16.43849
v 8.178196 7.356197 -16.43849
v 8.178196 7.356197 -16.43849
v 8.178196 0.5835609 -16.43849
v 15.03244 0.5835609 -12.27835
v 15.03244 7.356197 -12.27835
v -14.23798 0.06341934 -11.12008
v -7.664936 0.06341934 -15.92917
v -7.664936 0.5835609 -15.92917
v -14.23798 0.5835609 -11.12008
v -7.664936 0.06341934 -15.92917
v 0.2443371 0.06341934 -17.87305
v 0.2443371 0.5835609 -17.87305
v -7.664936 0.5835609 -15.92917
v 0.2443371 0.06341934 -17.87305
v 8.25194 0.06341934 -16.64104
v 8.25194 0.5835609 -16.64104
v 0.2443371 0.5835609 -17.87305
v 8.25194 0.06341934 -16.64104
v 15.17796 0.06341934 -12.43764
v 15.17796 0.5835609 -12.43764
v 8.25194 0.5835609 -16.64104
v -7.664936 0.5835609 -15.92917
v -7.573494 0.5835609 -15.7335
v -14.07869 0.5835609 -10.97456
v -14.23798 0.5835609 -11.12008
v 0.2443371 0.5835609 -17.87305
v 0.2531872 0.5835609 -17.65772
v -7.573494 0.5835609 -15.7335
v -7.664936 0.5835609 -15.92917
v 8.25194 0.5835609 -16.64104
v 8.178196 0.5835609 -16.43849
v 0.2531872 0.5835609 -17.65772
v 0.2443371 0.5835609 -17.87305
v 15.17796 0.5835609 -12.43764
v 15.03244 0.5835609 -12.27835
v 8.178196 0.5835609 -16.43849
v 8.25194 0.5835609 -16.64104
v -18.60656 7.424042 6.950115
v -18.85336 7.424042 7.001244
v -18.85336 0.5835609 7.001244
v -18.60656 0.5835609 6.950115
v -18.85336 7.424042 7.001244
v -18.72652 7.424042 7.614792
v -18.72652 0.5835609 7.614792
v -18.85336 0.5835609 7.001244
v -18.72652 7.424042 7.614792
v -18.47972 7.424042 7.564648
v -18.47972 0.5835609 7.564648
v -18.72652 0.5835609 7.614792
v -14.88889 7.424042 15.11012
v -15.09144 7.424042 15.26056
v -15.09144 0.5835609 15.26056
v -14.88889 0.5835609 15.11012
v -15.09144 7.424042 15.26056
v -14.71682 7.424042 15.76398
v -14.71682 0.5835609 15.76398
v -15.09144 0.5835609 15.26056
v -14.71682 7.424042 15.76398
v -14.51427 7.424042 15.61354
v -14.51427 0.5835609 15.61354
v -14.71682 0.5835609 15.76398
v -7.531216 7.424042 21.13253
v -7.669853 7.424042 21.34295
v -7.669853 0.5835609 21.34295
v -7.531216 0.5835609 21.13253
v -7.669853 7.424042 21.34295
v -7.145782 7.424042 21.68807
v -7.145782 0.5835609 21.68807
v -7.669853 0.5835609 21.34295
v -7.145782 7.424042 21.68807
v -7.007141 7.424042 21.47766
v -7.007141 0.5835609 21.47766
v -7.145782 0.5835609 21.68807
v -18.60656 7.424042 -1.445871
v -18.60656 0.5835609 -1.445871
v -18.85336 0.5835609 -1.497
v -18.85336 7.424042 -1.497
v -18.85336 7.424042 -1.497
v -18.85336 0.5835609 -1.497
v -18.72652 0.5835609 -2.11055
v -18.72652 7.424042 -2.11055
v -18.72652 7.424042 -2.11055
v -18.72652 0.5835609 -2.11055
v -18.47972 0.5835609 -2.060404
v -18.47972 7.424042 -2.060404
v -7.531216 7.424042 -15.62829
v -7.531216 0.5835609 -15.62829
v -7.669853 0.5835609 -15.83871
v -7.669853 7.424042 -15.83871
v -7.669853 7.424042 -15.83871
v -7.669853 0.5835609 -15.83871
v -7.145782 0.5835609 -16.18383
v -7.145782 7.424042 -16.18383
v -7.145782 7.424042 -16.18383
v -7.145782 0.5835609 -16.18383
v -7.007141 0.5835609 -15.97341
v -7.007141 7.424042 -15.97341
v 20.48752 7.424042 -2.735897
v 20.73432 7.424042 -2.787027
v 20.73432 0.5835609 -2.787027
v 20.48752 0.5835609 -2.735897
v 20.73432 7.424042 -2.787027
v 20.60748 7.424042 -3.400576
v 20.60748 0.5835609 -3.400576
v 20.73432 0.5835609 -2.787027
v 20.60748 7.424042 -3.400576
v 20.36068 7.424042 -3.35043
v 20.36068 0.5835609 -3.35043
v 20.60748 0.5835609 -3.400576
v 9.025759 7.424042 -15.96457
v 9.164396 7.424042 -16.17498
v 9.164396 0.5835609 -16.17498
v 9.025759 0.5835609 -15.96457
v 9.164396 7.424042 -16.17498
v 8.640324 7.424042 -16.5201
v 8.640324 0.5835609 -16.5201
v 9.164396 0.5835609 -16.17498
v 8.640324 7.424042 -16.5201
v 8.501684 7.424042 -16.3087
v 8.501684 0.5835609 -16.3087
v 8.640324 0.5835609 -16.5201
v 21.13155 7.424042 5.684669
v 21.13155 0.5835609 5.684669
v 21.37835 0.5835609 5.735798
v 21.37835 7.424042 5.735798
v 21.37835 7.424042 5.735798
v 21.37835 0.5835609 5.735798
v 21.25151 0.5835609 6.35033
v 21.25151 7.424042 6.35033
v 21.25151 7.424042 6.35033
v 21.25151 0.5835609 6.35033
v 21.00471 0.5835609 6.299202
v 21.00471 7.424042 6.299202
v 18.11297 7.424042 13.82894
v 18.11297 0.5835609 13.82894
v 18.31552 0.5835609 13.97938
v 18.31552 7.424042 13.97938
v 18.31552 7.424042 13.97938
v 18.31552 0.5835609 13.97938
v 17.9409 0.5835609 14.48182
v 17.9409 7.424042 14.48182
v 17.9409 7.424042 14.48182
v 17.9409 0.5835609 14.48182
v 17.73933 0.5835609 14.33138
v 17.73933 7.424042 14.33138
v 11.22431 7.424042 20.37936
v 11.22431 0.5835609 20.37936
v 11.36295 0.5835609 20.58978
v 11.36295 7.424042 20.58978
v 11.36295 7.424042 20.58978
v 11.36295 0.5835609 20.58978
v 10.83887 0.5835609 20.93392
v 10.83887 7.424042 20.93392
v 10.83887 7.424042 20.93392
v 10.83887 0.5835609 20.93392
v 10.70024 0.5835609 20.7235
v 10.70024 7.424042 20.7235
v 14.46314 13.60673 13.05611
v 14.05214 13.60673 13.59985
v 14.05214 14.29697 13.59985
v 14.46314 14.29697 13.05611
v 13.80239 12.35898 13.95775
v 13.3914 12.35898 14.50149
v 13.3914 13.04922 14.50149
v 13.80239 13.04922 13.95775
v 15.49457 13.60673 11.57828
v 15.10127 13.60673 12.13578
v 15.10127 14.29697 12.13578
v 15.49457 14.29697 11.57828
v 14.85644 12.35898 12.49565
v 14.44937 12.35898 13.04234
v 14.44937 13.04922 13.04234
v 14.85644 13.04922 12.49565
v 16.58401 13.60673 9.963779
v 16.23889 13.60673 10.55177
v 16.23889 14.29697 10.55177
v 16.58401 14.29697 9.963779
v 15.96457 12.35898 10.88902
v 15.58798 12.35898 11.45734
v 15.58798 13.04922 11.45734
v 15.96457 13.04922 10.88902
v 17.18675 13.60673 8.17033
v 16.9547 13.60673 8.811409
v 16.9547 14.29697 8.811409
v 17.18675 14.29697 8.17033
v 16.82098 12.35898 9.18996
v 16.58991 12.35898 9.831039
v 16.58991 13.04922 9.831039
v 16.82098 13.04922 9.18996
v 17.84552 13.60673 6.18121
v 17.62823 13.60673 6.82819
v 17.62823 14.29697 6.82819
v 17.84552 14.29697 6.18121
v 17.52597 12.35898 7.159546
v 17.30375 12.35898 7.804558
v 17.30375 13.04922 7.804558
v 17.52597 13.04922 7.159546
v 17.95958 13.60673 4.37891
v 17.91534 13.60673 5.059322
v 17.91534 14.29697 5.059322
v 17.95958 14.29697 4.37891
v 17.9055 12.35898 5.392643
v 17.86617 12.35898 6.074036
v 17.86617 13.04922 6.074036
v 17.9055 13.04922 5.392643
v -24.11081 5.738747 -22.90927
v -24.11081 5.048504 -22.90927
v -23.43826 5.048504 -23.02431
v -23.43826 5.738747 -23.02431
v -24.11081 5.048504 -22.90927
v -24.09704 5.048504 -22.75293
v -23.4245 5.048504 -22.86797
v -23.43826 5.048504 -23.02431
v -24.11081 5.738747 -22.90927
v -24.09704 5.738747 -22.75293
v -24.09704 5.048504 -22.75293
v -24.11081 5.048504 -22.90927
v -23.43826 5.738747 -23.02431
v -23.4245 5.738747 -22.86797
v -24.09704 5.738747 -22.75293
v -24.11081 5.738747 -22.90927
v -23.43826 5.048504 -23.02431
v -23.4245 5.048504 -22.86797
v -23.4245 5.738747 -22.86797
v -23.43826 5.738747 -23.02431
v -22.36848 5.738747 -23.19835
v -22.36848 5.048504 -23.19835
v -21.69594 5.048504 -23.3065
v -21.69594 5.738747 -23.3065
v -22.36848 5.048504 -23.19835
v -22.35668 5.048504 -23.04201
v -21.68316 5.048504 -23.15017
v -21.69594 5.048504 -23.3065
v -22.36848 5.738747 -23.19835
v -22.35668 5.738747 -23.04201
v -22.35668 5.048504 -23.04201
v -22.36848 5.048504 -23.19835
v -21.69594 5.738747 -23.3065
v -21.68316 5.738747 -23.15017
v -22.35668 5.738747 -23.04201
v -22.36848 5.738747 -23.19835
v -21.69594 5.048504 -23.3065
v -21.68316 5.048504 -23.15017
v -21.68316 5.738747 -23.15017
v -21.69594 5.738747 -23.3065
v -20.42853 5.738747 -23.3301
v -20.42853 5.048504 -23.3301
v -19.77368 5.048504 -23.14132
v -19.77368 5.738747 -23.14132
v -20.42853 5.048504 -23.3301
v -20.48359 5.048504 -23.18261
v -19.82874 5.048504 -22.99383
v -19.77368 5.048504 -23.14132
v -20.42853 5.738747 -23.3301
v -20.48359 5.738747 -23.18261
v -20.48359 5.048504 -23.18261
v -20.42853 5.048504 -23.3301
v -19.77368 5.738747 -23.14132
v -19.82874 5.738747 -22.99383
v -20.48359 5.738747 -23.18261
v -20.42853 5.738747 -23.3301
v -19.77368 5.048504 -23.14132
v -19.82874 5.048504 -22.99383
v -19.82874 5.738747 -22.99383
v -19.77368 5.738747 -23.14132
v -18.64884 5.738747 -22.90829
v -18.64884 5.048504 -22.90829
v -17.99596 5.048504 -22.70967
v -17.99596 5.738747 -22.70967
v -18.64884 5.048504 -22.90829
v -18.70587 5.048504 -22.76178
v -18.05397 5.048504 -22.56415
v -17.99596 5.048504 -22.70967
v -18.64884 5.738747 -22.90829
v -18.70587 5.738747 -22.76178
v -18.70587 5.048504 -22.76178
v -18.64884 5.048504 -22.90829
v -17.99596 5.738747 -22.70967
v -18.05397 5.738747 -22.56415
v -18.70587 5.738747 -22.76178
v -18.64884 5.738747 -22.90829
v -17.99596 5.048504 -22.70967
v -18.05397 5.048504 -22.56415
v -18.05397 5.738747 -22.56415
v -17.99596 5.738747 -22.70967
v 12.89977 5.738747 -21.18071
v 12.89977 5.048504 -21.18071
v 13.25767 5.048504 -21.76083
v 13.25767 5.738747 -21.76083
v 12.89977 5.048504 -21.18071
v 13.02661 5.048504 -21.08731
v 13.38451 5.048504 -21.66742
v 13.25767 5.048504 -21.76083
v 12.89977 5.738747 -21.18071
v 13.02661 5.738747 -21.08731
v 13.02661 5.048504 -21.08731
v 12.89977 5.048504 -21.18071
v 13.25767 5.738747 -21.76083
v 13.38451 5.738747 -21.66742
v 13.02661 5.738747 -21.08731
v 12.89977 5.738747 -21.18071
v 13.25767 5.048504 -21.76083
v 13.38451 5.048504 -21.66742
v 13.38451 5.738747 -21.66742
v 13.25767 5.738747 -21.76083
v 13.9194 5.738747 -22.65068
v 13.9194 5.048504 -22.65068
v 14.35596 5.048504 -23.17377
v 14.35596 5.738747 -23.17377
v 13.9194 5.048504 -22.65068
v 14.03149 5.048504 -22.54055
v 14.46806 5.048504 -23.06364
v 14.35596 5.048504 -23.17377
v 13.9194 5.738747 -22.65068
v 14.03149 5.738747 -22.54055
v 14.03149 5.048504 -22.54055
v 13.9194 5.048504 -22.65068
v 14.35596 5.738747 -23.17377
v 14.46806 5.738747 -23.06364
v 14.03149 5.738747 -22.54055
v 13.9194 5.738747 -22.65068
v 14.35596 5.048504 -23.17377
v 14.46806 5.048504 -23.06364
v 14.46806 5.738747 -23.06364
v 14.35596 5.738747 -23.17377
v 15.30873 5.738747 -23.82369
v 15.30873 5.048504 -23.82369
v 15.88984 5.048504 -24.1816
v 15.88984 5.738747 -24.1816
v 15.30873 5.048504 -23.82369
v 15.38051 5.048504 -23.68407
v 15.96063 5.048504 -24.04099
v 15.88984 5.048504 -24.1816
v 15.30873 5.738747 -23.82369
v 15.38051 5.738747 -23.68407
v 15.38051 5.048504 -23.68407
v 15.30873 5.048504 -23.82369
v 15.88984 5.738747 -24.1816
v 15.96063 5.738747 -24.04099
v 15.38051 5.738747 -23.68407
v 15.30873 5.738747 -23.82369
v 15.88984 5.048504 -24.1816
v 15.96063 5.048504 -24.04099
v 15.96063 5.738747 -24.04099
v 15.88984 5.738747 -24.1816
v 16.92619 5.738747 -24.84136
v 16.92619 5.048504 -24.84136
v 17.5181 5.048504 -25.17862
v 17.5181 5.738747 -25.17862
v 16.92619 5.048504 -24.84136
v 16.99206 5.048504 -24.69879
v 17.58496 5.048504 -25.03604
v 17.5181 5.048504 -25.17862
v 16.92619 5.738747 -24.84136
v 16.99206 5.738747 -24.69879
v 16.99206 5.048504 -24.69879
v 16.92619 5.048504 -24.84136
v 17.5181 5.738747 -25.17862
v 17.58496 5.738747 -25.03604
v 16.99206 5.738747 -24.69879
v 16.92619 5.738747 -24.84136
v 17.5181 5.048504 -25.17862
v 17.58496 5.048504 -25.03604
v 17.58496 5.738747 -25.03604
v 17.5181 5.738747 -25.17862
v 30.86181 5.738747 -17.04319
v 30.86181 5.048504 -17.04319
v 30.9798 5.048504 -16.37261
v 30.9798 5.738747 -16.37261
v 30.86181 5.048504 -17.04319
v 30.70449 5.048504 -17.02844
v 30.82346 5.048504 -16.35688
v 30.9798 5.048504 -16.37261
v 30.86181 5.738747 -17.04319
v 30.70449 5.738747 -17.02844
v 30.70449 5.048504 -17.02844
v 30.86181 5.048504 -17.04319
v 30.9798 5.738747 -16.37261
v 30.82346 5.738747 -16.35786
v 30.70449 5.738747 -17.02844
v 30.86181 5.738747 -17.04319
v 30.9798 5.048504 -16.37261
v 30.82346 5.048504 -16.35688
v 30.82346 5.738747 -16.35786
v 30.9798 5.738747 -16.37261
v 30.91785 5.738747 -15.23892
v 30.91785 5.048504 -15.23892
v 30.79692 5.048504 -14.56835
v 30.79692 5.738747 -14.56835
v 30.91785 5.048504 -15.23892
v 30.76545 5.048504 -15.27924
v 30.64451 5.048504 -14.60866
v 30.79692 5.048504 -14.56835
v 30.91785 5.738747 -15.23892
v 30.76545 5.738747 -15.27924
v 30.76545 5.048504 -15.27924
v 30.91785 5.048504 -15.23892
v 30.79692 5.738747 -14.56835
v 30.64451 5.738747 -14.60866
v 30.76545 5.738747 -15.27924
v 30.91785 5.738747 -15.23892
v 30.79692 5.048504 -14.56835
v 30.64451 5.048504 -14.60866
v 30.64451 5.738747 -14.60866
v 30.79692 5.738747 -14.56835
v 30.52849 5.738747 -13.46711
v 30.52849 5.048504 -13.46711
v 30.40755 5.048504 -12.79653
v 30.40755 5.738747 -12.79653
v 30.52849 5.048504 -13.46711
v 30.37608 5.048504 -13.50742
v 30.25613 5.048504 -12.83684
v 30.40755 5.048504 -12.79653
v 30.52849 5.738747 -13.46711
v 30.37608 5.738747 -13.50742
v 30.37608 5.048504 -13.50742
v 30.52849 5.048504 -13.46711
v 30.40755 5.738747 -12.79653
v 30.25613 5.738747 -12.83684
v 30.37608 5.738747 -13.50742
v 30.52849 5.738747 -13.46711
v 30.40755 5.048504 -12.79653
v 30.25613 5.048504 -12.83684
v 30.25613 5.738747 -12.83684
v 30.40755 5.738747 -12.79653
v 29.9169 5.738747 -11.60778
v 29.9169 5.048504 -11.60778
v 29.53934 5.048504 -11.03946
v 29.53934 5.738747 -11.03946
v 29.9169 5.048504 -11.60778
v 29.79301 5.048504 -11.70414
v 29.41643 5.048504 -11.1368
v 29.53934 5.048504 -11.03946
v 29.9169 5.738747 -11.60778
v 29.79301 5.738747 -11.70414
v 29.79301 5.048504 -11.70414
v 29.9169 5.048504 -11.60778
v 29.53934 5.738747 -11.03946
v 29.41643 5.738747 -11.1368
v 29.79301 5.738747 -11.70414
v 29.9169 5.738747 -11.60778
v 29.53934 5.048504 -11.03946
v 29.41643 5.048504 -11.1368
v 29.41643 5.738747 -11.1368
v 29.53934 5.738747 -11.03946
v 17.96352 12.35898 3.252106
v 17.95663 12.35898 3.933498
v 17.95663 13.04922 3.933498
v 17.96352 13.04922 3.252106
v 2.156763 18.96053 17.23984
v 2.106617 19.20045 17.01664
v 6.669888 19.85529 15.43361
v 6.775095 19.62816 15.62829
v 6.583361 19.63504 15.22123
v 2.088919 18.97823 16.77181
v 6.688568 19.40791 15.41591
v 2.139063 18.73832 16.99501
v 2.139063 18.73832 16.99501
v 6.688568 19.40791 15.41591
v -3.703419 18.75896 16.91832
v -3.66507 18.98512 16.71774
v -3.606075 18.78453 16.49552
v -3.64344 18.55838 16.6961
v -3.64344 18.55838 16.6961
v 6.775095 19.62816 15.62829
v 6.669888 19.85529 15.43361
v 10.37871 19.80318 13.20261
v 10.49572 19.57998 13.38549
v 10.23221 19.58588 13.02956
v 6.583361 19.63504 15.22123
v 10.34921 19.3617 13.21244
v 6.688568 19.40791 15.41591
v 6.688568 19.40791 15.41591
v 10.34921 19.3617 13.21244
v 13.55953 19.30762 10.3089
v 13.71095 19.07262 10.47212
v 13.36386 19.09032 10.17321
v 13.51627 18.85532 10.33643
v 13.51627 18.85532 10.33643
v 13.71095 19.07262 10.47212
v 13.55953 19.30762 10.3089
v 15.89869 18.78453 6.76133
v 16.0855 18.56035 6.842941
v 15.68139 18.58788 6.688568
v 13.36386 19.09032 10.17321
v 15.86821 18.36272 6.77018
v 13.51627 18.85532 10.33643
v 13.51627 18.85532 10.33643
v 15.86821 18.36272 6.77018
v 16.52305 18.81796 2.501884
v 16.73248 18.57215 2.53138
v 16.27527 18.60656 2.496967
v 16.4847 18.36075 2.526466
v 16.4847 18.36075 2.526466
v 16.73248 18.57215 2.53138
v 16.52305 18.81796 2.501884
v 16.5083 18.23686 -2.023041
v 16.7079 18.00186 -2.026974
v 16.27527 18.04316 -1.961096
v 16.27527 18.60656 2.496967
v 16.47487 17.80816 -1.965029
v 16.4847 18.36075 2.526466
v 16.4847 18.36075 2.526466
v 16.47487 17.80816 -1.965029
v 15.09832 17.67051 -6.247089
v 15.28612 17.40306 -6.34738
v 14.87119 17.46697 -6.106483
v 15.05899 17.20051 -6.206776
v 15.05899 17.20051 -6.206776
v 11.78181 17.98417 -9.896919
v 11.88604 17.7472 -10.05621
v 11.62547 17.79734 -9.713051
v 11.7297 17.56038 -9.872337
v 11.7297 17.56038 -9.872337
v 11.88604 17.7472 -10.05621
v 11.78181 17.98417 -9.896919
v 8.095602 18.43056 -11.80344
v 8.130016 17.97138 -12.00894
v 8.014975 18.22998 -11.5714
v 11.62547 17.79734 -9.713051
v 8.049389 17.98908 -11.7769
v 11.7297 17.56038 -9.872337
v 11.7297 17.56038 -9.872337
v 8.049389 17.98908 -11.7769
v 2.641506 18.95955 -12.0876
v 2.588409 18.7157 -12.30884
v 2.635607 18.73832 -11.83786
v 2.583494 18.49447 -12.06007
v 2.583494 18.49447 -12.06007
v 2.588409 18.7157 -12.30884
v 2.641506 18.95955 -12.0876
v -2.206909 19.55442 -10.90082
v -2.294418 19.32827 -11.10042
v -2.155781 19.33712 -10.67762
v 2.635607 18.73832 -11.83786
v -2.24329 19.11195 -10.87722
v 2.583494 18.49447 -12.06007
v 2.583494 18.49447 -12.06007
v -2.24329 19.11195 -10.87722
v -5.867554 19.72845 -9.549831
v -5.945232 19.50722 -9.748447
v -5.76923 19.51509 -9.351213
v -5.846905 19.29287 -9.549831
v -5.846905 19.29287 -9.549831
v -5.945232 19.50722 -9.748447
v -5.867554 19.72845 -9.549831
v -9.462322 19.17783 -7.661987
v -9.575397 18.95856 -7.839956
v -9.307953 18.97528 -7.498768
v -5.76923 19.51509 -9.351213
v -9.421024 18.75602 -7.676737
v -5.846905 19.29287 -9.549831
v -5.846905 19.29287 -9.549831
v -9.421024 18.75602 -7.676737
v -13.16721 18.84352 -3.135098
v -13.34616 18.61541 -3.233423
v -12.95581 18.64491 -3.038738
v -13.13477 18.41778 -3.137064
v -13.13477 18.41778 -3.137064
v -13.34616 18.61541 -3.233423
v -13.16721 18.84352 -3.135098
v -14.25272 18.80125 1.403591
v -14.46609 18.54953 1.36721
v -13.99905 18.58591 1.426205
v -12.95581 18.64491 -3.038738
v -14.21339 18.3342 1.389828
v -13.13477 18.41778 -3.137064
v -13.13477 18.41778 -3.137064
v -14.21339 18.3342 1.389828
v -14.29992 18.48562 5.92065
v -14.49559 18.25357 5.941299
v -14.06984 18.29192 5.879353
v -14.26551 18.06086 5.899017
v -14.26551 18.06086 5.899017
v -14.49559 18.25357 5.941299
v -14.29992 18.48562 5.92065
v -13.22621 18.45219 9.348263
v -13.40221 18.21424 9.450523
v -13.01186 18.25456 9.240108
v -14.06984 18.29192 5.879353
v -13.18688 18.01661 9.342365
v -14.26551 18.06086 5.899017
v -14.26551 18.06086 5.899017
v -13.18688 18.01661 9.342365
v -10.77496 18.7275 12.3757
v -10.91557 18.48562 12.52908
v -10.59601 18.52003 12.20953
v -10.73661 18.27816 12.3639
v -10.73661 18.27816 12.3639
v -10.91557 18.48562 12.52908
v -10.77496 18.7275 12.3757
v -7.47517 18.88679 15.11504
v -7.566612 18.67736 15.27432
v -7.362095 18.70489 14.93608
v -10.59601 18.52003 12.20953
v -7.454521 18.49644 15.09537
v -10.73661 18.27816 12.3639
v -10.73661 18.27816 12.3639
v -7.454521 18.49644 15.09537
v -3.66507 18.98512 16.71774
v -3.703419 18.75896 16.91832
v -3.606075 18.78453 16.49552
v -3.64344 18.55838 16.6961
v -3.64344 18.55838 16.6961
v 11.99321 15.26744 15.32644
v 12.16725 15.51522 15.16813
v 12.9509 15.70892 16.37556
v 12.82996 15.47786 16.61351
v 12.22231 15.03736 15.21828
v 13.11609 15.26646 16.59581
v 12.39635 15.28514 15.05997
v 13.23702 15.49752 16.35885
v 12.16725 15.51522 15.16813
v 12.9509 15.70892 16.37556
v 13.02366 15.94293 16.53584
v 12.99711 15.98226 16.937
v 13.37763 15.97931 16.66366
v 13.02366 15.94293 16.53584
v 13.35206 16.01864 17.06482
v 12.77785 16.44931 16.00095
v 12.66281 16.55943 16.3028
v 13.02071 16.68529 15.98325
v 12.77785 16.44931 16.00095
v 12.90567 16.79541 16.2851
v 10.76906 17.65772 15.50047
v 10.77595 17.69509 15.83477
v 10.90475 17.96155 15.45524
v 10.76906 17.65772 15.50047
v 10.91065 17.99891 15.78955
v 8.12805 18.41286 15.91639
v 8.218508 18.43351 16.2851
v 8.180162 18.78945 15.88
v 8.12805 18.41286 15.91639
v 8.27062 18.81009 16.24774
v 8.218508 18.43351 16.2851
v 8.12805 18.41286 15.91639
v 5.550947 18.49742 16.72855
v 5.600109 18.52003 17.07269
v 8.27062 18.81009 16.24774
v 5.639439 18.86221 17.03926
v 8.180162 18.78945 15.88
v 5.589294 18.83959 16.69512
v 8.12805 18.41286 15.91639
v 5.550947 18.49742 16.72855
v 4.268787 18.77076 16.67546
v 4.27272 18.80616 17.04319
v 4.356297 19.12769 16.64006
v 4.268787 18.77076 16.67546
v 4.359245 19.16308 17.00779
v 2.965979 19.19356 16.74625
v 2.937464 19.23191 17.05597
v 3.007275 19.50427 16.71577
v 2.965979 19.19356 16.74625
v 2.97876 19.54262 17.02648
v 0.9158993 19.16111 16.30772
v 0.8716526 19.19749 16.61449
v 0.9198322 19.46986 16.27134
v 0.9158993 19.16111 16.30772
v 0.8755856 19.50722 16.57811
v 0.8716526 19.19749 16.61449
v 0.9158993 19.16111 16.30772
v -2.661171 19.18472 16.06289
v -2.731964 19.22404 16.39523
v 0.8755856 19.50722 16.57811
v -2.722134 19.5613 16.35688
v 0.9198322 19.46986 16.27134
v -2.652321 19.52098 16.02454
v 0.9158993 19.16111 16.30772
v -2.661171 19.18472 16.06289
v -6.545013 19.16702 14.65291
v -6.727898 19.20929 14.96263
v -6.523384 19.52098 14.61554
v -6.545013 19.16702 14.65291
v -6.706268 19.56327 14.92625
v -6.727898 19.20929 14.96263
v -6.545013 19.16702 14.65291
v -9.621609 19.17095 11.9765
v -9.891018 19.21225 12.20166
v -6.706268 19.56327 14.92625
v -9.858574 19.55933 12.17511
v -6.523384 19.52098 14.61554
v -9.589161 19.51804 11.94995
v -6.545013 19.16702 14.65291
v -9.621609 19.17095 11.9765
v -12.24591 19.16013 7.555798
v -12.59398 19.2034 7.686569
v -12.20461 19.52689 7.540066
v -12.24591 19.16013 7.555798
v -12.55268 19.57015 7.670837
v -12.59398 19.2034 7.686569
v -12.24591 19.16013 7.555798
v -13.06004 19.16603 3.163612
v -13.41991 19.20831 3.177376
v -12.55268 19.57015 7.670837
v -13.37763 19.56425 3.175411
v -12.20461 19.52689 7.540066
v -13.01776 19.52197 3.161644
v -12.24591 19.16013 7.555798
v -13.06004 19.16603 3.163612
v -13.41991 19.20831 3.177376
v -13.06004 19.16603 3.163612
v -12.59103 19.16407 -1.336731
v -12.94107 19.20634 -1.442923
v -13.37763 19.56425 3.175411
v -12.89977 19.56622 -1.43014
v -13.01776 19.52197 3.161644
v -12.54973 19.52295 -1.323948
v -13.06004 19.16603 3.163612
v -12.59103 19.16407 -1.336731
v -11.14958 19.16111 -4.052471
v -11.46422 19.20438 -4.237322
v -11.11222 19.5259 -4.03084
v -11.14958 19.16111 -4.052471
v -11.42686 19.56818 -4.214708
v -11.46422 19.20438 -4.237322
v -11.14958 19.16111 -4.052471
v -9.489853 19.16407 -6.618757
v -9.769096 19.20634 -6.847857
v -11.42686 19.56818 -4.214708
v -9.735664 19.56622 -6.821308
v -11.11222 19.5259 -4.03084
v -9.456421 19.52295 -6.592211
v -11.14958 19.16111 -4.052471
v -9.489853 19.16407 -6.618757
v -8.447605 19.17488 -7.643307
v -8.679653 19.21618 -7.891085
v -8.435806 19.5141 -7.597094
v -8.447605 19.17488 -7.643307
v -8.667854 19.5554 -7.844873
v -7.246071 19.40594 -8.708168
v -7.449604 19.44626 -8.951031
v -7.222473 19.7255 -8.677687
v -7.246071 19.40594 -8.708168
v -7.426006 19.76582 -8.920549
v -5.907867 19.18373 -9.776962
v -6.073055 19.22208 -10.06014
v -5.867554 19.5082 -9.754347
v -5.907867 19.18373 -9.776962
v -6.031757 19.54557 -10.03752
v -6.073055 19.22208 -10.06014
v -5.907867 19.18373 -9.776962
v -2.660187 19.13063 -11.12992
v -2.759495 19.16505 -11.43866
v -6.031757 19.54557 -10.03752
v -2.723114 19.48657 -11.41604
v -5.867554 19.5082 -9.754347
v -2.62479 19.45314 -11.10828
v -5.907867 19.18373 -9.776962
v -2.660187 19.13063 -11.12992
v 1.150896 18.53872 -12.0817
v 1.119432 18.56428 -12.39339
v 1.145979 18.85434 -12.04729
v 1.150896 18.53872 -12.0817
v 1.115499 18.87991 -12.35898
v 1.119432 18.56428 -12.39339
v 1.150896 18.53872 -12.0817
v 2.565796 18.81993 -11.99911
v 2.612991 18.85827 -12.32555
v 1.115499 18.87991 -12.35898
v 2.577595 19.1857 -12.29507
v 1.145979 18.85434 -12.04729
v 2.530397 19.14735 -11.96961
v 1.150896 18.53872 -12.0817
v 2.565796 18.81993 -11.99911
v 4.910851 18.78453 -11.39933
v 5.03179 18.82288 -11.69037
v 4.88332 19.0972 -11.3659
v 4.910851 18.78453 -11.39933
v 5.004259 19.13555 -11.65694
v 5.03179 18.82288 -11.69037
v 4.910851 18.78453 -11.39933
v 9.748447 19.32434 -8.453506
v 9.963779 19.36956 -8.69047
v 5.004259 19.13555 -11.65694
v 9.928383 19.6842 -8.665888
v 4.88332 19.0972 -11.3659
v 9.713051 19.63799 -8.42794
v 4.910851 18.78453 -11.39933
v 9.748447 19.32434 -8.453506
v 11.91455 19.22011 -5.566679
v 12.12005 19.25551 -5.717115
v 11.89194 19.47477 -5.538164
v 11.91455 19.22011 -5.566679
v 12.09743 19.51017 -5.687618
v 1.260036 20.10405 15.7158
v 1.249222 20.342 15.4926
v 6.91865 20.33905 14.3068
v 7.010092 20.10504 14.51033
v 10.60584 20.36167 11.54977
v 10.78283 20.10405 11.71593
v 1.249222 20.342 15.4926
v 1.237423 20.12175 15.25269
v 6.820324 20.12175 14.08852
v 6.91865 20.33905 14.3068
v 10.41411 20.12273 11.37081
v 10.60584 20.36167 11.54977
v 1.237423 20.12175 15.25269
v 1.248238 19.8838 15.47589
v 6.911768 19.88774 14.29107
v 6.820324 20.12175 14.08852
v 10.59208 19.86414 11.53698
v 10.41411 20.12273 11.37081
v 1.248238 19.8838 15.47589
v 1.260036 20.10405 15.7158
v 7.010092 20.10504 14.51033
v 6.911768 19.88774 14.29107
v 10.78283 20.10405 11.71593
v 10.59208 19.86414 11.53698
v 10.78283 20.10405 11.71593
v 10.60584 20.36167 11.54977
v 13.64507 20.32824 6.858673
v 13.83976 20.10504 6.939297
v 14.44446 20.342 3.043655
v 14.66864 20.10405 3.055454
v 10.60584 20.36167 11.54977
v 10.41411 20.12273 11.37081
v 13.43564 20.12077 6.772144
v 13.64507 20.32824 6.858673
v 14.20454 20.12175 3.031857
v 14.44446 20.342 3.043655
v 10.41411 20.12273 11.37081
v 10.59208 19.86414 11.53698
v 13.63033 19.89757 6.852772
v 13.43564 20.12077 6.772144
v 14.42774 19.8838 3.043655
v 14.20454 20.12175 3.031857
v 10.59208 19.86414 11.53698
v 10.78283 20.10405 11.71593
v 13.83976 20.10504 6.939297
v 13.63033 19.89757 6.852772
v 14.66864 20.10405 3.055454
v 14.42774 19.8838 3.043655
v 14.66864 20.10405 3.055454
v 14.44446 20.342 3.043655
v 14.05902 20.35478 -0.5904427
v 14.28615 20.10405 -0.6523876
v 12.4868 20.35085 -4.070169
v 12.68345 20.10405 -4.189144
v 14.44446 20.342 3.043655
v 14.20454 20.12175 3.031857
v 13.81419 20.12175 -0.5235806
v 14.05902 20.35478 -0.5904427
v 12.27344 20.12175 -3.94038
v 12.4868 20.35085 -4.070169
v 14.20454 20.12175 3.031857
v 14.42774 19.8838 3.043655
v 14.04132 19.87201 -0.5855255
v 13.81419 20.12175 -0.5235806
v 12.47107 19.87496 -4.060337
v 12.27344 20.12175 -3.94038
v 14.42774 19.8838 3.043655
v 14.66864 20.10405 3.055454
v 14.28615 20.10405 -0.6523876
v 14.04132 19.87201 -0.5855255
v 12.68345 20.10405 -4.189144
v 12.47107 19.87496 -4.060337
v 12.68345 20.10405 -4.189144
v 12.4868 20.35085 -4.070169
v 10.19189 20.33315 -6.981579
v 10.3384 20.10504 -7.138899
v 7.20281 20.39411 -8.994293
v 7.32375 20.10209 -9.239124
v 3.594276 20.41574 -10.20664
v 3.642456 20.10209 -10.49769
v 12.4868 20.35085 -4.070169
v 12.27344 20.12175 -3.94038
v 10.03457 20.12077 -6.812458
v 10.19189 20.33315 -6.981579
v 7.073021 20.12372 -8.729799
v 7.20281 20.39411 -8.994293
v 3.542164 20.1247 -9.892986
v 3.594276 20.41574 -10.20664
v 12.27344 20.12175 -3.94038
v 12.47107 19.87496 -4.060337
v 10.18108 19.89265 -6.969778
v 10.03457 20.12077 -6.812458
v 7.19396 19.83169 -8.975613
v 7.073021 20.12372 -8.729799
v 3.590343 19.81105 -10.18403
v 3.542164 20.1247 -9.892986
v 12.47107 19.87496 -4.060337
v 12.68345 20.10405 -4.189144
v 10.3384 20.10504 -7.138899
v 10.18108 19.89265 -6.969778
v 7.32375 20.10209 -9.239124
v 7.19396 19.83169 -8.975613
v 3.642456 20.10209 -10.49769
v 3.590343 19.81105 -10.18403
v 3.642456 20.10209 -10.49769
v 3.594276 20.41574 -10.20664
v -0.8922997 20.36855 -10.42394
v -0.9296646 20.10307 -10.66975
v -4.902 20.35577 -9.122116
v -4.999344 20.10405 -9.336466
v -8.184093 20.34397 -6.853756
v -8.3424 20.10405 -7.016975
v 3.594276 20.41574 -10.20664
v 3.542164 20.1247 -9.892986
v -0.8529701 20.12273 -10.15846
v -0.8922997 20.36855 -10.42394
v -4.795811 20.12175 -8.891052
v -4.902 20.35577 -9.122116
v -8.013992 20.12175 -6.676769
v -8.184093 20.34397 -6.853756
v 3.542164 20.1247 -9.892986
v 3.590343 19.81105 -10.18403
v -0.8893509 19.85726 -10.40428
v -0.8529701 20.12273 -10.15846
v -4.894135 19.87004 -9.105402
v -4.795811 20.12175 -8.891052
v -8.172295 19.88184 -6.840973
v -8.013992 20.12175 -6.676769
v 3.590343 19.81105 -10.18403
v 3.642456 20.10209 -10.49769
v -0.9296646 20.10307 -10.66975
v -0.8893509 19.85726 -10.40428
v -4.999344 20.10405 -9.336466
v -4.894135 19.87004 -9.105402
v -8.3424 20.10405 -7.016975
v -8.172295 19.88184 -6.840973
v -8.3424 20.10405 -7.016975
v -8.184093 20.34397 -6.853756
v -11.17318 20.35282 -2.357346
v -11.39048 20.10405 -2.446821
v -8.184093 20.34397 -6.853756
v -8.013992 20.12175 -6.676769
v -10.93818 20.12175 -2.260986
v -11.17318 20.35282 -2.357346
v -8.013992 20.12175 -6.676769
v -8.172295 19.88184 -6.840973
v -11.15548 19.87299 -2.350462
v -10.93818 20.12175 -2.260986
v -8.172295 19.88184 -6.840973
v -8.3424 20.10405 -7.016975
v -11.39048 20.10405 -2.446821
v -11.15548 19.87299 -2.350462
v -11.39048 20.10405 -2.446821
v -11.17318 20.35282 -2.357346
v -11.94798 20.35085 1.600243
v -12.17708 20.10405 1.582542
v -11.81918 20.36167 5.028839
v -12.05712 20.10405 5.07407
v -11.17318 20.35282 -2.357346
v -10.93818 20.12175 -2.260986
v -11.7002 20.12175 1.619907
v -11.94798 20.35085 1.600243
v -11.56353 20.12273 4.979679
v -11.81918 20.36167 5.028839
v -10.93818 20.12175 -2.260986
v -11.15548 19.87299 -2.350462
v -11.93028 19.87496 1.602207
v -11.7002 20.12175 1.619907
v -11.8005 19.86414 5.024906
v -11.56353 20.12273 4.979679
v -11.15548 19.87299 -2.350462
v -11.39048 20.10405 -2.446821
v -12.17708 20.10405 1.582542
v -11.93028 19.87496 1.602207
v -12.05712 20.10405 5.07407
v -11.8005 19.86414 5.024906
v -12.05712 20.10405 5.07407
v -11.81918 20.36167 5.028839
v -10.50457 20.3597 8.740616
v -10.71695 20.10405 8.851723
v -8.674736 20.35085 11.26561
v -8.845821 20.10405 11.41899
v -11.81918 20.36167 5.028839
v -11.56353 20.12273 4.979679
v -10.27547 20.12175 8.619675
v -10.50457 20.3597 8.740616
v -8.488903 20.12175 11.10042
v -8.674736 20.35085 11.26561
v -11.56353 20.12273 4.979679
v -11.8005 19.86414 5.024906
v -10.48785 19.86611 8.731766
v -10.27547 20.12175 8.619675
v -8.660973 19.87496 11.25381
v -8.488903 20.12175 11.10042
v -11.8005 19.86414 5.024906
v -12.05712 20.10405 5.07407
v -10.71695 20.10405 8.851723
v -10.48785 19.86611 8.731766
v -8.845821 20.10405 11.41899
v -8.660973 19.87496 11.25381
v -8.845821 20.10405 11.41899
v -8.674736 20.35085 11.26561
v -6.199894 20.342 13.53397
v -6.323784 20.10405 13.71882
v -3.003342 20.33709 15.02851
v -3.062336 20.10504 15.23893
v 1.249222 20.342 15.4926
v 1.260036 20.10405 15.7158
v -8.674736 20.35085 11.26561
v -8.488903 20.12175 11.10042
v -6.06617 20.12175 13.33437
v -6.199894 20.342 13.53397
v -2.93943 20.12175 14.80236
v -3.003342 20.33709 15.02851
v 1.237423 20.12175 15.25269
v 1.249222 20.342 15.4926
v -8.488903 20.12175 11.10042
v -8.660973 19.87496 11.25381
v -6.19006 19.8838 13.51922
v -6.06617 20.12175 13.33437
v -2.998425 19.88872 15.01278
v -2.93943 20.12175 14.80236
v 1.248238 19.8838 15.47589
v 1.237423 20.12175 15.25269
v -8.660973 19.87496 11.25381
v -8.845821 20.10405 11.41899
v -6.323784 20.10405 13.71882
v -6.19006 19.8838 13.51922
v -3.062336 20.10504 15.23893
v -2.998425 19.88872 15.01278
v 1.260036 20.10405 15.7158
v 1.248238 19.8838 15.47589
v -28.44203 11.04437 -8.130999
v -28.26209 11.3069 -8.297169
v -25.82264 11.3659 -5.86952
v -25.95047 11.11517 -5.661072
v -22.48057 11.18695 -4.888235
v -22.514 10.93228 -4.651272
v -18.92809 11.17023 -5.094719
v -18.87106 10.93228 -4.879387
v -28.26209 11.3069 -8.297169
v -28.04479 11.06207 -8.450556
v -25.69286 11.12697 -6.095669
v -25.82264 11.3659 -5.86952
v -22.45697 10.95195 -5.144863
v -22.48057 11.18695 -4.888235
v -18.99101 10.95195 -5.327749
v -18.92809 11.17023 -5.094719
v -28.04479 11.06207 -8.450556
v -28.22473 10.80053 -8.284386
v -25.82068 10.87526 -5.888203
v -25.69286 11.12697 -6.095669
v -22.49041 10.69728 -4.9079
v -22.45697 10.95195 -5.144863
v -18.93398 10.71498 -5.1134
v -18.99101 10.95195 -5.327749
v -28.22473 10.80053 -8.284386
v -28.44203 11.04437 -8.130999
v -25.95047 11.11517 -5.661072
v -25.82068 10.87526 -5.888203
v -22.514 10.93228 -4.651272
v -22.49041 10.69728 -4.9079
v -18.87106 10.93228 -4.879387
v -18.93398 10.71498 -5.1134
v -18.87106 10.93228 -4.879387
v -18.92809 11.17023 -5.094719
v -15.60273 11.1663 -6.770178
v -15.46704 10.93327 -6.599092
v -13.41008 11.17023 -9.374813
v -13.21638 10.93228 -9.267637
v -18.92809 11.17023 -5.094719
v -18.99101 10.95195 -5.327749
v -15.75022 10.95195 -6.956997
v -15.60273 11.1663 -6.770178
v -13.62246 10.95195 -9.490835
v -13.41008 11.17023 -9.374813
v -18.99101 10.95195 -5.327749
v -18.93398 10.71498 -5.1134
v -15.61453 10.71892 -6.785912
v -15.75022 10.95195 -6.956997
v -13.42778 10.71498 -9.384645
v -13.62246 10.95195 -9.490835
v -18.93398 10.71498 -5.1134
v -18.87106 10.93228 -4.879387
v -15.46704 10.93327 -6.599092
v -15.61453 10.71892 -6.785912
v -13.21638 10.93228 -9.267637
v -13.42778 10.71498 -9.384645
v -13.21638 10.93228 -9.267637
v -13.41008 11.17023 -9.374813
v -12.50843 11.15351 -12.23706
v -12.30392 10.93327 -12.21346
v -12.7395 11.17023 -15.5634
v -12.52515 10.93228 -15.61649
v -13.41008 11.17023 -9.374813
v -13.62246 10.95195 -9.490835
v -12.73163 10.95195 -12.26361
v -12.50843 11.15351 -12.23706
v -12.97351 10.95293 -15.50637
v -12.7395 11.17023 -15.5634
v -13.62246 10.95195 -9.490835
v -13.42778 10.71498 -9.384645
v -12.52712 10.73072 -12.24001
v -12.73163 10.95195 -12.26361
v -12.75916 10.71498 -15.55848
v -12.97351 10.95293 -15.50637
v -13.42778 10.71498 -9.384645
v -13.21638 10.93228 -9.267637
v -12.30392 10.93327 -12.21346
v -12.52712 10.73072 -12.24001
v -12.52515 10.93228 -15.61649
v -12.75916 10.71498 -15.55848
v -12.52515 10.93228 -15.61649
v -12.7395 11.17023 -15.5634
v -14.11409 11.16138 -18.70784
v -13.94103 10.93327 -18.83467
v -16.74428 11.18006 -21.00668
v -16.62728 10.93228 -21.20628
v -12.7395 11.17023 -15.5634
v -12.97351 10.95293 -15.50637
v -14.30287 10.95195 -18.5692
v -14.11409 11.16138 -18.70784
v -16.8721 10.95293 -20.7884
v -16.74428 11.18006 -21.00668
v -12.97351 10.95293 -15.50637
v -12.75916 10.71498 -15.55848
v -14.12982 10.72383 -18.69604
v -14.30287 10.95195 -18.5692
v -16.7551 10.70515 -20.988
v -16.8721 10.95293 -20.7884
v -12.75916 10.71498 -15.55848
v -12.52515 10.93228 -15.61649
v -13.94103 10.93327 -18.83467
v -14.12982 10.72383 -18.69604
v -16.62728 10.93228 -21.20628
v -16.7551 10.70515 -20.988
v -16.62728 10.93228 -21.20628
v -16.74428 11.18006 -21.00668
v -19.93985 11.19088 -22.14037
v -19.89659 10.9313 -22.37635
v -23.35173 11.01684 -22.01451
v -23.39205 10.7494 -22.25049
v -16.74428 11.18006 -21.00668
v -16.8721 10.95293 -20.7884
v -19.97427 10.95391 -21.87587
v -19.93985 11.19088 -22.14037
v -23.27701 10.78185 -21.751
v -23.35173 11.01684 -22.01451
v -16.8721 10.95293 -20.7884
v -16.7551 10.70515 -20.988
v -19.931 10.69434 -22.11185
v -19.97427 10.95391 -21.87587
v -23.3183 10.5144 -21.98796
v -23.27701 10.78185 -21.751
v -16.7551 10.70515 -20.988
v -16.62728 10.93228 -21.20628
v -19.89659 10.9313 -22.37635
v -19.931 10.69434 -22.11185
v -23.39205 10.7494 -22.25049
v -23.3183 10.5144 -21.98796
v -23.39205 10.7494 -22.25049
v -23.35173 11.01684 -22.01451
v -26.54829 10.84576 -20.57798
v -26.66726 10.56946 -20.7825
v -28.9602 10.4967 -18.04906
v -29.15783 10.20763 -18.17885
v -23.35173 11.01684 -22.01451
v -23.27701 10.78185 -21.751
v -26.37032 10.61371 -20.35675
v -26.54829 10.84576 -20.57798
v -28.7075 10.26957 -17.90354
v -28.9602 10.4967 -18.04906
v -23.27701 10.78185 -21.751
v -23.3183 10.5144 -21.98796
v -26.48929 10.33742 -20.56127
v -26.37032 10.61371 -20.35675
v -28.90514 9.980495 -18.03333
v -28.7075 10.26957 -17.90354
v -23.3183 10.5144 -21.98796
v -23.39205 10.7494 -22.25049
v -26.66726 10.56946 -20.7825
v -26.48929 10.33742 -20.56127
v -29.15783 10.20763 -18.17885
v -28.90514 9.980495 -18.03333
v -29.15783 10.20763 -18.17885
v -28.9602 10.4967 -18.04906
v -30.07423 10.64911 -14.79646
v -30.30922 10.362 -14.81711
v -29.91494 10.89984 -11.33345
v -30.12339 10.65402 -11.24791
v -28.26209 11.3069 -8.297169
v -28.44203 11.04437 -8.130999
v -28.9602 10.4967 -18.04906
v -28.7075 10.26957 -17.90354
v -29.79007 10.41804 -14.73452
v -30.07423 10.64911 -14.79646
v -29.66323 10.68745 -11.38359
v -29.91494 10.89984 -11.33345
v -28.04479 11.06207 -8.450556
v -28.26209 11.3069 -8.297169
v -28.7075 10.26957 -17.90354
v -28.90514 9.980495 -18.03333
v -30.02506 10.13093 -14.75615
v -29.79007 10.41804 -14.73452
v -29.87167 10.44066 -11.29805
v -29.66323 10.68745 -11.38359
v -28.22473 10.80053 -8.284386
v -28.04479 11.06207 -8.450556
v -28.90514 9.980495 -18.03333
v -29.15783 10.20763 -18.17885
v -30.30922 10.362 -14.81711
v -30.02506 10.13093 -14.75615
v -30.12339 10.65402 -11.24791
v -29.87167 10.44066 -11.29805
v -28.44203 11.04437 -8.130999
v -28.22473 10.80053 -8.284386
v -11.80148 14.29697 13.64803
v -11.80148 13.60673 13.64803
v -12.21149 13.60673 13.1033
v -12.21149 14.29697 13.1033
v -11.14663 13.04922 14.50542
v -11.14663 12.35898 14.50542
v -11.55566 12.35898 13.9607
v -11.55566 13.04922 13.9607
v -12.9155 14.29697 12.19773
v -12.9155 13.60673 12.19773
v -13.32552 13.60673 11.65301
v -13.32552 14.29697 11.65301
v -12.25771 13.04922 13.03743
v -12.25771 12.35898 13.03743
v -12.66772 12.35898 12.4927
v -12.66772 13.04922 12.4927
v -13.82108 14.29697 10.46819
v -13.82108 13.60673 10.46819
v -14.07574 13.60673 9.835957
v -14.07574 14.29697 9.835957
v -13.43171 13.04922 11.51732
v -13.43171 12.35898 11.51732
v -13.68637 12.35898 10.88509
v -13.68637 13.04922 10.88509
v -14.49952 14.29697 8.751431
v -14.49952 13.60673 8.751431
v -14.75418 13.60673 8.119202
v -14.75418 14.29697 8.119202
v -14.119 13.04922 9.730751
v -14.119 12.35898 9.729767
v -14.37366 12.35898 9.097534
v -14.37366 13.04922 9.097534
v -15.24581 14.29697 6.760345
v -15.24581 13.60673 6.760345
v -15.31955 13.60673 6.081902
v -15.31955 14.29697 6.081902
v -14.89676 13.04922 7.774078
v -14.89676 12.35898 7.774078
v -15.12585 12.35898 7.132015
v -15.12585 13.04922 7.132015
v -15.45524 14.29697 4.847923
v -15.45524 13.60673 4.847923
v -15.53587 13.60673 4.171444
v -15.53587 14.29697 4.171444
v -15.37166 13.04922 5.815441
v -15.37166 12.35898 5.815441
v -15.42574 12.35898 5.136013
v -15.42574 13.04922 5.136013
v -15.61453 13.04922 3.490051
v -15.61453 12.35898 3.490051
v -15.67746 12.35898 2.811607
v -15.67746 13.04922 2.811607
v 2.38586 14.78958 -13.24194
v 2.38586 13.37271 -13.24194
v 0.8559208 13.37271 -13.28225
v 0.8559208 14.78958 -13.28225
v 2.38586 14.78958 -13.24194
v 2.377995 14.78958 -13.3324
v 2.377995 13.37271 -13.3324
v 2.38586 13.37271 -13.24194
v 0.8559208 14.78958 -13.28225
v 0.8480549 14.78958 -13.37271
v 2.377995 14.78958 -13.3324
v 2.38586 14.78958 -13.24194
v 0.8559208 13.37271 -13.28225
v 0.8480549 13.37271 -13.37271
v 0.8480549 14.78958 -13.37271
v 0.8559208 14.78958 -13.28225
v 2.38586 13.37271 -13.24194
v 2.377995 13.37271 -13.3324
v 0.8480549 13.37271 -13.37271
v 0.8559208 13.37271 -13.28225
v -2.811607 4.242241 -7.807508
v -2.811607 4.242241 -8.204742
v -2.811607 10.72187 -8.204742
v -2.811607 10.72187 -7.807508
v -5.60601 6.370979 -7.36013
v -7.524334 6.370979 -10.82019
v -7.165447 6.240208 -10.95391
v -5.361179 6.240208 -7.448622
v -6.835075 6.120251 -11.0778
v -5.136013 6.120251 -7.530231
v -6.410309 5.964897 -11.23611
v -4.844971 5.964897 -7.634457
v -6.091736 5.849857 -11.35508
v -4.627674 5.849857 -7.713118
v -4.348431 5.700401 -7.814392
v -5.682701 5.700401 -11.50748
v -4.149815 5.595192 -7.886169
v -5.392643 5.595192 -11.61564
v -3.824356 5.422142 -8.003176
v -4.915768 5.422142 -11.79361
v -3.606075 5.306118 -8.082819
v -4.597195 5.306118 -11.91258
v -4.147846 5.150764 -11.95978
v -3.301266 5.150764 -8.111334
v -3.75848 5.01704 -12.00009
v -3.036774 5.01704 -8.135916
v -3.338631 4.872505 -12.04434
v -2.751629 4.872505 -8.162462
v -2.555962 4.772213 -8.173279
v -3.050537 4.772213 -12.06696
v -2.220673 4.602108 -8.204742
v -2.556946 4.602108 -12.11907
v -2.016159 4.498867 -8.231291
v -2.256069 4.498867 -12.15741
v -1.702499 4.339581 -8.260788
v -1.793941 4.339581 -12.20559
v -1.506832 4.240273 -8.278486
v -1.505852 4.241257 -12.23509
v -8.796661 8.499718 -4.520498
v -12.1525 8.499718 -6.616791
v -11.90275 8.370911 -6.908817
v -8.624592 8.370911 -4.718132
v -11.65891 8.244072 -7.19396
v -8.455471 8.244072 -4.910851
v -11.37573 8.097569 -7.525316
v -8.259804 8.097569 -5.136015
v -11.15646 7.984493 -7.781944
v -8.108383 7.984493 -5.310051
v -7.902885 7.830124 -5.545048
v -10.8605 7.830124 -8.12805
v -7.764248 7.725899 -5.704334
v -10.65992 7.725899 -8.363047
v -7.5322 7.552849 -5.969812
v -10.32561 7.552849 -8.754381
v -7.375862 7.435841 -6.148764
v -10.09848 7.435841 -9.018875
v -9.744514 7.289337 -9.266655
v -7.132015 7.289337 -6.315916
v -9.390545 7.14283 -9.514435
v -6.889153 7.14283 -6.482086
v -9.044441 6.999275 -9.757298
v -6.650223 6.999275 -6.645306
v -6.487003 6.900951 -6.757397
v -8.806492 6.900951 -9.923466
v -6.211693 6.734783 -6.94618
v -8.404343 6.734783 -10.20468
v -6.030773 6.626625 -7.069088
v -8.142799 6.626625 -10.38756
v -5.765297 6.466354 -7.250988
v -7.755398 6.466354 -10.65894
v -5.60601 6.370979 -7.36013
v -7.524334 6.370979 -10.82019
v -10.23221 10.63042 -0.4223061
v -14.1839 10.63042 -0.6297722
v -14.13277 10.50162 -1.020123
v -10.17715 10.50162 -0.6818848
v -14.08557 10.38068 -1.387859
v -10.12503 10.38068 -0.9257317
v -14.02559 10.22828 -1.849987
v -10.05915 10.22828 -1.232506
v -10.01294 10.12208 -1.447838
v -13.98331 10.12208 -2.174461
v -9.945099 9.964764 -1.765429
v -13.92137 9.964764 -2.653305
v -13.80633 9.841858 -2.992527
v -9.892002 9.841858 -2.012224
v -9.832024 9.703217 -2.291468
v -13.67654 9.703217 -3.375994
v -9.773029 9.564579 -2.570711
v -13.54576 9.564579 -3.761429
v -13.3501 9.415127 -4.162596
v -9.635376 9.415127 -2.845039
v -13.18983 9.293201 -4.490019
v -9.523285 9.293201 -3.068237
v -12.98236 9.134899 -4.915766
v -9.377762 9.134899 -3.35928
v -12.84471 9.02969 -5.19796
v -9.281403 9.02969 -3.551996
v -9.145714 8.881222 -3.823374
v -12.65101 8.881222 -5.595194
v -9.037556 8.763229 -4.03969
v -12.49565 8.763229 -5.912783
v -8.891052 8.602959 -4.332699
v -12.28622 8.602959 -6.342464
v -8.796661 8.499718 -4.520498
v -12.1525 8.499718 -6.616791
v -14.19569 10.78185 -0.2266388
v -14.19275 10.5085 -0.2266388
v -14.59195 10.50457 -0.2443371
v -14.59391 10.77988 -0.2443371
v -10.75923 10.55275 14.85349
v -10.75923 16.03044 14.85349
v -6.89407 16.03044 17.4945
v -6.89407 10.55275 17.4945
v -6.89407 16.03044 17.4945
v -2.612007 13.80141 19.35482
v -2.617908 11.48979 19.35187
v -6.89407 10.55275 17.4945
v -2.609058 16.03044 19.35777
v -2.622822 10.55275 19.34892
v 1.752645 16.03044 19.65274
v 1.751663 13.76503 19.65274
v -0.1007843 13.78175 19.55147
v 3.629673 13.76503 19.37841
v -0.9689941 13.78863 19.47871
v -0.9689941 11.49569 19.47674
v -0.07620239 11.49962 19.55147
v -2.609058 16.03044 19.35777
v -2.612007 13.80141 19.35482
v 1.748713 10.58028 19.65274
v 1.749697 11.50748 19.65274
v -2.622822 10.55275 19.34892
v -2.617908 11.48979 19.35187
v 4.379894 13.83878 19.25452
v 4.379894 11.5006 19.26239
v 3.629673 11.50257 19.38235
v 1.748713 10.58028 19.65274
v 1.749697 11.50748 19.65274
v 6.102551 10.55275 19.01559
v 6.103535 11.49667 19.01265
v 6.105501 16.03044 19.00576
v 6.104517 13.83878 19.00871
v 6.104517 13.83878 19.00871
v 9.863489 16.03044 17.26245
v 9.863489 10.55275 17.26245
v 6.103535 11.49667 19.01265
v 6.105501 16.03044 19.00576
v 6.102551 10.55275 19.01559
v 9.863489 10.55275 17.26245
v 9.863489 16.03044 17.26245
v 13.35403 16.03044 14.42479
v 13.35403 10.55275 14.42479
v 16.38736 16.03044 10.18993
v 16.38736 10.55275 10.18993
v 16.38736 10.55275 10.18993
v 16.38736 16.03044 10.18993
v 17.77768 16.03044 6.193993
v 17.77768 10.55275 6.193993
v 17.77768 10.55275 6.193993
v 17.77768 16.03044 6.193993
v 17.96352 16.03044 1.976826
v 17.96352 10.55275 1.976826
v 17.96352 10.55275 1.976826
v 17.96352 16.03044 1.976826
v 17.19363 16.03044 -2.552029
v 17.19363 10.55275 -2.552029
v 17.19363 10.55275 -2.552029
v 17.19363 16.03044 -2.552029
v 15.71777 16.03044 -5.7181
v 15.71777 10.55275 -5.7181
v 15.71777 10.55275 -5.7181
v 15.71777 16.03044 -5.7181
v 12.5458 16.03044 -9.510502
v 12.5458 10.55275 -9.510502
v 12.5458 10.55275 -9.510502
v 12.5458 16.03044 -9.510502
v 8.625574 16.03044 -12.17708
v 8.625574 10.55275 -12.17708
v 8.625574 10.55275 -12.17708
v 8.625574 16.03044 -12.17708
v 4.9079 16.03044 -13.532
v 4.9079 10.55275 -13.532
v 4.9079 10.55275 -13.532
v 4.9079 16.03044 -13.532
v 0.1214333 16.03044 -13.74733
v 0.1214333 10.55275 -13.74733
v 0.1214333 10.55275 -13.74733
v 0.1214333 16.03044 -13.74733
v -4.404476 16.03044 -13.07774
v -4.404476 10.55275 -13.07774
v -4.404476 10.55275 -13.07774
v -4.404476 16.03044 -13.07774
v -9.31385 16.03044 -10.45442
v -9.31385 10.55275 -10.45442
v -9.31385 10.55275 -10.45442
v -9.31385 16.03044 -10.45442
v -12.83979 16.03044 -6.406376
v -12.83979 10.55275 -6.406376
v -12.83979 10.55275 -6.406376
v -12.83979 16.03044 -6.406376
v -14.96656 16.03044 -2.126282
v -14.96656 10.55275 -2.126282
v -14.96656 10.55275 -2.126282
v -14.96656 16.03044 -2.126282
v -15.68827 16.03044 1.914883
v -15.68827 10.55275 1.914883
v -15.68827 10.55275 1.914883
v -15.68827 16.03044 1.914883
v -15.1583 16.03044 6.831142
v -15.1583 10.55275 6.831142
v -15.1583 10.55275 6.831142
v -15.1583 16.03044 6.831142
v -13.37271 16.03044 11.44161
v -13.37271 10.55275 11.44161
v -10.75923 16.03044 14.85349
v -10.75923 10.55275 14.85349
v -0.7575951 0.5835609 22.66739
v -0.7575951 0.06341934 22.66739
v -2.874535 0.06341934 22.66739
v -2.874535 0.5835609 22.66739
v 6.273636 0.5835609 22.66739
v 6.273636 0.06341934 22.66739
v 4.11245 0.06341934 22.66739
v 4.11245 0.5835609 22.66739
v 4.1036 6.698402 22.45599
v -0.7831612 6.698402 22.45599
v -2.866669 7.403393 22.45599
v 6.246105 7.403393 22.45599
v -2.866669 6.698402 22.45599
v 6.246105 6.698402 22.45599
v -0.7556305 0.06341934 17.9232
v -0.7575951 0.06341934 22.45599
v -0.7575951 0.5835609 22.45599
v -0.7556305 0.5835609 17.9232
v -0.6553383 5.843956 17.9232
v -0.7575951 5.599125 22.45599
v 4.133099 5.843956 17.9232
v 4.11245 5.599125 22.45599
v 4.11245 0.5835609 22.45599
v 4.133099 0.5835609 17.9232
v 4.133099 0.06341934 17.9232
v 4.11245 0.06341934 22.45599
v 4.11245 5.599125 22.45599
v 4.133099 5.843956 17.9232
v -0.6553383 5.843956 17.9232
v -0.7575951 5.599125 22.45599
v -17.55252 7.403393 11.59303
v -17.55252 0.5835609 11.59303
v -19.45806 0.5835609 3.804691
v -19.45806 7.403393 3.804691
v -18.20638 7.355213 -4.330732
v -19.45806 7.403393 3.804691
v -19.45806 0.5835609 3.804691
v -18.20638 0.5835609 -4.330732
v -2.866669 7.403393 22.45599
v -2.866669 6.698402 22.45599
v -5.957031 7.403393 22.21804
v -5.957031 0.5835609 22.21804
v -2.866669 0.5835609 22.45599
v -5.957031 7.403393 22.21804
v -5.957031 0.5835609 22.21804
v -12.81128 0.5835609 18.05889
v -12.81128 7.403393 18.05889
v -17.55252 7.403393 11.59303
v -12.81128 7.403393 18.05889
v -12.81128 0.5835609 18.05889
v -17.55252 0.5835609 11.59303
v 21.67922 7.403393 1.975845
v 19.60358 7.352264 -6.509617
v 19.60358 0.5835609 -6.509617
v 21.67922 0.5835609 1.975845
v 21.67922 7.403393 1.975845
v 21.67922 0.5835609 1.975845
v 20.45999 0.5835609 9.899868
v 20.45999 7.403393 9.899868
v 20.45999 7.403393 9.899868
v 20.45999 0.5835609 9.899868
v 16.29985 0.5835609 16.75412
v 16.30084 7.403393 16.75412
v 9.794661 7.403393 21.51404
v 16.30084 7.403393 16.75412
v 16.29985 0.5835609 16.75412
v 9.794661 0.5835609 21.51404
v -17.74818 0.06341934 11.68349
v -19.67339 0.06341934 3.814526
v -19.67339 0.5835609 3.814526
v -17.74818 0.5835609 11.68349
v -18.40794 0.5835609 -4.406443
v -19.67339 0.5835609 3.814526
v -19.67339 0.06341934 3.814526
v -18.40794 0.06341934 -4.406443
v 6.273636 0.5835609 22.66739
v 9.888069 0.5835609 21.70774
v 9.888069 0.06341934 21.70774
v 6.273636 0.06341934 22.66739
v -6.022907 0.06341934 22.42551
v -12.9568 0.06341934 18.21719
v -12.9568 0.5835609 18.21719
v -6.022907 0.5835609 22.42551
v -12.9568 0.06341934 18.21719
v -17.74818 0.06341934 11.68349
v -17.74818 0.5835609 11.68349
v -12.9568 0.5835609 18.21719
v 19.7963 0.06341934 -6.607943
v 21.89455 0.06341934 1.966011
v 21.89455 0.5835609 1.966011
v 19.7963 0.5835609 -6.607943
v 21.89455 0.06341934 1.966011
v 20.66254 0.06341934 9.973614
v 20.66254 0.5835609 9.973614
v 21.89455 0.5835609 1.966011
v 20.66254 0.06341934 9.973614
v 16.45914 0.06341934 16.90062
v 16.45914 0.5835609 16.90062
v 20.66254 0.5835609 9.973614
v 16.45914 0.06341934 16.90062
v 9.888069 0.06341934 21.70774
v 9.888069 0.5835609 21.70774
v 16.45914 0.5835609 16.90062
v 6.246105 6.698402 22.45599
v 6.246105 7.403393 22.45599
v 9.794661 7.403393 21.51404
v 9.794661 0.5835609 21.51404
v 6.246105 0.5835609 22.45599
v -6.022907 0.5835609 22.42551
v -2.874535 0.5835609 22.66739
v -2.874535 0.06341934 22.66739
v -6.022907 0.06341934 22.42551
v -2.866669 0.5835609 22.45599
v -2.866669 6.698402 22.45599
v -0.7575951 5.599125 22.45599
v -0.7575951 0.5835609 22.45599
v -0.7831612 6.698402 22.45599
v 4.1036 6.698402 22.45599
v 4.11245 5.599125 22.45599
v 6.246105 6.698402 22.45599
v 6.246105 0.5835609 22.45599
v 4.11245 0.5835609 22.45599
v -2.874535 0.5835609 22.66739
v -2.866669 0.5835609 22.45599
v -0.7575951 0.5835609 22.45599
v -0.7575951 0.5835609 22.66739
v -6.022907 0.5835609 22.42551
v -5.957031 0.5835609 22.21804
v -2.866669 0.5835609 22.45599
v -2.874535 0.5835609 22.66739
v -12.9568 0.5835609 18.21719
v -12.81128 0.5835609 18.05889
v -5.957031 0.5835609 22.21804
v -6.022907 0.5835609 22.42551
v -17.74818 0.5835609 11.68349
v -17.55252 0.5835609 11.59303
v -12.81128 0.5835609 18.05889
v -12.9568 0.5835609 18.21719
v -19.67339 0.5835609 3.814526
v -19.45806 0.5835609 3.804691
v -17.55252 0.5835609 11.59303
v -17.74818 0.5835609 11.68349
v -19.45806 0.5835609 3.804691
v -19.67339 0.5835609 3.814526
v -18.40794 0.5835609 -4.406443
v -18.20638 0.5835609 -4.330732
v 19.60358 0.5835609 -6.509617
v 19.7963 0.5835609 -6.607943
v 21.89455 0.5835609 1.966011
v 21.67922 0.5835609 1.975845
v 20.66254 0.5835609 9.973614
v 20.45999 0.5835609 9.899868
v 21.67922 0.5835609 1.975845
v 21.89455 0.5835609 1.966011
v 16.45914 0.5835609 16.90062
v 16.29985 0.5835609 16.75412
v 20.45999 0.5835609 9.899868
v 20.66254 0.5835609 9.973614
v 9.888069 0.5835609 21.70774
v 9.794661 0.5835609 21.51404
v 16.29985 0.5835609 16.75412
v 16.45914 0.5835609 16.90062
v 6.273636 0.5835609 22.66739
v 6.246105 0.5835609 22.45599
v 9.794661 0.5835609 21.51404
v 9.888069 0.5835609 21.70774
v 4.11245 0.5835609 22.66739
v 4.11245 0.5835609 22.45599
v 6.246105 0.5835609 22.45599
v 6.273636 0.5835609 22.66739
v -1.750679 3.818459 -7.889118
v -2.943363 4.476254 -7.812426
v -2.688702 4.938381 -7.83209
v -1.497002 4.280586 -7.908785
v -1.497002 4.280586 -7.908785
v -2.688702 4.938381 -7.83209
v -2.722134 4.921665 -8.195894
v -1.529449 4.26387 -8.272587
v -1.774277 3.818459 -8.250956
v -1.529449 4.26387 -8.272587
v -2.722134 4.921665 -8.195894
v -2.965977 4.476254 -8.174263
v 14.38645 13.60673 12.99711
v 14.46314 13.60673 13.05611
v 14.46314 14.29697 13.05611
v 14.38645 14.29697 12.99711
v 14.38645 14.29697 12.99711
v 14.46314 14.29697 13.05611
v 14.05214 14.29697 13.59985
v 13.97446 14.29697 13.54085
v 13.97446 14.29697 13.54085
v 14.05214 14.29697 13.59985
v 14.05214 13.60673 13.59985
v 13.97446 13.60673 13.54085
v 13.97446 13.60673 13.54085
v 14.05214 13.60673 13.59985
v 14.46314 13.60673 13.05611
v 14.38645 13.60673 12.99711
v 13.7257 12.35898 13.89973
v 13.80239 12.35898 13.95775
v 13.80239 13.04922 13.95775
v 13.7257 13.04922 13.89973
v 13.7257 13.04922 13.89973
v 13.80239 13.04922 13.95775
v 13.3914 13.04922 14.50149
v 13.31372 13.04922 14.44347
v 13.31372 13.04922 14.44347
v 13.3914 13.04922 14.50149
v 13.3914 12.35898 14.50149
v 13.31372 12.35898 14.44347
v 13.31372 12.35898 14.44347
v 13.3914 12.35898 14.50149
v 13.80239 12.35898 13.95775
v 13.7257 12.35898 13.89973
v 15.41493 13.60673 11.52223
v 15.49457 13.60673 11.57828
v 15.49457 14.29697 11.57828
v 15.41493 14.29697 11.52223
v 15.41493 14.29697 11.52223
v 15.49457 14.29697 11.57828
v 15.10127 14.29697 12.13578
v 15.02261 14.29697 12.07974
v 15.02261 14.29697 12.07974
v 15.10127 14.29697 12.13578
v 15.10127 13.60673 12.13578
v 15.02261 13.60673 12.07974
v 15.02261 13.60673 12.07974
v 15.10127 13.60673 12.13578
v 15.49457 13.60673 11.57828
v 15.41493 13.60673 11.52223
v 14.77876 12.35898 12.43764
v 14.85644 12.35898 12.49565
v 14.85644 13.04922 12.49565
v 14.77876 13.04922 12.43764
v 14.77876 13.04922 12.43764
v 14.85644 13.04922 12.49565
v 14.44937 13.04922 13.04234
v 14.3717 13.04922 12.98433
v 14.3717 13.04922 12.98433
v 14.44937 13.04922 13.04234
v 14.44937 12.35898 13.04234
v 14.3717 12.35898 12.98433
v 14.3717 12.35898 12.98433
v 14.44937 12.35898 13.04234
v 14.85644 12.35898 12.49565
v 14.77876 12.35898 12.43764
v 16.50142 13.60673 9.914616
v 16.58401 13.60673 9.963779
v 16.58401 14.29697 9.963779
v 16.50142 14.29697 9.914616
v 16.50142 14.29697 9.914616
v 16.58401 14.29697 9.963779
v 16.23889 14.29697 10.55177
v 16.15532 14.29697 10.5026
v 16.15532 14.29697 10.5026
v 16.23889 14.29697 10.55177
v 16.23889 13.60673 10.55177
v 16.15532 13.60673 10.5026
v 16.15532 13.60673 10.5026
v 16.23889 13.60673 10.55177
v 16.58401 13.60673 9.963779
v 16.50142 13.60673 9.914616
v 15.88492 12.35898 10.83593
v 15.96457 12.35898 10.88902
v 15.96457 13.04922 10.88902
v 15.88492 13.04922 10.83593
v 15.88492 13.04922 10.83593
v 15.96457 13.04922 10.88902
v 15.58798 13.04922 11.45734
v 15.50735 13.04922 11.40326
v 15.50735 13.04922 11.40326
v 15.58798 13.04922 11.45734
v 15.58798 12.35898 11.45734
v 15.50735 12.35898 11.40326
v 15.50735 12.35898 11.40326
v 15.58798 12.35898 11.45734
v 15.96457 12.35898 10.88902
v 15.88492 12.35898 10.83593
v 17.0953 13.60673 8.137882
v 17.18675 13.60673 8.17033
v 17.18675 14.29697 8.17033
v 17.0953 14.29697 8.137882
v 17.0953 14.29697 8.137882
v 17.18675 14.29697 8.17033
v 16.9547 14.29697 8.811409
v 16.86424 14.29697 8.778961
v 16.86424 14.29697 8.778961
v 16.9547 14.29697 8.811409
v 16.9547 13.60673 8.811409
v 16.86424 13.60673 8.778961
v 16.86424 13.60673 8.778961
v 16.9547 13.60673 8.811409
v 17.18675 13.60673 8.17033
v 17.0953 13.60673 8.137882
v 16.73052 12.35898 9.156532
v 16.82098 12.35898 9.18996
v 16.82098 13.04922 9.18996
v 16.73052 13.04922 9.156532
v 16.73052 13.04922 9.156532
v 16.82098 13.04922 9.18996
v 16.58991 13.04922 9.831039
v 16.49945 13.04922 9.798595
v 16.49945 13.04922 9.798595
v 16.58991 13.04922 9.831039
v 16.58991 12.35898 9.831039
v 16.49945 12.35898 9.798595
v 16.49945 12.35898 9.798595
v 16.58991 12.35898 9.831039
v 16.82098 12.35898 9.18996
v 16.73052 12.35898 9.156532
v 17.7531 13.60673 6.15073
v 17.84552 13.60673 6.18121
v 17.84552 14.29697 6.18121
v 17.7531 14.29697 6.15073
v 17.7531 14.29697 6.15073
v 17.84552 14.29697 6.18121
v 17.62823 14.29697 6.82819
v 17.53679 14.29697 6.79771
v 17.53679 14.29697 6.79771
v 17.62823 14.29697 6.82819
v 17.62823 13.60673 6.82819
v 17.53679 13.60673 6.79771
v 17.53679 13.60673 6.79771
v 17.62823 13.60673 6.82819
v 17.84552 13.60673 6.18121
v 17.7531 13.60673 6.15073
v 17.43452 12.35898 7.128082
v 17.52597 12.35898 7.159546
v 17.52597 13.04922 7.159546
v 17.43452 13.04922 7.128082
v 17.43452 13.04922 7.128082
v 17.52597 13.04922 7.159546
v 17.30375 13.04922 7.804558
v 17.21231 13.04922 7.773094
v 17.21231 13.04922 7.773094
v 17.30375 13.04922 7.804558
v 17.30375 12.35898 7.804558
v 17.21231 12.35898 7.773094
v 17.21231 12.35898 7.773094
v 17.30375 12.35898 7.804558
v 17.52597 12.35898 7.159546
v 17.43452 12.35898 7.128082
v 17.86322 13.60673 4.373013
v 17.95958 13.60673 4.37891
v 17.95958 14.29697 4.37891
v 17.86322 14.29697 4.373013
v 17.86322 14.29697 4.373013
v 17.95958 14.29697 4.37891
v 17.91534 14.29697 5.059322
v 17.81799 14.29697 5.053421
v 17.81799 14.29697 5.053421
v 17.91534 14.29697 5.059322
v 17.91534 13.60673 5.059322
v 17.81799 13.60673 5.053421
v 17.81799 13.60673 5.053421
v 17.91534 13.60673 5.059322
v 17.95958 13.60673 4.37891
v 17.86322 13.60673 4.373013
v 17.80914 12.35898 5.387726
v 17.9055 12.35898 5.392643
v 17.9055 13.04922 5.392643
v 17.80914 13.04922 5.387726
v 17.80914 13.04922 5.387726
v 17.9055 13.04922 5.392643
v 17.86617 13.04922 6.074036
v 17.76981 13.04922 6.068138
v 17.76981 13.04922 6.068138
v 17.86617 13.04922 6.074036
v 17.86617 12.35898 6.074036
v 17.76981 12.35898 6.068138
v 17.76981 12.35898 6.068138
v 17.86617 12.35898 6.074036
v 17.9055 12.35898 5.392643
v 17.80914 12.35898 5.387726
v 17.86716 12.35898 3.250137
v 17.96352 12.35898 3.252106
v 17.96352 13.04922 3.252106
v 17.86716 13.04922 3.250137
v 17.86716 13.04922 3.250137
v 17.96352 13.04922 3.252106
v 17.95663 13.04922 3.933498
v 17.85929 13.04922 3.932514
v 17.85929 13.04922 3.932514
v 17.95663 13.04922 3.933498
v 17.95663 12.35898 3.933498
v 17.85929 12.35898 3.932514
v 17.85929 12.35898 3.932514
v 17.95663 12.35898 3.933498
v 17.96352 12.35898 3.252106
v 17.86716 12.35898 3.250137
v -11.72183 14.29697 13.58805
v -11.80148 14.29697 13.64803
v -12.21149 14.29697 13.1033
v -12.13185 14.29697 13.04332
v -12.13185 14.29697 13.04332
v -12.21149 14.29697 13.1033
v -12.21149 13.60673 13.1033
v -12.13185 13.60673 13.04332
v -12.13185 13.60673 13.04332
v -12.21149 13.60673 13.1033
v -11.80148 13.60673 13.64803
v -11.72183 13.60673 13.58805
v -11.72183 13.60673 13.58805
v -11.80148 13.60673 13.64803
v -11.80148 14.29697 13.64803
v -11.72183 14.29697 13.58805
v -11.06601 13.04922 14.44544
v -11.14663 13.04922 14.50542
v -11.55566 13.04922 13.9607
v -11.47602 13.04922 13.90072
v -11.47602 13.04922 13.90072
v -11.55566 13.04922 13.9607
v -11.55566 12.35898 13.9607
v -11.47602 12.35898 13.90072
v -11.47602 12.35898 13.90072
v -11.55566 12.35898 13.9607
v -11.14663 12.35898 14.50542
v -11.06601 12.35898 14.44544
v -11.06601 12.35898 14.44544
v -11.14663 12.35898 14.50542
v -11.14663 13.04922 14.50542
v -11.06601 13.04922 14.44544
v -12.83586 14.29697 12.13775
v -12.9155 14.29697 12.19773
v -13.32552 14.29697 11.65301
v -13.24587 14.29697 11.59303
v -13.24587 14.29697 11.59303
v -13.32552 14.29697 11.65301
v -13.32552 13.60673 11.65301
v -13.24587 13.60673 11.59303
v -13.24587 13.60673 11.59303
v -13.32552 13.60673 11.65301
v -12.9155 13.60673 12.19773
v -12.83586 13.60673 12.13775
v -12.83586 13.60673 12.13775
v -12.9155 13.60673 12.19773
v -12.9155 14.29697 12.19773
v -12.83586 14.29697 12.13775
v -12.17708 13.04922 12.97745
v -12.25771 13.04922 13.03743
v -12.66772 13.04922 12.4927
v -12.5871 13.04922 12.43174
v -12.5871 13.04922 12.43174
v -12.66772 13.04922 12.4927
v -12.66772 12.35898 12.4927
v -12.5871 12.35898 12.43174
v -12.5871 12.35898 12.43174
v -12.66772 12.35898 12.4927
v -12.25771 12.35898 13.03743
v -12.17708 12.35898 12.97745
v -12.17708 12.35898 12.97745
v -12.25771 12.35898 13.03743
v -12.25771 13.04922 13.03743
v -12.17708 13.04922 12.97745
v -13.72865 14.29697 10.43082
v -13.82108 14.29697 10.46819
v -14.07574 14.29697 9.835957
v -13.98331 14.29697 9.798595
v -13.98331 14.29697 9.798595
v -14.07574 14.29697 9.835957
v -14.07574 13.60673 9.835957
v -13.98331 13.60673 9.798595
v -13.98331 13.60673 9.798595
v -14.07574 13.60673 9.835957
v -13.82108 13.60673 10.46819
v -13.72865 13.60673 10.43082
v -13.72865 13.60673 10.43082
v -13.82108 13.60673 10.46819
v -13.82108 14.29697 10.46819
v -13.72865 14.29697 10.43082
v -13.3383 13.04922 11.47995
v -13.43171 13.04922 11.51732
v -13.68637 13.04922 10.88509
v -13.59394 13.04922 10.84772
v -13.59394 13.04922 10.84772
v -13.68637 13.04922 10.88509
v -13.68637 12.35898 10.88509
v -13.59394 12.35898 10.84772
v -13.59394 12.35898 10.84772
v -13.68637 12.35898 10.88509
v -13.43171 12.35898 11.51732
v -13.3383 12.35898 11.47995
v -13.3383 12.35898 11.47995
v -13.43171 12.35898 11.51732
v -13.43171 13.04922 11.51732
v -13.3383 13.04922 11.47995
v -14.40611 14.29697 8.714066
v -14.49952 14.29697 8.751431
v -14.75418 14.29697 8.119202
v -14.66077 14.29697 8.081837
v -14.66077 14.29697 8.081837
v -14.75418 14.29697 8.119202
v -14.75418 13.60673 8.119202
v -14.66077 13.60673 8.081837
v -14.66077 13.60673 8.081837
v -14.75418 13.60673 8.119202
v -14.49952 13.60673 8.751431
v -14.40611 13.60673 8.714066
v -14.40611 13.60673 8.714066
v -14.49952 13.60673 8.751431
v -14.49952 14.29697 8.751431
v -14.40611 14.29697 8.714066
v -14.02559 13.04922 9.692402
v -14.119 13.04922 9.730751
v -14.37366 13.04922 9.097534
v -14.28025 13.04922 9.060173
v -14.28025 13.04922 9.060173
v -14.37366 13.04922 9.097534
v -14.37366 12.35898 9.097534
v -14.28025 12.35898 9.060173
v -14.28025 12.35898 9.060173
v -14.37366 12.35898 9.097534
v -14.119 12.35898 9.729767
v -14.02559 12.35898 9.692402
v -14.02559 12.35898 9.692402
v -14.119 12.35898 9.729767
v -14.119 13.04922 9.730751
v -14.02559 13.04922 9.692402
v -15.14552 14.29697 6.749531
v -15.24581 14.29697 6.760345
v -15.31955 14.29697 6.081902
v -15.22024 14.29697 6.071087
v -15.22024 14.29697 6.071087
v -15.31955 14.29697 6.081902
v -15.31955 13.60673 6.081902
v -15.22024 13.60673 6.071087
v -15.22024 13.60673 6.071087
v -15.31955 13.60673 6.081902
v -15.24581 13.60673 6.760345
v -15.14552 13.60673 6.749531
v -15.14552 13.60673 6.749531
v -15.24581 13.60673 6.760345
v -15.24581 14.29697 6.760345
v -15.14552 14.29697 6.749531
v -14.80334 13.04922 7.740646
v -14.89676 13.04922 7.774078
v -15.12585 13.04922 7.132015
v -15.03244 13.04922 7.098583
v -15.03244 13.04922 7.098583
v -15.12585 13.04922 7.132015
v -15.12585 12.35898 7.132015
v -15.03244 12.35898 7.098583
v -15.03244 12.35898 7.098583
v -15.12585 12.35898 7.132015
v -14.89676 12.35898 7.774078
v -14.80334 12.35898 7.740646
v -14.80334 12.35898 7.740646
v -14.89676 12.35898 7.774078
v -14.89676 13.04922 7.774078
v -14.80334 13.04922 7.740646
v -15.35593 14.29697 4.836124
v -15.45524 14.29697 4.847923
v -15.53587 14.29697 4.171444
v -15.43656 14.29697 4.159645
v -15.43656 14.29697 4.159645
v -15.53587 14.29697 4.171444
v -15.53587 13.60673 4.171444
v -15.43656 13.60673 4.159645
v -15.43656 13.60673 4.159645
v -15.53587 13.60673 4.171444
v -15.45524 13.60673 4.847923
v -15.35593 13.60673 4.836124
v -15.35593 13.60673 4.836124
v -15.45524 13.60673 4.847923
v -15.45524 14.29697 4.847923
v -15.35593 14.29697 4.836124
v -15.27235 13.04922 5.807575
v -15.37166 13.04922 5.815441
v -15.42574 13.04922 5.136013
v -15.32644 13.04922 5.127167
v -15.32644 13.04922 5.127167
v -15.42574 13.04922 5.136013
v -15.42574 12.35898 5.136013
v -15.32644 12.35898 5.127167
v -15.32644 12.35898 5.127167
v -15.42574 12.35898 5.136013
v -15.37166 12.35898 5.815441
v -15.27235 12.35898 5.807575
v -15.27235 12.35898 5.807575
v -15.37166 12.35898 5.815441
v -15.37166 13.04922 5.815441
v -15.27235 13.04922 5.807575
v -15.51522 13.04922 3.480221
v -15.61453 13.04922 3.490051
v -15.67746 13.04922 2.811607
v -15.57815 13.04922 2.801777
v -15.57815 13.04922 2.801777
v -15.67746 13.04922 2.811607
v -15.67746 12.35898 2.811607
v -15.57815 12.35898 2.801777
v -15.57815 12.35898 2.801777
v -15.67746 12.35898 2.811607
v -15.61453 12.35898 3.490051
v -15.51522 12.35898 3.480221
v -15.51522 12.35898 3.480221
v -15.61453 12.35898 3.490051
v -15.61453 13.04922 3.490051
v -15.51522 13.04922 3.480221
vt 0.5295241 0.997927
vt 0.5295241 0.9250868
vt 0.7126362 0.9250868
vt 0.7126362 0.997927
vt 0.7126362 0.9615069
vt 0.7126362 0.7485505
vt 0.6271502 0.7485505
vt 0.6271502 0.9615069
vt 0.7323638 0.8401065
vt 0.7323638 0.7480447
vt 0.5133374 0.7480447
vt 0.5133374 0.8401065
vt 0.7323638 1.000962
vt 0.5133374 1.000962
vt 0.7060603 0.7480447
vt 0.740963 0.7480447
vt 0.740963 0.8401065
vt 0.7060603 0.8401065
vt 0.740963 1.000962
vt 0.7060603 1.000962
vt 0.5133374 0.7480447
vt 0.5133374 0.8401065
vt 0.5133374 1.000962
vt 0.5583566 0.7480447
vt 0.5254774 0.7480447
vt 0.5254774 0.8401065
vt 0.5583566 0.8401065
vt 0.5254774 1.000962
vt 0.5583566 1.000962
vt 0.6615469 0.7480447
vt 0.6615469 0.8401065
vt 0.740963 0.7480447
vt 0.740963 0.8401065
vt 0.6615469 1.000962
vt 0.740963 1.000962
vt 0.7050487 0.7480447
vt 0.7404571 0.7480447
vt 0.7404571 0.8401065
vt 0.7050487 0.8401065
vt 0.7404571 1.000962
vt 0.7050487 1.000962
vt 0.5988234 0.7480447
vt 0.5988234 0.8401065
vt 0.5254774 0.7480447
vt 0.5254774 0.8401065
vt 0.5988234 1.000962
vt 0.5254774 1.000962
vt 0.7404571 0.8401065
vt 0.7404571 0.7480447
vt 0.5649325 0.7480447
vt 0.5649325 0.8401065
vt 0.7404571 1.000962
vt 0.5649325 1.000962
vt 0.7126362 0.9250868
vt 0.5876951 0.9250868
vt 0.5876951 0.997927
vt 0.7126362 0.997927
vt 0.7505738 0.0004209874
vt 0.9407676 0.0004209874
vt 0.9407676 0.05960364
vt 0.7505738 0.05960364
vt 0.7581614 0.05909781
vt 0.7581614 0.05302779
vt 0.9321685 0.05302779
vt 0.9321685 0.05909781
vt 0.7505738 0.05960364
vt 0.7505738 0.0004209874
vt 0.9407676 0.0004209874
vt 0.9407676 0.05960364
vt 0.7586672 0.05302779
vt 0.9321685 0.05302779
vt 0.9326743 0.05909781
vt 0.7586672 0.05909781
vt 0.8198732 0.007502672
vt 0.8198732 0.0004209874
vt 0.8836083 0.0004209874
vt 0.8836083 0.007502672
vt 0.7505738 0.0004209874
vt 0.9407676 0.0004209874
vt 0.9407676 0.05960364
vt 0.7505738 0.05960364
vt 0.7581614 0.05909781
vt 0.7581614 0.05302779
vt 0.9321685 0.05302779
vt 0.9321685 0.05909781
vt 0.7505738 0.05960364
vt 0.7505738 0.0004209874
vt 0.9407676 0.0004209874
vt 0.9407676 0.05960364
vt 0.7586672 0.05302779
vt 0.9321685 0.05302779
vt 0.9326743 0.05909781
vt 0.7586672 0.05909781
vt 0.8198732 0.007502672
vt 0.8198732 0.0004209874
vt 0.8836083 0.0004209874
vt 0.8836083 0.007502672
vt 0.6311969 0.7551264
vt 0.6311969 0.8396007
vt 0.6043876 0.8396007
vt 0.6043876 0.7551264
vt 0.6311969 0.9999503
vt 0.6043876 0.9999503
vt 0.5371116 0.7551264
vt 0.5371116 0.8396007
vt 0.5371116 0.9999503
vt 0.6311969 0.8396007
vt 0.6311969 0.7551264
vt 0.6059051 0.7551264
vt 0.6059051 0.8396007
vt 0.5371116 0.7551264
vt 0.5371116 0.8396007
vt 0.6059051 0.9999503
vt 0.5371116 0.9999503
vt 0.6311969 0.9999503
vt 0.716177 0.5917417
vt 0.716177 0.5072674
vt 0.5497575 0.5072674
vt 0.5497575 0.5912359
vt 0.7187063 0.6504186
vt 0.7187063 0.5710025
vt 0.5497575 0.5704967
vt 0.5497575 0.6499127
vt 0.6271502 0.3150502
vt 0.6271502 0.2325991
vt 0.5168782 0.2325991
vt 0.5168782 0.3150502
vt 0.7146596 0.7480447
vt 0.7146596 0.5173841
vt 0.5502633 0.5168782
vt 0.5502633 0.7475388
vt 0.5168782 0.3150502
vt 0.6271502 0.3150502
vt 0.6271502 0.2331049
vt 0.5168782 0.2331049
vt 0.5168782 0.3145443
vt 0.6271502 0.3145443
vt 0.6271502 0.2331049
vt 0.5168782 0.2331049
vt 0.1299147 0.7632197
vt 0.1299147 0.4875398
vt 0.1066463 0.4875398
vt 0.1066463 0.7632197
vt 0.08388371 0.7632197
vt 0.08388371 0.4875398
vt 0.1066463 0.4875398
vt 0.1066463 0.7632197
vt 0.1066463 0.7632197
vt 0.1066463 0.4875398
vt 0.1299147 0.4875398
vt 0.1299147 0.7632197
vt 0.1299147 0.7632197
vt 0.1299147 0.4875398
vt 0.1531831 0.4875398
vt 0.1531831 0.7632197
vt 0.1531831 0.7632197
vt 0.1531831 0.4875398
vt 0.1299147 0.4875398
vt 0.1299147 0.7632197
vt 0.57859 0.7475388
vt 0.7217413 0.7475388
vt 0.7217413 0.8401065
vt 0.57859 0.8401065
vt 0.5092907 0.7475388
vt 0.5092907 0.8401065
vt 0.5092907 0.9999503
vt 0.7065662 0.9999503
vt 0.7065662 0.8401065
vt 0.6580061 0.7475388
vt 0.5441933 0.7475388
vt 0.5441933 0.8401065
vt 0.6580061 0.8401065
vt 0.7455155 0.7475388
vt 0.7455155 0.8401065
vt 0.6726753 0.8401065
vt 0.6726753 0.9999503
vt 0.7455155 0.9999503
vt 0.5892126 0.9999503
vt 0.6726753 0.8598341
vt 0.5892126 0.8401065
vt 0.5092907 0.7475388
vt 0.7455155 0.7475388
vt 0.7455155 0.8401065
vt 0.5092907 0.8401065
vt 0.5092907 0.8401065
vt 0.5092907 0.7475388
vt 0.7455155 0.7475388
vt 0.7455155 0.8401065
vt 0.4850106 0.05505113
vt 0.4875398 0.02824189
vt 0.01509019 0.02824189
vt 0.01357269 0.05505113
vt 0.005985169 0.003455995
vt 0.005985169 0.02773606
vt 0.4936098 0.02773606
vt 0.4936098 0.003455995
vt 0.01256102 0.02824189
vt 0.01256102 0.05505113
vt 0.4845048 0.05505113
vt 0.4845048 0.02824189
vt 0.4850106 0.05505113
vt 0.4875398 0.02824189
vt 0.01509019 0.02824189
vt 0.01357269 0.05505113
vt 0.005985169 0.003455995
vt 0.005985169 0.02773606
vt 0.4936098 0.02773606
vt 0.4936098 0.003455995
vt 0.01256102 0.02824189
vt 0.01256102 0.05505113
vt 0.4845048 0.05505113
vt 0.4845048 0.02824189
vt 0.4850106 0.05505113
vt 0.4875398 0.02824189
vt 0.01509019 0.02824189
vt 0.01357269 0.05505113
vt 0.005985169 0.003455995
vt 0.005985169 0.02773606
vt 0.4936098 0.02773606
vt 0.4936098 0.003455995
vt 0.01256102 0.02824189
vt 0.01256102 0.05505113
vt 0.4845048 0.05505113
vt 0.4845048 0.02824189
vt 0.1299147 0.7632197
vt 0.1299147 0.4875398
vt 0.1066463 0.4875398
vt 0.1066463 0.7632197
vt 0.08388371 0.7632197
vt 0.08388371 0.4875398
vt 0.1066463 0.4875398
vt 0.1066463 0.7632197
vt 0.1066463 0.7632197
vt 0.1066463 0.4875398
vt 0.1299147 0.4875398
vt 0.1299147 0.7632197
vt 0.1299147 0.7632197
vt 0.1299147 0.4875398
vt 0.1531831 0.4875398
vt 0.1531831 0.7632197
vt 0.1531831 0.7632197
vt 0.1531831 0.4875398
vt 0.1299147 0.4875398
vt 0.1299147 0.7632197
vt 0.5168782 0.2346224
vt 0.639796 0.2346224
vt 0.639796 0.2331049
vt 0.5168782 0.2331049
vt 0.7146596 0.5178899
vt 0.7146596 0.7480447
vt 0.5502633 0.7475388
vt 0.5502633 0.5178899
vt 0.6893678 0.5907301
vt 0.5497575 0.5912359
vt 0.5497575 0.5072674
vt 0.6893678 0.5072674
vt 0.7187063 0.6494069
vt 0.5497575 0.6499127
vt 0.5497575 0.5704967
vt 0.7187063 0.5699909
vt 0.6403019 0.3145443
vt 0.5168782 0.3145443
vt 0.5168782 0.2325991
vt 0.6403019 0.2325991
vt 0.7146596 0.747033
vt 0.5502633 0.7475388
vt 0.5502633 0.5168782
vt 0.7146596 0.5163724
vt 0.6403019 0.3150502
vt 0.5168782 0.3150502
vt 0.5168782 0.2331049
vt 0.6403019 0.2331049
vt 0.6403019 0.3145443
vt 0.5168782 0.3145443
vt 0.5168782 0.2331049
vt 0.6403019 0.2331049
vt 0.6403019 0.2346224
vt 0.5168782 0.2346224
vt 0.5168782 0.2331049
vt 0.6403019 0.2331049
vt 0.7146596 0.5173841
vt 0.5502633 0.5178899
vt 0.5502633 0.7475388
vt 0.7146596 0.747033
vt 0.6271502 0.3145443
vt 0.6271502 0.2325991
vt 0.5168782 0.2325991
vt 0.5168782 0.3145443
vt 0.6403019 0.2325991
vt 0.6403019 0.3150502
vt 0.5168782 0.3150502
vt 0.5168782 0.2325991
vt 0.4612364 0.02672439
vt 0.02065437 0.02672439
vt 0.02065437 0.000926822
vt 0.4612364 0.000926822
vt 0.4612364 0.02672439
vt 0.02065437 0.02672439
vt 0.02065437 0.05555696
vt 0.4612364 0.05555696
vt 0.5092907 0.9999503
vt 0.5092907 0.8719742
vt 0.7455155 0.8719742
vt 0.7455155 0.9999503
vt 0.5092907 0.8719742
vt 0.7455155 0.8401065
vt 0.7455155 0.9999503
vt 0.5092907 0.9999503
vt 0.4850106 0.05505113
vt 0.4875398 0.02824189
vt 0.01509019 0.02824189
vt 0.01357269 0.05505113
vt 0.005985169 0.003455995
vt 0.005985169 0.02773606
vt 0.4936098 0.02773606
vt 0.4936098 0.003455995
vt 0.01256102 0.02824189
vt 0.01256102 0.05505113
vt 0.4845048 0.05505113
vt 0.4845048 0.02824189
vt 0.4850106 0.05505113
vt 0.4875398 0.02824189
vt 0.01509019 0.02824189
vt 0.01357269 0.05505113
vt 0.005985169 0.003455995
vt 0.005985169 0.02773606
vt 0.4936098 0.02773606
vt 0.4936098 0.003455995
vt 0.01256102 0.02824189
vt 0.01256102 0.05505113
vt 0.4845048 0.05505113
vt 0.4845048 0.02824189
vt 0.4850106 0.05505113
vt 0.4875398 0.02824189
vt 0.01509019 0.02824189
vt 0.01357269 0.05505113
vt 0.005985169 0.003455995
vt 0.005985169 0.02773606
vt 0.4936098 0.02773606
vt 0.4936098 0.003455995
vt 0.01256102 0.02824189
vt 0.01256102 0.05505113
vt 0.4845048 0.05505113
vt 0.4845048 0.02824189
vt 0.4915864 0.02672439
vt 0.009020177 0.02672439
vt 0.009020177 0.000926822
vt 0.4915864 0.000926822
vt 0.4915864 0.02672439
vt 0.009020177 0.02672439
vt 0.009020177 0.05555696
vt 0.4915864 0.05555696
vt 0.4612364 0.02672439
vt 0.4612364 0.000926822
vt 0.02065437 0.000926822
vt 0.02065437 0.02672439
vt 0.57859 0.7475388
vt 0.57859 0.8401065
vt 0.7217413 0.8401065
vt 0.7217413 0.7475388
vt 0.5092907 0.7475388
vt 0.5092907 0.8401065
vt 0.5092907 0.9999503
vt 0.7065662 0.9999503
vt 0.7065662 0.8401065
vt 0.6580061 0.7475388
vt 0.6580061 0.8401065
vt 0.5441933 0.8401065
vt 0.5441933 0.7475388
vt 0.7455155 0.7475388
vt 0.7455155 0.8401065
vt 0.7455155 0.9999503
vt 0.6726753 0.9999503
vt 0.6726753 0.8401065
vt 0.5892126 0.9999503
vt 0.6726753 0.8598341
vt 0.5892126 0.8401065
vt 0.5092907 0.7475388
vt 0.5092907 0.8401065
vt 0.7455155 0.8401065
vt 0.7455155 0.7475388
vt 0.5092907 0.8401065
vt 0.7455155 0.8401065
vt 0.7455155 0.7475388
vt 0.5092907 0.7475388
vt 0.5092907 0.9999503
vt 0.7455155 0.9999503
vt 0.7455155 0.8719742
vt 0.5092907 0.8719742
vt 0.5092907 0.8719742
vt 0.5092907 0.9999503
vt 0.7455155 0.9999503
vt 0.7455155 0.8401065
vt 0.7455155 0.7475388
vt 0.6261385 0.7475388
vt 0.6261385 0.8401065
vt 0.7455155 0.8401065
vt 0.7455155 0.8719742
vt 0.6261385 0.8719742
vt 0.6261385 0.9999503
vt 0.7455155 0.9999503
vt 0.4612364 0.02672439
vt 0.02065437 0.02672439
vt 0.02065437 0.000926822
vt 0.4612364 0.000926822
vt 0.4612364 0.02672439
vt 0.02065437 0.02672439
vt 0.02065437 0.05555696
vt 0.4612364 0.05555696
vt 0.4612364 0.02672439
vt 0.4612364 0.000926822
vt 0.02065437 0.000926822
vt 0.02065437 0.02672439
vt 0.01256102 1.034347
vt 0.1643114 1.034347
vt 0.1643114 0.7495621
vt 0.01256102 0.7495621
vt 0.01256102 0.7495621
vt 0.01256102 1.034347
vt 0.1643114 1.034347
vt 0.1643114 0.7495621
vt 0.01256102 1.034347
vt 0.1643114 1.034347
vt 0.1643114 0.7495621
vt 0.01256102 0.7495621
vt 0.01256102 1.034347
vt 0.1643114 1.034347
vt 0.1643114 0.7495621
vt 0.01256102 0.7495621
vt 0.01256102 1.034347
vt 0.1643114 1.034347
vt 0.1643114 0.7495621
vt 0.01256102 0.7495621
vt 0.01256102 0.7495621
vt 0.01256102 1.034347
vt 0.1643114 1.034347
vt 0.1643114 0.7495621
vt 0.01256102 1.034347
vt 0.1643114 1.034347
vt 0.1643114 0.7495621
vt 0.01256102 0.7495621
vt 0.01256102 1.034347
vt 0.1643114 1.034347
vt 0.1643114 0.7495621
vt 0.01256102 0.7495621
vt 0.01256102 1.034347
vt 0.1643114 1.034347
vt 0.1643114 0.7495621
vt 0.01256102 0.7495621
vt 0.01256102 0.7495621
vt 0.01256102 1.034347
vt 0.1643114 1.034347
vt 0.1643114 0.7495621
vt 0.01256102 1.034347
vt 0.1643114 1.034347
vt 0.1643114 0.7495621
vt 0.01256102 0.7495621
vt 0.01256102 1.034347
vt 0.1643114 1.034347
vt 0.1643114 0.7495621
vt 0.01256102 0.7495621
vt 0.01256102 1.034347
vt 0.1643114 1.034347
vt 0.1643114 0.7495621
vt 0.01256102 0.7495621
vt 0.01256102 1.034347
vt 0.1643114 1.034347
vt 0.1643114 0.7495621
vt 0.01256102 0.7495621
vt 0.08337788 0.499174
vt 0.1653231 0.499174
vt 0.1688639 0.3474236
vt 0.08337788 0.3474236
vt 0.2401866 0.4986681
vt 0.2462566 0.3474236
vt 0.1688639 0.3474236
vt 0.2462566 0.3474236
vt 0.2401866 0.4986681
vt 0.1653231 0.499174
vt 0.08337788 0.3474236
vt 0.08337788 0.499174
vt 0.001938491 0.3474236
vt 0.01154935 0.499174
vt 0.01154935 0.4986681
vt 0.001938491 0.3474236
vt 0.08337788 0.3474236
vt 0.08337788 0.499174
vt 0.01154935 0.499174
vt 0.08337788 0.499174
vt 0.08337788 0.3474236
vt 0.001938491 0.3474236
vt 0.08337788 0.3383186
vt 0.08337788 0.3469177
vt 0.1688639 0.3469177
vt 0.1688639 0.3383186
vt 0.001938491 0.3383186
vt 0.001938491 0.3469177
vt 0.08337788 0.3383186
vt 0.08337788 0.3469177
vt 0.001938491 0.3469177
vt 0.001938491 0.3383186
vt 0.1688639 0.3383186
vt 0.1688639 0.3469177
vt 0.2462566 0.3383186
vt 0.2462566 0.3469177
vt 0.24828 0.3383186
vt 0.24828 0.3469177
vt 0.1673464 0.3469177
vt 0.1673464 0.3383186
vt 0.1673464 0.3383186
vt 0.1673464 0.3469177
vt 0.2462566 0.3469177
vt 0.2462566 0.3383186
vt 0.05656863 0.2047782
vt 0.05808614 0.2578908
vt 0.01003185 0.2578908
vt 0.005479334 0.2047782
vt 0.1147396 0.2047782
vt 0.1243505 0.2578908
vt 0.1820156 0.2047782
vt 0.184039 0.2578908
vt 0.24221 0.2047782
vt 0.2411983 0.2578908
vt 0.06314448 0.2047782
vt 0.0692145 0.2578908
vt 0.116763 0.2578908
vt 0.1142338 0.2047782
vt 0.181004 0.2578908
vt 0.1784748 0.2047782
vt 0.2411983 0.2578908
vt 0.24221 0.2047782
vt 0.1218213 0.6074226
vt 0.2437275 0.6074226
vt 0.2371516 0.5027148
vt 0.1132221 0.5027148
vt 0.1294088 0.5027148
vt 0.2371516 0.5027148
vt 0.2437275 0.6074226
vt 0.1299147 0.6074226
vt 0.01559603 0.6074226
vt 0.001938491 0.5027148
vt 0.001938491 0.5027148
vt 0.01559603 0.6074226
vt 0.125868 0.6074226
vt 0.1253621 0.5027148
vt 0.2341166 0.5027148
vt 0.2406925 0.6074226
vt 0.01205518 0.6074226
vt 0.009020177 0.5027148
vt 0.1182805 0.5027148
vt 0.125868 0.6074226
vt 0.2341166 0.5027148
vt 0.2406925 0.6074226
vt 0.08337788 0.499174
vt 0.08337788 0.3474236
vt 0.1688639 0.3474236
vt 0.1653231 0.499174
vt 0.2401866 0.4986681
vt 0.2462566 0.3474236
vt 0.1688639 0.3474236
vt 0.1653231 0.499174
vt 0.2401866 0.4986681
vt 0.2462566 0.3474236
vt 0.08337788 0.3474236
vt 0.08337788 0.499174
vt 0.001938491 0.3474236
vt 0.01154935 0.499174
vt 0.01154935 0.4986681
vt 0.08186037 0.4986681
vt 0.08388371 0.3469177
vt 0.001938491 0.3474236
vt 0.01154935 0.499174
vt 0.001938491 0.3474236
vt 0.08337788 0.3474236
vt 0.08337788 0.499174
vt 0.08337788 0.3383186
vt 0.1688639 0.3383186
vt 0.1688639 0.3469177
vt 0.08337788 0.3469177
vt 0.001938491 0.3383186
vt 0.001938491 0.3469177
vt 0.08337788 0.3383186
vt 0.001938491 0.3383186
vt 0.001938491 0.3469177
vt 0.08337788 0.3469177
vt 0.1688639 0.3383186
vt 0.1688639 0.3469177
vt 0.2462566 0.3383186
vt 0.2462566 0.3469177
vt 0.1708873 0.3383186
vt 0.2462566 0.3383186
vt 0.2462566 0.3469177
vt 0.1708873 0.3469177
vt 0.1688639 0.3383186
vt 0.2462566 0.3383186
vt 0.2462566 0.3469177
vt 0.1688639 0.3469177
vt 0.05656863 0.2047782
vt 0.005479334 0.2047782
vt 0.01003185 0.2578908
vt 0.05808614 0.2578908
vt 0.1147396 0.2047782
vt 0.1243505 0.2578908
vt 0.1820156 0.2047782
vt 0.184039 0.2578908
vt 0.24221 0.2047782
vt 0.2411983 0.2578908
vt 0.06314448 0.2047782
vt 0.1142338 0.2047782
vt 0.116763 0.2578908
vt 0.0692145 0.2578908
vt 0.181004 0.2578908
vt 0.1784748 0.2047782
vt 0.2411983 0.2578908
vt 0.24221 0.2047782
vt 0.1218213 0.6074226
vt 0.1132221 0.5027148
vt 0.2371516 0.5027148
vt 0.2437275 0.6074226
vt 0.1294088 0.5027148
vt 0.1299147 0.6074226
vt 0.2437275 0.6074226
vt 0.2371516 0.5027148
vt 0.01559603 0.6074226
vt 0.001938491 0.5027148
vt 0.001938491 0.5027148
vt 0.1253621 0.5027148
vt 0.125868 0.6074226
vt 0.01559603 0.6074226
vt 0.2341166 0.5027148
vt 0.2290583 0.5522866
vt 0.01205518 0.6074226
vt 0.1253621 0.6018584
vt 0.1182805 0.5027148
vt 0.009020177 0.5027148
vt 0.2290583 0.5522866
vt 0.2341166 0.5027148
vt 0.08337788 0.499174
vt 0.08337788 0.3474236
vt 0.1688639 0.3474236
vt 0.1653231 0.499174
vt 0.2401866 0.4986681
vt 0.2462566 0.3474236
vt 0.1688639 0.3474236
vt 0.1653231 0.499174
vt 0.2401866 0.4986681
vt 0.2462566 0.3474236
vt 0.08337788 0.3474236
vt 0.08337788 0.499174
vt 0.001938491 0.3474236
vt 0.01154935 0.499174
vt 0.01154935 0.499174
vt 0.08337788 0.499174
vt 0.09197706 0.3474236
vt 0.001938491 0.3474236
vt 0.01306685 0.499174
vt 0.001938491 0.3474236
vt 0.09450623 0.3474236
vt 0.08337788 0.499174
vt 0.08337788 0.3383186
vt 0.1688639 0.3383186
vt 0.1688639 0.3469177
vt 0.08337788 0.3469177
vt 0.001938491 0.3383186
vt 0.001938491 0.3469177
vt 0.2462566 0.3383186
vt 0.1688639 0.3383186
vt 0.1688639 0.3469177
vt 0.2462566 0.3469177
vt 0.2462566 0.3383186
vt 0.1688639 0.3383186
vt 0.1688639 0.3469177
vt 0.2462566 0.3469177
vt 0.1688639 0.3383186
vt 0.2462566 0.3383186
vt 0.2462566 0.3469177
vt 0.1688639 0.3469177
vt 0.05656863 0.2047782
vt 0.005479334 0.2047782
vt 0.01003185 0.2578908
vt 0.05808614 0.2578908
vt 0.1147396 0.2047782
vt 0.1243505 0.2578908
vt 0.06314448 0.2047782
vt 0.1142338 0.2047782
vt 0.116763 0.2578908
vt 0.0692145 0.2578908
vt 0.181004 0.2578908
vt 0.1784748 0.2047782
vt 0.2411983 0.2578908
vt 0.24221 0.2047782
vt 0.1218213 0.6074226
vt 0.1132221 0.5027148
vt 0.2371516 0.5027148
vt 0.2437275 0.6074226
vt 0.1294088 0.5027148
vt 0.1299147 0.6074226
vt 0.2437275 0.6074226
vt 0.2371516 0.5027148
vt 0.01559603 0.6074226
vt 0.001938491 0.5027148
vt 0.001938491 0.5027148
vt 0.1253621 0.5027148
vt 0.125868 0.6074226
vt 0.01559603 0.6074226
vt 0.2341166 0.5027148
vt 0.2406925 0.6074226
vt 0.0297594 0.5831426
vt 0.125868 0.6074226
vt 0.1182805 0.5027148
vt 0.009020177 0.5027148
vt 0.2341166 0.5027148
vt 0.2406925 0.6074226
vt 0.08337788 0.499174
vt 0.1653231 0.499174
vt 0.1688639 0.3474236
vt 0.08337788 0.3474236
vt 0.2401866 0.4986681
vt 0.2462566 0.3474236
vt 0.1688639 0.3474236
vt 0.2462566 0.3474236
vt 0.2401866 0.4986681
vt 0.1653231 0.499174
vt 0.08337788 0.3474236
vt 0.08337788 0.499174
vt 0.001938491 0.3474236
vt 0.01154935 0.499174
vt 0.01154935 0.499174
vt 0.001938491 0.3474236
vt 0.08337788 0.3474236
vt 0.08337788 0.499174
vt 0.01154935 0.499174
vt 0.08337788 0.499174
vt 0.08337788 0.3474236
vt 0.001938491 0.3474236
vt 0.08337788 0.3383186
vt 0.08337788 0.3469177
vt 0.1688639 0.3469177
vt 0.1688639 0.3383186
vt 0.001938491 0.3383186
vt 0.001938491 0.3469177
vt 0.2462566 0.3383186
vt 0.2462566 0.3469177
vt 0.1688639 0.3469177
vt 0.1688639 0.3383186
vt 0.2462566 0.3383186
vt 0.2462566 0.3469177
vt 0.1688639 0.3469177
vt 0.1688639 0.3383186
vt 0.1688639 0.3383186
vt 0.1688639 0.3469177
vt 0.2462566 0.3469177
vt 0.2462566 0.3383186
vt 0.05656863 0.2047782
vt 0.05808614 0.2578908
vt 0.01003185 0.2578908
vt 0.005479334 0.2047782
vt 0.1147396 0.2047782
vt 0.1243505 0.2578908
vt 0.06314448 0.2047782
vt 0.0692145 0.2578908
vt 0.116763 0.2578908
vt 0.1142338 0.2047782
vt 0.181004 0.2578908
vt 0.1784748 0.2047782
vt 0.2411983 0.2578908
vt 0.24221 0.2047782
vt 0.1218213 0.6074226
vt 0.2437275 0.6074226
vt 0.2371516 0.5027148
vt 0.1132221 0.5027148
vt 0.1294088 0.5027148
vt 0.2371516 0.5027148
vt 0.2437275 0.6074226
vt 0.1299147 0.6074226
vt 0.01559603 0.6074226
vt 0.001938491 0.5027148
vt 0.001938491 0.5027148
vt 0.01559603 0.6074226
vt 0.125868 0.6074226
vt 0.1253621 0.5027148
vt 0.2341166 0.5027148
vt 0.2406925 0.6074226
vt 0.00396183 0.5841542
vt 0.009020177 0.5027148
vt 0.1182805 0.5027148
vt 0.125868 0.6074226
vt 0.2341166 0.5027148
vt 0.2406925 0.6074226
vt 0.9999503 0.7677722
vt 0.9999503 0.979717
vt 0.7520913 0.979717
vt 0.7520913 0.7677722
vt 0.7520913 0.8401065
vt 0.9999503 0.8411182
vt 0.9999503 0.979717
vt 0.7520913 0.979717
vt 0.7520913 0.7677722
vt 0.9999503 0.7677722
vt 0.7520913 0.979717
vt 0.9999503 0.979717
vt 0.9999503 0.7677722
vt 0.7520913 0.7677722
vt 0.9999503 0.7677722
vt 0.7520913 0.7677722
vt 0.7520913 0.979717
vt 0.9999503 0.979717
vt 0.9999503 0.8390949
vt 0.9999503 0.9807286
vt 0.826449 0.89069
vt 0.7758656 0.8370715
vt 0.7475388 0.7854764
vt 0.9999503 0.7424805
vt 0.4612364 0.02672439
vt 0.02065437 0.02672439
vt 0.02065437 0.000926822
vt 0.4612364 0.000926822
vt 0.4612364 0.02672439
vt 0.02065437 0.02672439
vt 0.02065437 0.05555696
vt 0.4207696 0.04847528
vt 0.4207696 0.02672439
vt 0.4207696 0.000926822
vt 0.02065437 0.000926822
vt 0.02065437 0.02672439
vt 0.3939604 0.02672439
vt 0.02065437 0.02672439
vt 0.02065437 0.000926822
vt 0.3939604 0.000926822
vt 0.3939604 0.02824189
vt 0.02065437 0.02672439
vt 0.02065437 0.05555696
vt 0.4612364 0.05555696
vt 0.4612364 0.02672439
vt 0.4612364 0.000926822
vt 0.02065437 0.000926822
vt 0.02065437 0.02672439
vt 0.4612364 0.02672439
vt 0.4177346 0.05656863
vt 0.02065437 0.05555696
vt 0.02065437 0.02672439
vt 0.3939604 0.02672439
vt 0.4612364 0.05555696
vt 0.02065437 0.05555696
vt 0.02065437 0.02672439
vt 0.4612364 0.02672439
vt 0.02065437 0.02672439
vt 0.02065437 0.000926822
vt 0.4612364 0.000926822
vt 0.4612364 0.02672439
vt 0.02065437 0.02672439
vt 0.02065437 0.05555696
vt 0.4612364 0.05555696
vt 0.4612364 0.02672439
vt 0.4612364 0.000926822
vt 0.02065437 0.000926822
vt 0.02065437 0.02672439
vt 0.4612364 0.02672439
vt 0.4612364 0.05555696
vt 0.02065437 0.05555696
vt 0.02065437 0.02672439
vt 0.4612364 0.02672439
vt 0.02065437 0.02672439
vt 0.02065437 0.05555696
vt 0.4612364 0.05555696
vt 0.4612364 0.02672439
vt 0.4612364 0.000926822
vt 0.02065437 0.000926822
vt 0.02065437 0.02672439
vt 0.4612364 0.02672439
vt 0.4612364 0.05555696
vt 0.02065437 0.05555696
vt 0.02065437 0.02672439
vt 0.4895631 0.02672439
vt 0.01003185 0.02672439
vt 0.01003185 0.05555696
vt 0.4895631 0.05555696
vt 0.4612364 0.02672439
vt 0.4612364 0.000926822
vt 0.02065437 0.000926822
vt 0.02065437 0.02672439
vt 0.4850106 0.02672439
vt 0.4850106 0.05555696
vt 0.04493444 0.05555696
vt 0.04493444 0.02672439
vt 0.4612364 0.02672439
vt 0.02065437 0.02672439
vt 0.02065437 0.000926822
vt 0.4612364 0.000926822
vt 0.4612364 0.02672439
vt 0.02065437 0.02672439
vt 0.02065437 0.05555696
vt 0.4612364 0.05555696
vt 0.4612364 0.02672439
vt 0.4612364 0.000926822
vt 0.02065437 0.000926822
vt 0.02065437 0.02672439
vt 0.4612364 0.02672439
vt 0.4612364 0.05555696
vt 0.02065437 0.05555696
vt 0.02065437 0.02672439
vt 0.5087848 0.04341693
vt 0.5796017 0.04341693
vt 0.5796017 0.067697
vt 0.5087848 0.067697
vt 0.737928 0.067697
vt 0.737928 0.04341693
vt 0.5087848 0.067697
vt 0.5796017 0.067697
vt 0.5796017 0.04341693
vt 0.5087848 0.04341693
vt 0.737928 0.04341693
vt 0.737928 0.067697
vt 0.5087848 0.067697
vt 0.5087848 0.04341693
vt 0.5796017 0.04341693
vt 0.5796017 0.067697
vt 0.737928 0.04341693
vt 0.737928 0.067697
vt 0.5087848 0.05555696
vt 0.5087848 0.067697
vt 0.5796017 0.067697
vt 0.5796017 0.05555696
vt 0.737928 0.067697
vt 0.737928 0.05555696
vt 0.5087848 0.04341693
vt 0.5796017 0.04341693
vt 0.5796017 0.067697
vt 0.5087848 0.067697
vt 0.737928 0.04341693
vt 0.737928 0.067697
vt 0.5087848 0.067697
vt 0.5796017 0.067697
vt 0.5796017 0.04341693
vt 0.5087848 0.04341693
vt 0.737928 0.067697
vt 0.737928 0.04341693
vt 0.5087848 0.067697
vt 0.5087848 0.04341693
vt 0.5796017 0.04341693
vt 0.5796017 0.067697
vt 0.737928 0.067697
vt 0.737928 0.04341693
vt 0.5087848 0.05555696
vt 0.5087848 0.067697
vt 0.5796017 0.067697
vt 0.5796017 0.05555696
vt 0.737928 0.05555696
vt 0.737928 0.067697
vt 0.5087848 0.04341693
vt 0.5796017 0.04341693
vt 0.5796017 0.067697
vt 0.5087848 0.067697
vt 0.737928 0.067697
vt 0.737928 0.04341693
vt 0.5087848 0.067697
vt 0.5796017 0.067697
vt 0.5796017 0.04341693
vt 0.5087848 0.04341693
vt 0.737928 0.04341693
vt 0.737928 0.067697
vt 0.5087848 0.067697
vt 0.5087848 0.04341693
vt 0.5796017 0.04341693
vt 0.5796017 0.067697
vt 0.737928 0.04341693
vt 0.737928 0.067697
vt 0.5087848 0.05555696
vt 0.5087848 0.067697
vt 0.5796017 0.067697
vt 0.5796017 0.05555696
vt 0.737928 0.067697
vt 0.737928 0.05555696
vt 0.5087848 0.04341693
vt 0.5796017 0.04341693
vt 0.5796017 0.067697
vt 0.5087848 0.067697
vt 0.737928 0.04341693
vt 0.737928 0.067697
vt 0.5087848 0.067697
vt 0.5796017 0.067697
vt 0.5796017 0.04341693
vt 0.5087848 0.04341693
vt 0.737928 0.067697
vt 0.737928 0.04341693
vt 0.5087848 0.067697
vt 0.5087848 0.04341693
vt 0.5796017 0.04341693
vt 0.5796017 0.067697
vt 0.737928 0.067697
vt 0.737928 0.04341693
vt 0.5087848 0.05555696
vt 0.5087848 0.067697
vt 0.5796017 0.067697
vt 0.5796017 0.05555696
vt 0.737928 0.05555696
vt 0.737928 0.067697
vt 0.5087848 0.04341693
vt 0.5796017 0.04341693
vt 0.5796017 0.067697
vt 0.5087848 0.067697
vt 0.737928 0.067697
vt 0.737928 0.04341693
vt 0.5087848 0.067697
vt 0.5796017 0.067697
vt 0.5796017 0.04341693
vt 0.5087848 0.04341693
vt 0.737928 0.04341693
vt 0.737928 0.067697
vt 0.5087848 0.067697
vt 0.5087848 0.04341693
vt 0.5796017 0.04341693
vt 0.5796017 0.067697
vt 0.737928 0.04341693
vt 0.737928 0.067697
vt 0.5087848 0.05555696
vt 0.5087848 0.067697
vt 0.5796017 0.067697
vt 0.5796017 0.05555696
vt 0.737928 0.067697
vt 0.737928 0.05555696
vt 0.5087848 0.04341693
vt 0.5796017 0.04341693
vt 0.5796017 0.067697
vt 0.5087848 0.067697
vt 0.5087848 0.067697
vt 0.5796017 0.067697
vt 0.5796017 0.04341693
vt 0.5087848 0.04341693
vt 0.5087848 0.067697
vt 0.5087848 0.04341693
vt 0.5796017 0.04341693
vt 0.5796017 0.067697
vt 0.5087848 0.05555696
vt 0.5087848 0.067697
vt 0.5796017 0.067697
vt 0.5796017 0.05555696
vt 0.5087848 0.04341693
vt 0.5796017 0.04341693
vt 0.5796017 0.067697
vt 0.5087848 0.067697
vt 0.737928 0.04341693
vt 0.737928 0.067697
vt 0.5087848 0.067697
vt 0.5796017 0.067697
vt 0.5796017 0.04341693
vt 0.5087848 0.04341693
vt 0.737928 0.067697
vt 0.737928 0.04341693
vt 0.5087848 0.067697
vt 0.5087848 0.04341693
vt 0.5796017 0.04341693
vt 0.5796017 0.067697
vt 0.737928 0.067697
vt 0.737928 0.04341693
vt 0.5087848 0.05555696
vt 0.5087848 0.067697
vt 0.5796017 0.067697
vt 0.5796017 0.05555696
vt 0.737928 0.05555696
vt 0.737928 0.067697
vt 0.5087848 0.04341693
vt 0.737928 0.04341693
vt 0.737928 0.067697
vt 0.5087848 0.067697
vt 0.5087848 0.04341693
vt 0.5087848 0.067697
vt 0.737928 0.067697
vt 0.737928 0.04341693
vt 0.5087848 0.067697
vt 0.5087848 0.04341693
vt 0.737928 0.04341693
vt 0.737928 0.067697
vt 0.5087848 0.067697
vt 0.737928 0.067697
vt 0.737928 0.05555696
vt 0.5087848 0.05555696
vt 0.5796017 0.067697
vt 0.5796017 0.04341693
vt 0.737928 0.04341693
vt 0.737928 0.067697
vt 0.5796017 0.04341693
vt 0.5796017 0.067697
vt 0.737928 0.067697
vt 0.737928 0.04341693
vt 0.737928 0.067697
vt 0.5796017 0.067697
vt 0.5796017 0.04341693
vt 0.737928 0.04341693
vt 0.737928 0.05555696
vt 0.5796017 0.05555696
vt 0.5796017 0.067697
vt 0.737928 0.067697
vt 0.737928 0.067697
vt 0.5796017 0.067697
vt 0.5796017 0.04341693
vt 0.737928 0.04341693
vt 0.737928 0.04341693
vt 0.5796017 0.04341693
vt 0.5796017 0.067697
vt 0.737928 0.067697
vt 0.5796017 0.067697
vt 0.5796017 0.04341693
vt 0.737928 0.04341693
vt 0.737928 0.067697
vt 0.5796017 0.05555696
vt 0.5796017 0.067697
vt 0.737928 0.067697
vt 0.737928 0.05555696
vt 0.4915864 0.02672439
vt 0.009020177 0.02672439
vt 0.009020177 0.000926822
vt 0.4915864 0.000926822
vt 0.4915864 0.02672439
vt 0.009020177 0.02672439
vt 0.009020177 0.05555696
vt 0.4915864 0.05555696
vt 0.7126362 0.7485505
vt 0.7126362 0.9615069
vt 0.5295241 0.9615069
vt 0.5295241 0.7485505
vt 0.7126362 0.9250868
vt 0.6271502 0.9250868
vt 0.6271502 0.997927
vt 0.7126362 0.997927
vt 0.581625 0.8396007
vt 0.6311969 0.8396007
vt 0.6311969 0.9999503
vt 0.581625 0.9999503
vt 0.5371116 0.8396007
vt 0.5371116 0.9999503
vt 0.5371116 0.9999503
vt 0.5659442 0.9999503
vt 0.5659442 0.8396007
vt 0.5371116 0.8396007
vt 0.6311969 0.8396007
vt 0.6311969 0.9999503
vt 0.9989387 0.2821709
vt 0.9989387 0.2558675
vt 0.9680827 0.2558675
vt 0.9680827 0.2821709
vt 0.9680827 0.2821709
vt 0.9832578 0.2821709
vt 0.9832578 0.2558675
vt 0.9680827 0.2558675
vt 0.502209 0.7490563
vt 0.502209 0.5027148
vt 0.7192121 0.5027148
vt 0.7192121 0.7490563
vt 0.502209 0.7490563
vt 0.502209 0.5027148
vt 0.7192121 0.5027148
vt 0.7192121 0.7490563
vt 0.502209 0.5027148
vt 0.502209 0.7490563
vt 0.7192121 0.7490563
vt 0.7192121 0.5027148
vt 0.502209 0.5027148
vt 0.502209 0.7490563
vt 0.7192121 0.7490563
vt 0.7192121 0.5027148
vt 0.57252 0.5876951
vt 0.6878504 0.621586
vt 0.502209 0.7490563
vt 0.502209 0.5851659
vt 0.7192121 0.7490563
vt 0.7192121 0.6438427
vt 0.502209 0.7490563
vt 0.502209 0.6438427
vt 0.5679675 0.6893678
vt 0.6170335 0.7490563
vt 0.6853212 0.6038818
vt 0.6999903 0.5027148
vt 0.502209 0.5027148
vt 0.645866 0.7156712
vt 0.502209 0.7490563
vt 0.6170335 0.7490563
vt 0.6711578 0.6483952
vt 0.6099518 0.7490563
vt 0.502209 0.7490563
vt 0.502209 0.5027148
vt 0.701002 0.5027148
vt 0.502209 0.7490563
vt 0.6099518 0.7490563
vt 0.5715083 0.7060603
vt 0.502209 0.6539594
vt 0.6296793 0.6069168
vt 0.502209 0.5932593
vt 0.502209 0.7490563
vt 0.7192121 0.6539594
vt 0.7192121 0.7490563
vt 0.502209 0.5932593
vt 0.6028701 0.6048934
vt 0.502209 0.7490563
vt 0.7192121 0.7490563
vt 0.7192121 0.6671111
vt 0.502209 0.7490563
vt 0.502209 0.6671111
vt 0.5704967 0.7121304
vt 0.5962942 0.7490563
vt 0.6499127 0.6716636
vt 0.6873445 0.5027148
vt 0.502209 0.5027148
vt 0.502209 0.7490563
vt 0.5962942 0.7490563
vt 0.6124809 0.731858
vt 0.6225976 0.7490563
vt 0.7192121 0.7490563
vt 0.7126362 0.7171887
vt 0.7192121 0.5027148
vt 0.6832978 0.6625586
vt 0.6691344 0.5892126
vt 0.5345824 0.5027148
vt 0.5507692 0.5937651
vt 0.502209 0.7490563
vt 0.5993292 0.7490563
vt 0.5760609 0.710107
vt 0.502209 0.6433369
vt 0.7192121 0.6433369
vt 0.5527925 0.5851659
vt 0.502209 0.7490563
vt 0.7192121 0.7490563
vt 0.502209 0.5851659
vt 0.1612764 0.7262937
vt 0.1622881 0.707072
vt 0.08894205 0.6989787
vt 0.08793038 0.7182004
vt 0.1015879 0.5320532
vt 0.03684108 0.5371116
vt 0.03582941 0.5568392
vt 0.1010821 0.551275
vt 0.1622881 0.5345824
vt 0.1622881 0.5538042
vt 0.1734164 0.7202237
vt 0.1734164 0.7025195
vt 0.06668533 0.7025195
vt 0.06668533 0.7197179
vt 0.1314322 0.7217413
vt 0.1906148 0.7187063
vt 0.1906148 0.6994845
vt 0.1309263 0.7030253
vt 0.06668533 0.7171887
vt 0.06567366 0.6974612
vt 0.04392277 0.7004962
vt 0.04392277 0.7202237
vt 0.1481247 0.7202237
vt 0.1481247 0.7004962
vt 0.1177746 0.7015079
vt 0.1172688 0.7207296
vt 0.2224824 0.7217413
vt 0.2229882 0.7025195
vt 0.1648173 0.7171887
vt 0.1643114 0.6984729
vt 0.09096539 0.704037
vt 0.09147123 0.7232587
vt 0.06617949 0.6994845
vt 0.06617949 0.7182004
vt 0.1724048 0.7182004
vt 0.1724048 0.6994845
vt 0.04948695 0.5426758
vt 0.02116021 0.5249715
vt 0.2280466 0.5249715
vt 0.208319 0.5436875
vt 0.04948695 0.7085896
vt 0.02116021 0.7217413
vt 0.208319 0.7080837
vt 0.2280466 0.7222471
vt 0.2118599 0.7045429
vt 0.1253621 0.7045429
vt 0.1248563 0.7222471
vt 0.2290583 0.7222471
vt 0.2290583 0.5249715
vt 0.2118599 0.5411583
vt 0.1248563 0.5249715
vt 0.1253621 0.5416641
vt 0.04594611 0.5411583
vt 0.02318355 0.5249715
vt 0.0444286 0.7055545
vt 0.02318355 0.7222471
vt 0.05151029 0.5426758
vt 0.2098365 0.5436875
vt 0.2300699 0.5249715
vt 0.02267771 0.5249715
vt 0.05151029 0.7085896
vt 0.02318355 0.7222471
vt 0.2098365 0.7080837
vt 0.2300699 0.7222471
vt 0.1248563 0.7222471
vt 0.1253621 0.7045429
vt 0.2118599 0.7045429
vt 0.2290583 0.7222471
vt 0.2290583 0.5249715
vt 0.2118599 0.5411583
vt 0.1248563 0.5249715
vt 0.1253621 0.5416641
vt 0.04594611 0.5411583
vt 0.02318355 0.5249715
vt 0.0444286 0.7055545
vt 0.02318355 0.7222471
vt 0.1718989 0.7267996
vt 0.07579035 0.7171887
vt 0.07629619 0.6984729
vt 0.1724048 0.7085896
vt 0.1845448 0.7192121
vt 0.05707447 0.7192121
vt 0.05656863 0.7025195
vt 0.1845448 0.7025195
vt 0.1769573 0.7166829
vt 0.0808487 0.7232587
vt 0.08034287 0.7045429
vt 0.1769573 0.697967
vt 0.05656863 0.6984729
vt 0.1830273 0.6984729
vt 0.1830273 0.7171887
vt 0.05656863 0.7171887
vt 0.1612764 0.7262937
vt 0.1622881 0.707072
vt 0.08894205 0.6989787
vt 0.08793038 0.7182004
vt 0.1734164 0.7202237
vt 0.1734164 0.7025195
vt 0.06668533 0.7025195
vt 0.06668533 0.7197179
vt 0.1648173 0.7171887
vt 0.1643114 0.6984729
vt 0.09096539 0.704037
vt 0.09147123 0.7232587
vt 0.06617949 0.6994845
vt 0.06617949 0.7182004
vt 0.1724048 0.7182004
vt 0.1724048 0.6994845
vt 0.04948695 0.5426758
vt 0.02116021 0.5249715
vt 0.2280466 0.5249715
vt 0.208319 0.5436875
vt 0.04948695 0.7085896
vt 0.02116021 0.7217413
vt 0.208319 0.7080837
vt 0.2280466 0.7222471
vt 0.05151029 0.5426758
vt 0.2098365 0.5436875
vt 0.2300699 0.5249715
vt 0.02267771 0.5249715
vt 0.05151029 0.7085896
vt 0.02318355 0.7222471
vt 0.2098365 0.7080837
vt 0.2300699 0.7222471
vt 0.1718989 0.7267996
vt 0.07579035 0.7171887
vt 0.07629619 0.6984729
vt 0.1724048 0.7085896
vt 0.1845448 0.7192121
vt 0.05707447 0.7192121
vt 0.05656863 0.7025195
vt 0.1845448 0.7025195
vt 0.1769573 0.7166829
vt 0.0808487 0.7232587
vt 0.08034287 0.7045429
vt 0.1769573 0.697967
vt 0.05656863 0.6984729
vt 0.1830273 0.6984729
vt 0.1830273 0.7171887
vt 0.05656863 0.7171887
vt 0.03684108 0.5371116
vt 0.1015879 0.5320532
vt 0.1010821 0.551275
vt 0.03582941 0.5568392
vt 0.1622881 0.5345824
vt 0.1622881 0.5538042
vt 0.1906148 0.6994845
vt 0.1906148 0.7187063
vt 0.1314322 0.7217413
vt 0.1309263 0.7030253
vt 0.06668533 0.7171887
vt 0.06567366 0.6974612
vt 0.04392277 0.7004962
vt 0.1481247 0.7004962
vt 0.1481247 0.7202237
vt 0.04392277 0.7202237
vt 0.1177746 0.7015079
vt 0.2229882 0.7025195
vt 0.2224824 0.7217413
vt 0.1172688 0.7207296
vt 0.9994445 0.09349456
vt 0.9994445 0.04695778
vt 0.9524019 0.04695778
vt 0.9524019 0.09349456
vt 0.9994445 0.09349456
vt 0.9994445 0.09349456
vt 0.9994445 0.04695778
vt 0.9994445 0.04695778
vt 0.7146596 0.1926382
vt 0.697967 0.1921323
vt 0.6959437 0.2740775
vt 0.7126362 0.2745834
vt 0.704037 0.2766067
vt 0.7192121 0.2766067
vt 0.7192121 0.2002257
vt 0.704037 0.2002257
vt 0.697967 0.2796417
vt 0.7146596 0.2791359
vt 0.7156712 0.1971907
vt 0.6989787 0.1976965
vt 0.0793312 0.7485505
vt 0.07983703 1.009055
vt 0.202249 1.009055
vt 0.202249 0.7485505
vt 0.0181252 0.7485505
vt 0.0181252 1.009055
vt 0.0793312 0.7485505
vt 0.1415489 0.7485505
vt 0.141043 1.009055
vt 0.0181252 1.009055
vt 0.0181252 0.7485505
vt 0.2027549 0.7485505
vt 0.202249 1.009055
vt 0.141043 0.7485505
vt 0.0793312 0.7485505
vt 0.07983703 1.009055
vt 0.202249 1.009055
vt 0.202249 0.7485505
vt 0.0181252 0.7485505
vt 0.0181252 1.009055
vt 0.0793312 0.7485505
vt 0.1415489 0.7485505
vt 0.141043 1.009055
vt 0.0181252 1.009055
vt 0.0181252 0.7485505
vt 0.2336108 0.7485505
vt 0.2331049 1.009055
vt 0.141043 0.7485505
vt 0.1309263 0.3479294
vt 0.1334555 0.4976565
vt 0.2123657 0.4976565
vt 0.2224824 0.3479294
vt 0.03835859 0.3479294
vt 0.04999278 0.4976565
vt 0.1334555 0.4976565
vt 0.1309263 0.3479294
vt 0.03835859 0.3479294
vt 0.04999278 0.4976565
vt 0.2123657 0.4976565
vt 0.2224824 0.3479294
vt 0.1334555 0.4976565
vt 0.1309263 0.3479294
vt 0.03835859 0.3479294
vt 0.04999278 0.4976565
vt 0.2123657 0.4976565
vt 0.2224824 0.3479294
vt 0.1334555 0.4976565
vt 0.1309263 0.3479294
vt 0.03835859 0.3479294
vt 0.04999278 0.4976565
vt 0.2123657 0.4976565
vt 0.2224824 0.3479294
vt 0.202249 0.7485505
vt 0.0793312 0.7485505
vt 0.07983703 1.009055
vt 0.202249 1.009055
vt 0.0181252 0.7485505
vt 0.0181252 1.009055
vt 0.0793312 0.7485505
vt 0.1415489 0.7485505
vt 0.141043 1.009055
vt 0.0181252 1.009055
vt 0.0181252 0.7485505
vt 0.2027549 0.7485505
vt 0.202249 1.009055
vt 0.141043 0.7485505
vt 0.0793312 0.7485505
vt 0.07983703 1.009055
vt 0.202249 1.009055
vt 0.202249 0.7485505
vt 0.0181252 0.7485505
vt 0.0181252 1.009055
vt 0.0793312 0.7485505
vt 0.1415489 0.7485505
vt 0.141043 1.009055
vt 0.0181252 1.009055
vt 0.0181252 0.7485505
vt 0.2336108 0.7485505
vt 0.2331049 1.009055
vt 0.141043 0.7485505
vt 0.1309263 0.3479294
vt 0.1334555 0.4976565
vt 0.2123657 0.4976565
vt 0.2224824 0.3479294
vt 0.03835859 0.3479294
vt 0.04999278 0.4976565
vt 0.1334555 0.4976565
vt 0.1309263 0.3479294
vt 0.03835859 0.3479294
vt 0.04999278 0.4976565
vt 0.2123657 0.4976565
vt 0.2224824 0.3479294
vt 0.1334555 0.4976565
vt 0.1309263 0.3479294
vt 0.03835859 0.3479294
vt 0.04999278 0.4976565
vt 0.2123657 0.4976565
vt 0.2224824 0.3479294
vt 0.1334555 0.4976565
vt 0.1309263 0.3479294
vt 0.03835859 0.3479294
vt 0.04999278 0.4976565
vt 0.2123657 0.4976565
vt 0.2224824 0.3479294
vt 0.2503033 0.3393302
vt 0.1779689 0.3393302
vt 0.1779689 0.3474236
vt 0.2503033 0.3474236
vt 0.1729106 0.3393302
vt 0.2477741 0.3393302
vt 0.2477741 0.3469177
vt 0.1729106 0.3469177
vt 0.08540121 0.3393302
vt 0.08540121 0.3469177
vt 0.1875798 0.3479294
vt 0.1076579 0.3479294
vt 0.1076579 0.3398361
vt 0.1875798 0.3398361
vt 0.1076579 0.3479294
vt 0.1622881 0.3479294
vt 0.1622881 0.3398361
vt 0.1076579 0.3398361
vt 0.2503033 0.3398361
vt 0.2503033 0.3479294
vt 0.2477741 0.3464119
vt 0.1860623 0.3464119
vt 0.1860623 0.3388244
vt 0.2477741 0.3388244
vt 0.1076579 0.3388244
vt 0.1076579 0.3464119
vt 0.1076579 0.3464119
vt 0.1602647 0.3464119
vt 0.1602647 0.3388244
vt 0.1076579 0.3388244
vt 0.2467625 0.3388244
vt 0.2467625 0.3464119
vt 0.2467625 0.3393302
vt 0.1754398 0.3393302
vt 0.1754398 0.3469177
vt 0.2467625 0.3469177
vt 0.08540121 0.3469177
vt 0.08540121 0.3393302
vt 0.2351283 0.002444326
vt 0.2351283 0.02672439
vt 0.4703414 0.02672439
vt 0.4703414 0.002444326
vt 0.067697 0.002444326
vt 0.06617949 0.02672439
vt 0.4941156 0.02672439
vt 0.4956331 0.002444326
vt 0.4713531 0.02672439
vt 0.4713531 0.002444326
vt 0.2366458 0.002444326
vt 0.2366458 0.02672439
vt 0.09703541 0.5264891
vt 0.04544027 0.5386291
vt 0.1304205 0.6838037
vt 0.003455995 0.5639209
vt 0.1511597 0.5300299
vt 0.2032607 0.5482399
vt 0.2487858 0.5801076
vt 0.2487858 0.5801076
vt 0.1304205 0.6838037
vt 0.2037665 0.5482399
vt 0.1516656 0.5300299
vt 0.09754124 0.5264891
vt 0.04594611 0.5391349
vt 0.00396183 0.5644267
vt 0.1526772 0.5290182
vt 0.1304205 0.6838037
vt 0.2047782 0.5472283
vt 0.09855291 0.5254774
vt 0.2497975 0.5790959
vt 0.04746361 0.5381233
vt 0.00396183 0.5644267
vt 0.2497975 0.5790959
vt 0.1304205 0.6838037
vt 0.2047782 0.5467225
vt 0.1526772 0.5285124
vt 0.09804708 0.5254774
vt 0.04695778 0.5376174
vt 0.003455995 0.5639209
vt 0.1997198 0.7490563
vt 0.1997198 0.7116246
vt 0.2417041 0.7116246
vt 0.2417041 0.7490563
vt 0.1461014 0.7490563
vt 0.1461014 0.7116246
vt 0.09147123 0.7490563
vt 0.09147123 0.7116246
vt 0.0413936 0.7490563
vt 0.0413936 0.7116246
vt 0.000926822 0.7490563
vt 0.000926822 0.7116246
vt 0.1461014 0.7490563
vt 0.1461014 0.7116246
vt 0.1997198 0.7116246
vt 0.1997198 0.7490563
vt 0.09147123 0.7490563
vt 0.09147123 0.7116246
vt 0.0413936 0.7490563
vt 0.0413936 0.7116246
vt 0.000926822 0.7490563
vt 0.000926822 0.7116246
vt 0.2417041 0.7116246
vt 0.2417041 0.7490563
vt 0.0413936 0.7490563
vt 0.0413936 0.7116246
vt 0.09147123 0.7116246
vt 0.09147123 0.7490563
vt 0.1461014 0.7116246
vt 0.1461014 0.7490563
vt 0.1997198 0.7116246
vt 0.1997198 0.7490563
vt 0.2417041 0.7116246
vt 0.2417041 0.7490563
vt 0.000926822 0.7490563
vt 0.000926822 0.7116246
vt 0.0413936 0.7490563
vt 0.0413936 0.7116246
vt 0.09147123 0.7116246
vt 0.09147123 0.7490563
vt 0.000926822 0.7490563
vt 0.000926822 0.7116246
vt 0.1461014 0.7116246
vt 0.1461014 0.7490563
vt 0.1997198 0.7116246
vt 0.1997198 0.7490563
vt 0.2427158 0.7116246
vt 0.2427158 0.7490563
vt 0.08793038 0.5366058
vt 0.0808487 0.5224424
vt 0.05353363 0.5421699
vt 0.06516782 0.5532983
vt 0.03431191 0.5689792
vt 0.04847528 0.5760609
vt 0.02419522 0.6008468
vt 0.03987609 0.6033759
vt 0.1152455 0.5275007
vt 0.1127163 0.5118198
vt 0.144078 0.5269949
vt 0.1461014 0.511314
vt 0.1713931 0.5355941
vt 0.1784748 0.5214307
vt 0.1946615 0.5517808
vt 0.2057899 0.5406525
vt 0.02470105 0.6342319
vt 0.04038193 0.6311969
vt 0.03532358 0.6655936
vt 0.04948695 0.6580061
vt 0.2118599 0.5745434
vt 0.2260232 0.5669559
vt 0.2209649 0.6013526
vt 0.2366458 0.5983176
vt 0.2214707 0.6291735
vt 0.2371516 0.6317027
vt 0.2128716 0.6564886
vt 0.2270349 0.6630644
vt 0.196179 0.6792511
vt 0.2078132 0.6903795
vt 0.1734164 0.6959437
vt 0.1804981 0.710107
vt 0.1461014 0.7050487
vt 0.1486305 0.7207296
vt 0.1172688 0.7055545
vt 0.1152455 0.7212354
vt 0.08995372 0.6969553
vt 0.08287204 0.7111187
vt 0.06668533 0.6807687
vt 0.05555696 0.691897
vt 0.04948695 0.6580061
vt 0.03532358 0.6655936
vt 0.000926822 0.7490563
vt 0.000926822 0.7116246
vt 0.04746361 0.7116246
vt 0.04746361 0.7490563
vt 0.1000704 0.7116246
vt 0.1000704 0.7490563
vt 0.1531831 0.7116246
vt 0.1531831 0.7490563
vt 0.2017432 0.7116246
vt 0.2017432 0.7490563
vt 0.2406925 0.7116246
vt 0.2406925 0.7490563
vt 0.04746361 0.7490563
vt 0.04746361 0.7116246
vt 0.1000704 0.7116246
vt 0.1000704 0.7490563
vt 0.1531831 0.7116246
vt 0.1531831 0.7490563
vt 0.2017432 0.7116246
vt 0.2017432 0.7490563
vt 0.2406925 0.7116246
vt 0.2406925 0.7490563
vt 0.000926822 0.7490563
vt 0.000926822 0.7116246
vt 0.1531831 0.7490563
vt 0.1531831 0.7116246
vt 0.2017432 0.7116246
vt 0.2017432 0.7490563
vt 0.1000704 0.7490563
vt 0.1000704 0.7116246
vt 0.04746361 0.7490563
vt 0.04746361 0.7116246
vt 0.000926822 0.7490563
vt 0.000926822 0.7116246
vt 0.2406925 0.7116246
vt 0.2406925 0.7490563
vt 0.1531831 0.7490563
vt 0.1531831 0.7116246
vt 0.2017432 0.7116246
vt 0.2017432 0.7490563
vt 0.2406925 0.7116246
vt 0.2406925 0.7490563
vt 0.1000704 0.7490563
vt 0.1000704 0.7116246
vt 0.04746361 0.7490563
vt 0.04746361 0.7116246
vt 0.000926822 0.7490563
vt 0.000926822 0.7116246
vt 0.08793038 0.5366058
vt 0.06516782 0.5532983
vt 0.05353363 0.5421699
vt 0.0808487 0.5224424
vt 0.03431191 0.5689792
vt 0.04847528 0.5760609
vt 0.02419522 0.6008468
vt 0.03987609 0.6033759
vt 0.1152455 0.5275007
vt 0.1127163 0.5118198
vt 0.144078 0.5269949
vt 0.1461014 0.511314
vt 0.1713931 0.5355941
vt 0.1784748 0.5214307
vt 0.1946615 0.5517808
vt 0.2057899 0.5406525
vt 0.02470105 0.6342319
vt 0.04038193 0.6311969
vt 0.03532358 0.6655936
vt 0.04948695 0.6580061
vt 0.2118599 0.5745434
vt 0.2260232 0.5669559
vt 0.2209649 0.6013526
vt 0.2366458 0.5983176
vt 0.2214707 0.6291735
vt 0.2371516 0.6317027
vt 0.2128716 0.6564886
vt 0.2270349 0.6630644
vt 0.196179 0.6792511
vt 0.2078132 0.6903795
vt 0.1734164 0.6959437
vt 0.1804981 0.710107
vt 0.1461014 0.7050487
vt 0.1486305 0.7207296
vt 0.1172688 0.7055545
vt 0.1152455 0.7212354
vt 0.08995372 0.6969553
vt 0.08287204 0.7111187
vt 0.06668533 0.6807687
vt 0.05555696 0.691897
vt 0.04948695 0.6580061
vt 0.03532358 0.6655936
vt 0.1299147 0.2047782
vt 0.1299147 0.2594083
vt 0.07680202 0.2594083
vt 0.07680202 0.2047782
vt 0.1299147 0.2047782
vt 0.1299147 0.2594083
vt 0.07680202 0.2594083
vt 0.07680202 0.2047782
vt 0.05353363 0.2047782
vt 0.05353363 0.2594083
vt 0.1299147 0.2594083
vt 0.1299147 0.2047782
vt 0.001938491 0.2047782
vt 0.001938491 0.2594083
vt 0.05353363 0.2047782
vt 0.05353363 0.2594083
vt 0.001938491 0.2594083
vt 0.001938491 0.2047782
vt 0.1299147 0.2047782
vt 0.1299147 0.2594083
vt 0.2487858 0.2047782
vt 0.2487858 0.2594083
vt 0.05353363 0.2047782
vt 0.05353363 0.2594083
vt 0.001938491 0.2594083
vt 0.001938491 0.2047782
vt 0.1698756 0.2047782
vt 0.1698756 0.2594083
vt 0.2487858 0.2594083
vt 0.2487858 0.2047782
vt 0.2098365 0.2047782
vt 0.2098365 0.2594083
vt 0.1698756 0.2594083
vt 0.1698756 0.2047782
vt 0.1299147 0.2047782
vt 0.1299147 0.2594083
vt 0.2098365 0.2594083
vt 0.2098365 0.2047782
vt 0.07680202 0.2047782
vt 0.07680202 0.2594083
vt 0.0793312 0.7480447
vt 0.07983703 1.009561
vt 0.202249 1.009561
vt 0.202249 0.7480447
vt 0.0181252 0.7480447
vt 0.0181252 1.009561
vt 0.0793312 0.7480447
vt 0.1415489 0.7480447
vt 0.141043 1.009561
vt 0.0181252 1.009561
vt 0.0181252 0.7480447
vt 0.2027549 0.7480447
vt 0.202249 1.009561
vt 0.141043 0.7480447
vt 0.0793312 0.7480447
vt 0.07983703 1.009561
vt 0.202249 1.009561
vt 0.202249 0.7480447
vt 0.0181252 0.7480447
vt 0.0181252 1.009561
vt 0.0793312 0.7480447
vt 0.1415489 0.7480447
vt 0.141043 1.009561
vt 0.0181252 1.009561
vt 0.0181252 0.7480447
vt 0.2336108 0.7480447
vt 0.2331049 1.009561
vt 0.141043 0.7480447
vt 0.1309263 0.3479294
vt 0.1334555 0.4976565
vt 0.2123657 0.4976565
vt 0.2224824 0.3479294
vt 0.03835859 0.3479294
vt 0.04999278 0.4976565
vt 0.1334555 0.4976565
vt 0.1309263 0.3479294
vt 0.03835859 0.3479294
vt 0.04999278 0.4976565
vt 0.2123657 0.4976565
vt 0.2224824 0.3479294
vt 0.1334555 0.4976565
vt 0.1309263 0.3479294
vt 0.03835859 0.3479294
vt 0.04999278 0.4976565
vt 0.2123657 0.4976565
vt 0.2224824 0.3479294
vt 0.1334555 0.4976565
vt 0.1309263 0.3479294
vt 0.03835859 0.3479294
vt 0.04999278 0.4976565
vt 0.2123657 0.4976565
vt 0.2224824 0.3479294
vt 0.0793312 0.7480447
vt 0.07983703 1.009561
vt 0.202249 1.009561
vt 0.202249 0.7480447
vt 0.0181252 0.7480447
vt 0.0181252 1.009561
vt 0.0793312 0.7480447
vt 0.1415489 0.7480447
vt 0.141043 1.009561
vt 0.0181252 1.009561
vt 0.0181252 0.7480447
vt 0.2027549 0.7480447
vt 0.202249 1.009561
vt 0.141043 0.7480447
vt 0.0793312 0.7480447
vt 0.07983703 1.009561
vt 0.202249 1.009561
vt 0.202249 0.7480447
vt 0.0181252 0.7480447
vt 0.0181252 1.009561
vt 0.0793312 0.7480447
vt 0.1415489 0.7480447
vt 0.141043 1.009561
vt 0.0181252 1.009561
vt 0.0181252 0.7480447
vt 0.141043 0.7480447
vt 0.2331049 1.009561
vt 0.2336108 0.7480447
vt 0.1309263 0.3479294
vt 0.1334555 0.4976565
vt 0.2123657 0.4976565
vt 0.2224824 0.3479294
vt 0.03835859 0.3479294
vt 0.04999278 0.4976565
vt 0.1334555 0.4976565
vt 0.1309263 0.3479294
vt 0.03835859 0.3479294
vt 0.04999278 0.4976565
vt 0.2123657 0.4976565
vt 0.2224824 0.3479294
vt 0.1334555 0.4976565
vt 0.1309263 0.3479294
vt 0.03835859 0.3479294
vt 0.04999278 0.4976565
vt 0.2123657 0.4976565
vt 0.2224824 0.3479294
vt 0.1334555 0.4976565
vt 0.1309263 0.3479294
vt 0.03835859 0.3479294
vt 0.04999278 0.4976565
vt 0.2123657 0.4976565
vt 0.2224824 0.3479294
vt 0.2503033 0.3393302
vt 0.1779689 0.3393302
vt 0.1779689 0.3474236
vt 0.2503033 0.3474236
vt 0.08590704 0.3474236
vt 0.08590704 0.3393302
vt 0.1729106 0.3393302
vt 0.2477741 0.3393302
vt 0.2477741 0.3469177
vt 0.1729106 0.3469177
vt 0.08540121 0.3393302
vt 0.08540121 0.3469177
vt 0.08590704 0.3393302
vt 0.1739223 0.3393302
vt 0.1739223 0.3474236
vt 0.08590704 0.3474236
vt 0.2503033 0.3474236
vt 0.2503033 0.3393302
vt 0.2503033 0.3479294
vt 0.1875798 0.3479294
vt 0.1875798 0.3398361
vt 0.2503033 0.3398361
vt 0.1076579 0.3398361
vt 0.1076579 0.3479294
vt 0.1076579 0.3479294
vt 0.1622881 0.3479294
vt 0.1622881 0.3398361
vt 0.1076579 0.3398361
vt 0.1602647 0.3464119
vt 0.2467625 0.3464119
vt 0.2467625 0.3388244
vt 0.1602647 0.3388244
vt 0.2467625 0.3393302
vt 0.1754398 0.3393302
vt 0.1754398 0.3469177
vt 0.2467625 0.3469177
vt 0.08540121 0.3469177
vt 0.08540121 0.3393302
vt 0.09703541 0.5264891
vt 0.04544027 0.5386291
vt 0.1304205 0.6838037
vt 0.003455995 0.5639209
vt 0.1511597 0.5300299
vt 0.2032607 0.5482399
vt 0.2487858 0.5801076
vt 0.2487858 0.5801076
vt 0.1304205 0.6838037
vt 0.2037665 0.5482399
vt 0.1516656 0.5300299
vt 0.09754124 0.5264891
vt 0.04594611 0.5391349
vt 0.00396183 0.5644267
vt 0.1526772 0.5290182
vt 0.1304205 0.6838037
vt 0.2047782 0.5472283
vt 0.09855291 0.5254774
vt 0.2497975 0.5790959
vt 0.04746361 0.5381233
vt 0.00396183 0.5644267
vt 0.2497975 0.5790959
vt 0.1304205 0.6838037
vt 0.2047782 0.5467225
vt 0.1526772 0.5285124
vt 0.09804708 0.5254774
vt 0.04695778 0.5376174
vt 0.003455995 0.5639209
vt 0.1997198 0.7490563
vt 0.1997198 0.7116246
vt 0.2417041 0.7116246
vt 0.2417041 0.7490563
vt 0.1461014 0.7490563
vt 0.1461014 0.7116246
vt 0.09147123 0.7490563
vt 0.09147123 0.7116246
vt 0.0413936 0.7490563
vt 0.0413936 0.7116246
vt 0.000926822 0.7490563
vt 0.000926822 0.7116246
vt 0.1461014 0.7490563
vt 0.1461014 0.7116246
vt 0.1997198 0.7116246
vt 0.1997198 0.7490563
vt 0.09147123 0.7490563
vt 0.09147123 0.7116246
vt 0.2417041 0.7116246
vt 0.2417041 0.7490563
vt 0.0413936 0.7490563
vt 0.0413936 0.7116246
vt 0.09147123 0.7116246
vt 0.09147123 0.7490563
vt 0.1461014 0.7116246
vt 0.1461014 0.7490563
vt 0.1997198 0.7116246
vt 0.1997198 0.7490563
vt 0.2417041 0.7116246
vt 0.2417041 0.7490563
vt 0.000926822 0.7490563
vt 0.000926822 0.7116246
vt 0.0413936 0.7490563
vt 0.0413936 0.7116246
vt 0.09147123 0.7116246
vt 0.09147123 0.7490563
vt 0.000926822 0.7490563
vt 0.000926822 0.7116246
vt 0.1461014 0.7116246
vt 0.1461014 0.7490563
vt 0.1997198 0.7116246
vt 0.1997198 0.7490563
vt 0.2427158 0.7116246
vt 0.2427158 0.7490563
vt 0.000926822 0.7490563
vt 0.000926822 0.7116246
vt 0.0413936 0.7116246
vt 0.0413936 0.7490563
vt 0.09147123 0.7116246
vt 0.09147123 0.7490563
vt 0.08793038 0.5366058
vt 0.0808487 0.5224424
vt 0.05353363 0.5421699
vt 0.06516782 0.5532983
vt 0.03431191 0.5689792
vt 0.04847528 0.5760609
vt 0.02419522 0.6008468
vt 0.03987609 0.6033759
vt 0.1152455 0.5275007
vt 0.1127163 0.5118198
vt 0.144078 0.5269949
vt 0.1461014 0.511314
vt 0.02470105 0.6342319
vt 0.04038193 0.6311969
vt 0.03532358 0.6655936
vt 0.04948695 0.6580061
vt 0.05555696 0.691897
vt 0.06668533 0.6807687
vt 0.08287204 0.7111187
vt 0.08995372 0.6969553
vt 0.1152455 0.7212354
vt 0.1172688 0.7055545
vt 0.1486305 0.7207296
vt 0.1461014 0.7050487
vt 0.1804981 0.710107
vt 0.1734164 0.6959437
vt 0.2078132 0.6903795
vt 0.196179 0.6792511
vt 0.2270349 0.6630644
vt 0.2128716 0.6564886
vt 0.2371516 0.6317027
vt 0.2214707 0.6291735
vt 0.2366458 0.5983176
vt 0.2209649 0.6013526
vt 0.2260232 0.5669559
vt 0.2118599 0.5745434
vt 0.2057899 0.5406525
vt 0.1946615 0.5517808
vt 0.1784748 0.5214307
vt 0.1713931 0.5355941
vt 0.1461014 0.511314
vt 0.144078 0.5269949
vt 0.000926822 0.7490563
vt 0.000926822 0.7116246
vt 0.04746361 0.7116246
vt 0.04746361 0.7490563
vt 0.1000704 0.7116246
vt 0.1000704 0.7490563
vt 0.1531831 0.7116246
vt 0.1531831 0.7490563
vt 0.2017432 0.7116246
vt 0.2017432 0.7490563
vt 0.2406925 0.7116246
vt 0.2406925 0.7490563
vt 0.04746361 0.7490563
vt 0.04746361 0.7116246
vt 0.1000704 0.7116246
vt 0.1000704 0.7490563
vt 0.1531831 0.7116246
vt 0.1531831 0.7490563
vt 0.000926822 0.7490563
vt 0.000926822 0.7116246
vt 0.1531831 0.7490563
vt 0.1531831 0.7116246
vt 0.2017432 0.7116246
vt 0.2017432 0.7490563
vt 0.1000704 0.7490563
vt 0.1000704 0.7116246
vt 0.04746361 0.7490563
vt 0.04746361 0.7116246
vt 0.000926822 0.7490563
vt 0.000926822 0.7116246
vt 0.2406925 0.7116246
vt 0.2406925 0.7490563
vt 0.1531831 0.7490563
vt 0.1531831 0.7116246
vt 0.2017432 0.7116246
vt 0.2017432 0.7490563
vt 0.2406925 0.7116246
vt 0.2406925 0.7490563
vt 0.1000704 0.7490563
vt 0.1000704 0.7116246
vt 0.04746361 0.7490563
vt 0.04746361 0.7116246
vt 0.000926822 0.7490563
vt 0.000926822 0.7116246
vt 0.2017432 0.7490563
vt 0.2017432 0.7116246
vt 0.2406925 0.7116246
vt 0.2406925 0.7490563
vt 0.1531831 0.7490563
vt 0.1531831 0.7116246
vt 0.08793038 0.5366058
vt 0.06516782 0.5532983
vt 0.05353363 0.5421699
vt 0.0808487 0.5224424
vt 0.03431191 0.5689792
vt 0.04847528 0.5760609
vt 0.02419522 0.6008468
vt 0.03987609 0.6033759
vt 0.1152455 0.5275007
vt 0.1127163 0.5118198
vt 0.144078 0.5269949
vt 0.1461014 0.511314
vt 0.02470105 0.6342319
vt 0.04038193 0.6311969
vt 0.03532358 0.6655936
vt 0.04948695 0.6580061
vt 0.05555696 0.691897
vt 0.06668533 0.6807687
vt 0.08287204 0.7111187
vt 0.08995372 0.6969553
vt 0.1152455 0.7212354
vt 0.1172688 0.7055545
vt 0.1486305 0.7207296
vt 0.1461014 0.7050487
vt 0.1804981 0.710107
vt 0.1734164 0.6959437
vt 0.2078132 0.6903795
vt 0.196179 0.6792511
vt 0.2270349 0.6630644
vt 0.2128716 0.6564886
vt 0.2371516 0.6317027
vt 0.2214707 0.6291735
vt 0.2366458 0.5983176
vt 0.2209649 0.6013526
vt 0.2260232 0.5669559
vt 0.2118599 0.5745434
vt 0.2057899 0.5406525
vt 0.1946615 0.5517808
vt 0.1784748 0.5214307
vt 0.1713931 0.5355941
vt 0.1461014 0.511314
vt 0.144078 0.5269949
vt 0.1299147 0.2047782
vt 0.1299147 0.2594083
vt 0.07680202 0.2594083
vt 0.07680202 0.2047782
vt 0.2336108 0.2047782
vt 0.2336108 0.2594083
vt 0.1299147 0.2047782
vt 0.1299147 0.2594083
vt 0.07680202 0.2594083
vt 0.07680202 0.2047782
vt 0.1698756 0.2047782
vt 0.1698756 0.2594083
vt 0.2336108 0.2594083
vt 0.2336108 0.2047782
vt 0.2487858 0.2047782
vt 0.2487858 0.2594083
vt 0.1698756 0.2594083
vt 0.1698756 0.2047782
vt 0.1299147 0.2047782
vt 0.1299147 0.2594083
vt 0.2487858 0.2594083
vt 0.2487858 0.2047782
vt 0.05353363 0.2047782
vt 0.05353363 0.2594083
vt 0.001938491 0.2047782
vt 0.001938491 0.2594083
vt 0.1698756 0.2047782
vt 0.1698756 0.2594083
vt 0.2487858 0.2594083
vt 0.2487858 0.2047782
vt 0.2098365 0.2047782
vt 0.2098365 0.2594083
vt 0.1698756 0.2594083
vt 0.1698756 0.2047782
vt 0.1299147 0.2047782
vt 0.1299147 0.2594083
vt 0.2098365 0.2594083
vt 0.2098365 0.2047782
vt 0.07680202 0.2047782
vt 0.07680202 0.2594083
vt 0.3818203 0.05252196
vt 0.3939604 0.02672439
vt 0.1243505 0.02672439
vt 0.147113 0.05252196
vt 0.4759056 0.05201612
vt 0.4996798 0.02672439
vt 0.02470105 0.02672439
vt 0.04847528 0.05201612
vt 0.4359446 0.05252196
vt 0.4587072 0.02672439
vt 0.1890973 0.02672439
vt 0.2012374 0.05252196
vt 0.1511597 0.0545453
vt 0.1283972 0.02672439
vt 0.398007 0.02672439
vt 0.385867 0.0545453
vt 0.02267771 0.02672439
vt 0.04645194 0.05201612
vt 0.4738822 0.05201612
vt 0.4976565 0.02672439
vt 0.269525 0.05201612
vt 0.2811592 0.02773606
vt 0.01205518 0.02773606
vt 0.03431191 0.05201612
vt 0.2745834 0.05505113
vt 0.2745834 0.02824189
vt 0.004973499 0.02824189
vt 0.004973499 0.05505113
vt 0.004973499 0.001432657
vt 0.004973499 0.02824189
vt 0.2745834 0.02824189
vt 0.2745834 0.001432657
vt 0.2745834 0.001432657
vt 0.2745834 0.02824189
vt 0.004973499 0.02824189
vt 0.004973499 0.001432657
vt 0.2745834 0.05505113
vt 0.2745834 0.02824189
vt 0.004973499 0.02824189
vt 0.004973499 0.05505113
vt 0.004973499 0.001432657
vt 0.004973499 0.02824189
vt 0.2745834 0.02824189
vt 0.2745834 0.001432657
vt 0.2745834 0.001432657
vt 0.2745834 0.02824189
vt 0.004973499 0.02824189
vt 0.004973499 0.001432657
vt 0.2745834 0.05505113
vt 0.2745834 0.02824189
vt 0.004973499 0.02824189
vt 0.004973499 0.05505113
vt 0.004973499 0.001432657
vt 0.004973499 0.02824189
vt 0.2745834 0.02824189
vt 0.2745834 0.001432657
vt 0.2745834 0.001432657
vt 0.2745834 0.02824189
vt 0.004973499 0.02824189
vt 0.004973499 0.001432657
vt 0.2745834 0.05505113
vt 0.2745834 0.02824189
vt 0.004973499 0.02824189
vt 0.004973499 0.05505113
vt 0.004973499 0.001432657
vt 0.004973499 0.02824189
vt 0.2745834 0.02824189
vt 0.2745834 0.001432657
vt 0.2745834 0.001432657
vt 0.2745834 0.02824189
vt 0.004973499 0.02824189
vt 0.004973499 0.001432657
vt 0.4880456 0.000926822
vt 0.1627939 0.000926822
vt 0.1627939 0.02874773
vt 0.4880456 0.02874773
vt 0.3969954 0.02874773
vt 0.1627939 0.02874773
vt 0.1627939 0.000926822
vt 0.3959837 0.000926822
vt 0.7465271 0.9387443
vt 0.7465271 0.9984328
vt 0.6529477 0.9392502
vt 0.6064109 0.9382385
vt 0.6028701 0.8583166
vt 0.6534536 0.8588225
vt 0.5027148 0.9984328
vt 0.5027148 0.939756
vt 0.5027148 0.8401065
vt 0.7465271 0.8401065
vt 0.747033 0.8557875
vt 0.5032207 0.8552816
vt 0.7485505 0.9387443
vt 0.7480447 0.9984328
vt 0.6413136 0.9372268
vt 0.5032207 0.9984328
vt 0.6048934 0.9382385
vt 0.6423252 0.8583166
vt 0.6048934 0.8583166
vt 0.5032207 0.9387443
vt 0.5037265 0.8401065
vt 0.7485505 0.8401065
vt 0.5037265 0.8557875
vt 0.7490563 0.8552816
vt 0.3843495 0.000926822
vt 0.116763 0.000926822
vt 0.116763 0.02874773
vt 0.3843495 0.02874773
vt 0.116763 0.000926822
vt 0.3899137 0.000926822
vt 0.3899137 0.02874773
vt 0.116763 0.02874773
vt 0.3899137 0.000926822
vt 0.008008507 0.000926822
vt 0.008008507 0.02874773
vt 0.3899137 0.02874773
vt 0.008008507 0.000926822
vt 0.1638056 0.000926822
vt 0.1638056 0.02874773
vt 0.008008507 0.02874773
vt 0.4900689 0.02874773
vt 0.4900689 0.000926822
vt 0.02116021 0.000926822
vt 0.2356341 0.000926822
vt 0.2356341 0.02874773
vt 0.02116021 0.02874773
vt 0.4794464 0.02874773
vt 0.4794464 0.000926822
vt 0.4794464 0.000926822
vt 0.04392277 0.000926822
vt 0.04392277 0.02874773
vt 0.4794464 0.02874773
vt 0.4283571 0.000926822
vt 0.06365032 0.000926822
vt 0.06365032 0.02874773
vt 0.4283571 0.02874773
vt 0.06365032 0.000926822
vt 0.4162171 0.000926822
vt 0.4162171 0.02874773
vt 0.06365032 0.02874773
vt 0.08438955 0.000926822
vt 0.4076179 0.000926822
vt 0.4076179 0.02874773
vt 0.08438955 0.02874773
vt 0.4076179 0.000926822
vt 0.1142338 0.000926822
vt 0.1142338 0.02874773
vt 0.4076179 0.02874773
vt 0.2978518 0.000926822
vt 0.06213281 0.000926822
vt 0.06213281 0.02874773
vt 0.2978518 0.02874773
vt 0.06213281 0.000926822
vt 0.2260232 0.000926822
vt 0.2260232 0.02874773
vt 0.06213281 0.02874773
vt 0.2260232 0.000926822
vt 0.08388371 0.000926822
vt 0.08388371 0.02874773
vt 0.2260232 0.02874773
vt 0.09602374 0.000926822
vt 0.3175793 0.000926822
vt 0.3175793 0.02874773
vt 0.09602374 0.02874773
vt 0.4880456 0.02874773
vt 0.4880456 0.000926822
vt 0.4971506 0.000926822
vt 0.4971506 0.02874773
vt 0.01104352 0.02874773
vt 0.01104352 0.000926822
vt 0.4951273 0.000926822
vt 0.4951273 0.02874773
vt 0.008514342 0.02874773
vt 0.008514342 0.000926822
vt 0.1936498 0.02824189
vt 0.1936498 0.001938491
vt 0.4784347 0.001938491
vt 0.4784347 0.02824189
vt 0.5254774 0.9984328
vt 0.6681228 0.9407676
vt 0.6681228 0.9984328
vt 0.5254774 0.8396007
vt 0.6681228 0.8396007
vt 0.5037265 0.9984328
vt 0.6681228 0.9984328
vt 0.6681228 0.9407676
vt 0.5037265 0.9407676
vt 0.6438427 0.9984328
vt 0.5037265 0.9984328
vt 0.5037265 0.9407676
vt 0.6438427 0.8396007
vt 0.5037265 0.8396007
vt 0.1936498 0.02824189
vt 0.1936498 0.001938491
vt 0.4784347 0.001938491
vt 0.4784347 0.02824189
vt 0.1936498 0.02824189
vt 0.1936498 0.001938491
vt 0.4784347 0.001938491
vt 0.4784347 0.02824189
vt 0.1936498 0.001938491
vt 0.1936498 0.02824189
vt 0.4784347 0.02824189
vt 0.4784347 0.001938491
vt 0.5254774 0.9984328
vt 0.6681228 0.9984328
vt 0.6681228 0.9407676
vt 0.5254774 0.8396007
vt 0.6681228 0.8396007
vt 0.5037265 0.9984328
vt 0.5037265 0.9407676
vt 0.6681228 0.9407676
vt 0.6681228 0.9984328
vt 0.6438427 0.9984328
vt 0.5037265 0.9407676
vt 0.5037265 0.9984328
vt 0.6438427 0.8396007
vt 0.5037265 0.8396007
vt 0.4784347 0.001938491
vt 0.1936498 0.001938491
vt 0.1936498 0.02824189
vt 0.4784347 0.02824189
vt 0.4784347 0.001938491
vt 0.1936498 0.001938491
vt 0.1936498 0.02824189
vt 0.4784347 0.02824189
vt 0.5801076 0.9984328
vt 0.7015079 0.9387443
vt 0.7020137 0.9984328
vt 0.5801076 0.8401065
vt 0.6999903 0.8603399
vt 0.6989787 0.8401065
vt 0.6954378 0.936721
vt 0.5563333 0.9984328
vt 0.6924028 0.9984328
vt 0.5563333 0.8401065
vt 0.6929086 0.8603399
vt 0.6924028 0.8401065
vt 0.5128315 0.0692145
vt 0.511314 0.04544027
vt 0.5355941 0.0444286
vt 0.5366058 0.06820283
vt 0.5108082 0.04796945
vt 0.5330649 0.04746361
vt 0.5381233 0.067697
vt 0.5158665 0.067697
vt 0.5138432 0.0692145
vt 0.5123257 0.04594611
vt 0.5355941 0.04544027
vt 0.5371116 0.06870867
vt 0.5310416 0.04493444
vt 0.5608858 0.04493444
vt 0.5568392 0.06972034
vt 0.5376174 0.06972034
vt 0.5745434 0.06972034
vt 0.5801076 0.04493444
vt 0.6104576 0.06972034
vt 0.6094459 0.04493444
vt 0.5801076 0.0692145
vt 0.55431 0.0692145
vt 0.5548158 0.04544027
vt 0.5775784 0.04544027
vt 0.5350882 0.04544027
vt 0.5249715 0.0692145
vt 0.6089401 0.0692145
vt 0.6124809 0.04544027
vt 0.5264891 0.04493444
vt 0.5290182 0.06668533
vt 0.5234541 0.067697
vt 0.5209249 0.04645194
vt 0.5199132 0.06870867
vt 0.5168782 0.05403946
vt 0.557345 0.05505113
vt 0.5517808 0.06820283
vt 0.5128315 0.0692145
vt 0.5366058 0.06820283
vt 0.5355941 0.0444286
vt 0.511314 0.04544027
vt 0.5108082 0.04796945
vt 0.5158665 0.067697
vt 0.5381233 0.067697
vt 0.5330649 0.04746361
vt 0.5138432 0.0692145
vt 0.5371116 0.06870867
vt 0.5355941 0.04544027
vt 0.5123257 0.04594611
vt 0.5310416 0.04493444
vt 0.5376174 0.06972034
vt 0.5568392 0.06972034
vt 0.5608858 0.04493444
vt 0.5745434 0.06972034
vt 0.5801076 0.04493444
vt 0.6104576 0.06972034
vt 0.6094459 0.04493444
vt 0.5801076 0.0692145
vt 0.5775784 0.04544027
vt 0.5548158 0.04544027
vt 0.55431 0.0692145
vt 0.5350882 0.04544027
vt 0.5249715 0.0692145
vt 0.6089401 0.0692145
vt 0.6124809 0.04544027
vt 0.5264891 0.04493444
vt 0.5209249 0.04645194
vt 0.5234541 0.067697
vt 0.5290182 0.06668533
vt 0.5421699 0.0692145
vt 0.5421699 0.0429111
vt 0.5796017 0.04240526
vt 0.5801076 0.06870867
vt 0.5158665 0.06870867
vt 0.5194074 0.0545453
vt 0.5507692 0.05505113
vt 0.5563333 0.06870867
vt 0.5128315 0.0692145
vt 0.511314 0.04544027
vt 0.5355941 0.0444286
vt 0.5366058 0.06820283
vt 0.5108082 0.04796945
vt 0.5330649 0.04746361
vt 0.5381233 0.067697
vt 0.5158665 0.067697
vt 0.5138432 0.0692145
vt 0.5123257 0.04594611
vt 0.5355941 0.04544027
vt 0.5371116 0.06870867
vt 0.5310416 0.04493444
vt 0.5608858 0.04493444
vt 0.5568392 0.06972034
vt 0.5376174 0.06972034
vt 0.5745434 0.06972034
vt 0.5801076 0.04493444
vt 0.6104576 0.06972034
vt 0.6094459 0.04493444
vt 0.5801076 0.0692145
vt 0.55431 0.0692145
vt 0.5548158 0.04544027
vt 0.5775784 0.04544027
vt 0.5350882 0.04544027
vt 0.5249715 0.0692145
vt 0.6089401 0.0692145
vt 0.6124809 0.04544027
vt 0.5264891 0.04493444
vt 0.5290182 0.06668533
vt 0.5234541 0.067697
vt 0.5209249 0.04645194
vt 0.5199132 0.06870867
vt 0.5168782 0.05403946
vt 0.557345 0.05505113
vt 0.5517808 0.06820283
vt 0.5128315 0.0692145
vt 0.5366058 0.06820283
vt 0.5355941 0.0444286
vt 0.511314 0.04544027
vt 0.5108082 0.04796945
vt 0.5158665 0.067697
vt 0.5381233 0.067697
vt 0.5330649 0.04746361
vt 0.5138432 0.0692145
vt 0.5371116 0.06870867
vt 0.5355941 0.04544027
vt 0.5123257 0.04594611
vt 0.5310416 0.04493444
vt 0.5376174 0.06972034
vt 0.5568392 0.06972034
vt 0.5608858 0.04493444
vt 0.5745434 0.06972034
vt 0.5801076 0.04493444
vt 0.6104576 0.06972034
vt 0.6094459 0.04493444
vt 0.5801076 0.0692145
vt 0.5775784 0.04544027
vt 0.5548158 0.04544027
vt 0.55431 0.0692145
vt 0.5350882 0.04544027
vt 0.5249715 0.0692145
vt 0.6124809 0.04544027
vt 0.6089401 0.0692145
vt 0.5264891 0.04493444
vt 0.5209249 0.04645194
vt 0.5234541 0.067697
vt 0.5290182 0.06668533
vt 0.5421699 0.0692145
vt 0.5421699 0.0429111
vt 0.5796017 0.04240526
vt 0.5801076 0.06870867
vt 0.5158665 0.06870867
vt 0.5194074 0.0545453
vt 0.5507692 0.05505113
vt 0.5563333 0.06870867
vt 0.9994445 0.09349456
vt 0.9994445 0.04695778
vt 0.9524019 0.04695778
vt 0.9524019 0.09349456
vt 0.9994445 0.09349456
vt 0.9994445 0.09349456
vt 0.9994445 0.04695778
vt 0.9994445 0.04695778
vt 0.7166829 0.1946615
vt 0.6999903 0.1941557
vt 0.7025195 0.2761009
vt 0.7192121 0.2766067
vt 0.7055545 0.2771125
vt 0.7187063 0.2771125
vt 0.7187063 0.2012374
vt 0.7055545 0.2012374
vt 0.6994845 0.2841942
vt 0.7156712 0.2836884
vt 0.7085896 0.2017432
vt 0.691897 0.202249
vt 0.6954378 0.9984328
vt 0.6954378 0.8401065
vt 0.5401466 0.8401065
vt 0.5401466 0.9984328
vt 0.5401466 0.9984328
vt 0.5401466 0.8401065
vt 0.6716636 0.8401065
vt 0.6716636 0.9984328
vt 0.7465271 0.8401065
vt 0.7465271 0.9984328
vt 0.5077732 0.9984328
vt 0.5077732 0.8401065
vt 0.6170335 0.8401065
vt 0.6170335 0.9984328
vt 0.740963 0.8401065
vt 0.740963 0.9984328
vt 0.740963 0.9984328
vt 0.740963 0.8401065
vt 0.5194074 0.8401065
vt 0.5194074 0.9984328
vt 0.7146596 0.9984328
vt 0.7146596 0.8401065
vt 0.5295241 0.8401065
vt 0.5295241 0.9984328
vt 0.5295241 0.9984328
vt 0.5295241 0.8401065
vt 0.7085896 0.8401065
vt 0.7085896 0.9984328
vt 0.5618975 0.9984328
vt 0.5618975 0.8401065
vt 0.7262937 0.8401065
vt 0.7262937 0.9984328
vt 0.7262937 0.9984328
vt 0.7262937 0.8401065
vt 0.6261385 0.8401065
vt 0.6261385 0.9984328
vt 0.5062557 0.8401065
vt 0.5062557 0.9984328
vt 0.5062557 0.9984328
vt 0.5062557 0.8401065
vt 0.5897184 0.8401065
vt 0.5897184 0.9984328
vt 0.5897184 0.9984328
vt 0.5897184 0.8401065
vt 0.5173841 0.8401065
vt 0.5173841 0.9984328
vt 0.5457108 0.9984328
vt 0.5457108 0.8401065
vt 0.6585119 0.8401065
vt 0.6585119 0.9984328
vt 0.7450097 0.8401065
vt 0.7450097 0.9984328
vt 0.7450097 0.9984328
vt 0.7450097 0.8401065
vt 0.5801076 0.8401065
vt 0.5801076 0.9984328
vt 0.5563333 0.8401065
vt 0.6954378 0.8401065
vt 0.6954378 0.9984328
vt 0.5563333 0.9984328
vt 0.4303805 0.001938491
vt 0.4303805 0.02824189
vt 0.1506539 0.02824189
vt 0.1506539 0.001938491
vt 0.5254774 0.9984328
vt 0.5254774 0.8396007
vt 0.6681228 0.8396007
vt 0.6681228 0.9984328
vt 0.5254774 0.9984328
vt 0.5254774 0.8396007
vt 0.6681228 0.8396007
vt 0.6681228 0.9984328
vt 0.1506539 0.02824189
vt 0.4303805 0.02824189
vt 0.4303805 0.001938491
vt 0.1506539 0.001938491
vt 0.6681228 0.9984328
vt 0.6681228 0.8396007
vt 0.5254774 0.8396007
vt 0.5254774 0.9984328
vt 0.6681228 0.9984328
vt 0.6681228 0.8396007
vt 0.5254774 0.8396007
vt 0.5254774 0.9984328
vt 0.9994445 0.09349456
vt 0.9994445 0.04695778
vt 0.9524019 0.04695778
vt 0.9524019 0.09349456
vt 0.9994445 0.09349456
vt 0.9994445 0.09349456
vt 0.9994445 0.04695778
vt 0.9994445 0.04695778
vt 0.7111187 0.1997198
vt 0.6944262 0.1997198
vt 0.7004962 0.2816651
vt 0.7176946 0.2821709
vt 0.7045429 0.27256
vt 0.7207296 0.27256
vt 0.7207296 0.196179
vt 0.7045429 0.196179
vt 0.7151654 0.193144
vt 0.6984729 0.1936498
vt 0.6969553 0.2761009
vt 0.7136479 0.275595
vt 0.9994445 0.09349456
vt 0.9994445 0.04695778
vt 0.9524019 0.04695778
vt 0.9524019 0.09349456
vt 0.9994445 0.09349456
vt 0.9994445 0.09349456
vt 0.9994445 0.04695778
vt 0.9994445 0.04695778
vt 0.6984729 0.2791359
vt 0.7151654 0.2796417
vt 0.7116246 0.1976965
vt 0.694932 0.1971907
vt 0.697967 0.2781242
vt 0.710107 0.2781242
vt 0.710107 0.202249
vt 0.697967 0.202249
vt 0.7025195 0.2761009
vt 0.7192121 0.275595
vt 0.7176946 0.193144
vt 0.701002 0.1936498
vt 0.9994445 0.09349456
vt 0.9994445 0.04695778
vt 0.9524019 0.04695778
vt 0.9524019 0.09349456
vt 0.9994445 0.09349456
vt 0.9994445 0.09349456
vt 0.9994445 0.04695778
vt 0.9994445 0.04695778
vt 0.7197179 0.1976965
vt 0.7030253 0.1971907
vt 0.6964495 0.2791359
vt 0.713142 0.2796417
vt 0.704037 0.27256
vt 0.7197179 0.27256
vt 0.7197179 0.196179
vt 0.704037 0.196179
vt 0.694932 0.2750892
vt 0.7116246 0.2740775
vt 0.7080837 0.1921323
vt 0.6913912 0.1926382
vt 0.9994445 0.09349456
vt 0.9994445 0.04695778
vt 0.9524019 0.04695778
vt 0.9524019 0.09349456
vt 0.9994445 0.09349456
vt 0.9994445 0.09349456
vt 0.9994445 0.04695778
vt 0.9994445 0.04695778
vt 0.7004962 0.2766067
vt 0.7171887 0.2771125
vt 0.713142 0.1951673
vt 0.6964495 0.1946615
vt 0.7171887 0.202249
vt 0.7025195 0.202249
vt 0.7025195 0.2781242
vt 0.7171887 0.2781242
vt 0.7015079 0.2801476
vt 0.7176946 0.2791359
vt 0.7065662 0.1971907
vt 0.6898737 0.1982023
vt 0.9255926 0.8396007
vt 0.8739975 0.753103
vt 0.9999503 0.753103
vt 0.9999503 0.8962542
vt 0.9999503 0.753103
vt 0.7505738 0.753103
vt 0.933686 0.9468377
vt 0.9999503 0.8962542
vt 0.805204 0.9903395
vt 0.7505738 0.9903395
vt 0.9589777 0.9478493
vt 0.7505738 0.753103
vt 0.9999503 0.753103
vt 0.9999503 0.9169934
vt 0.829484 0.9878103
vt 0.7505738 0.9903395
vt 0.9999503 0.753103
vt 0.8456708 0.753103
vt 0.9352035 0.8679275
vt 0.9999503 0.9169934
vt 0.8315074 0.8244257
vt 0.8041923 0.9999503
vt 0.9999503 0.9999503
vt 0.9999503 0.753103
vt 0.8739975 0.753103
vt 0.9999503 0.753103
vt 0.9999503 0.9999503
vt 0.7505738 0.9999503
vt 0.7505738 0.753103
vt 0.7505738 0.753103
vt 0.7505738 0.9999503
vt 0.9999503 0.9999503
vt 0.9999503 0.753103
vt 0.9999503 0.9999503
vt 0.7890173 0.9999503
vt 0.8031806 0.881585
vt 0.9999503 0.753103
vt 0.8456708 0.753103
vt 0.9999503 0.9999503
vt 0.8406124 0.799134
vt 0.875515 0.753103
vt 0.9999503 0.753103
vt 0.8041923 0.9999503
vt 0.9999503 0.9999503
vt 0.9999503 0.753103
vt 0.7505738 0.753103
vt 0.7505738 0.9999503
vt 0.7505738 0.9999503
vt 0.7505738 0.753103
vt 0.9999503 0.753103
vt 0.9999503 0.9999503
vt 0.9999503 0.753103
vt 0.8689392 0.753103
vt 0.8193673 0.8279665
vt 0.9999503 0.9999503
vt 0.7890173 0.9999503
vt 0.9321685 0.8390949
vt 0.9999503 0.8871492
vt 0.9999503 0.753103
vt 0.875515 0.753103
vt 0.8704566 0.9655536
vt 0.7505738 0.9787053
vt 0.7505738 0.753103
vt 0.9999503 0.753103
vt 0.9999503 0.8871492
vt 0.9296393 0.8456708
vt 0.8689392 0.753103
vt 0.9999503 0.753103
vt 0.9999503 0.8927134
vt 0.7505738 0.9787053
vt 0.8952425 0.9625186
vt 0.7505738 0.753103
vt 0.9999503 0.753103
vt 0.9999503 0.8927134
vt 0.01205518 0.7313521
vt 0.1643114 0.7313521
vt 0.1643114 1.002479
vt 0.01205518 1.002479
vt 0.2401866 1.002479
vt 0.2401866 0.7313521
vt 0.1046229 0.7313521
vt 0.01205518 0.7313521
vt 0.01205518 1.002479
vt 0.1046229 1.002479
vt 0.1334555 0.7303404
vt 0.0166077 0.7303404
vt 0.004467664 1.002479
vt 0.1218213 1.002479
vt 0.2012374 1.002479
vt 0.202249 0.7303404
vt 0.138008 0.7313521
vt 0.2391749 0.7313521
vt 0.2391749 1.002479
vt 0.138008 1.002479
vt 0.006996837 0.7313521
vt 0.006996837 1.002479
vt 0.1111988 0.7313521
vt 0.006996837 0.7313521
vt 0.006996837 1.002479
vt 0.1111988 1.002479
vt 0.2174241 0.7313521
vt 0.2174241 1.002479
vt 0.09855291 0.7313521
vt 0.03380607 0.7313521
vt 0.03380607 1.002479
vt 0.09855291 1.002479
vt 0.2396808 0.7313521
vt 0.2396808 1.002479
vt 0.09703541 0.7313521
vt 0.2396808 0.7313521
vt 0.2396808 1.002479
vt 0.09703541 1.002479
vt 0.006996837 0.7313521
vt 0.006996837 1.002479
vt 0.1081638 0.7313521
vt 0.006996837 0.7313521
vt 0.006996837 1.002479
vt 0.1081638 1.002479
vt 0.1182805 0.7313521
vt 0.05403946 0.7313521
vt 0.05403946 1.002479
vt 0.1182805 1.002479
vt 0.2194474 0.7313521
vt 0.2194474 1.002479
vt 0.07326118 0.7313521
vt 0.2194474 0.7313521
vt 0.2194474 1.002479
vt 0.07326118 1.002479
vt 0.1582414 0.7313521
vt 0.07326118 0.7313521
vt 0.07326118 1.002479
vt 0.1582414 1.002479
vt 0.2432216 0.7313521
vt 0.2432216 1.002479
vt 0.05353363 0.7313521
vt 0.2432216 0.7313521
vt 0.2432216 1.002479
vt 0.05353363 1.002479
vt 0.2401866 0.7313521
vt 0.04392277 0.7313521
vt 0.04392277 1.002479
vt 0.2401866 1.002479
vt 0.01913687 0.6746987
vt 0.02773606 0.670652
vt 0.0166077 0.6392902
vt 0.006996837 0.6408077
vt 0.01711353 0.6064109
vt 0.007502672 0.6048934
vt 0.02824189 0.5750492
vt 0.01913687 0.5710025
vt 0.04645194 0.5517808
vt 0.03886442 0.5457108
vt 0.07427285 0.5320532
vt 0.0692145 0.5239599
vt 0.1020938 0.5224424
vt 0.1000704 0.5133374
vt 0.1334555 0.5219365
vt 0.1344672 0.5123257
vt 0.1638056 0.5285124
vt 0.1673464 0.5199132
vt 0.1906148 0.5446991
vt 0.1966848 0.5376174
vt 0.2118599 0.56645
vt 0.2199532 0.5613917
vt 0.2199532 0.5613917
vt 0.2118599 0.56645
vt 0.2250116 0.5937651
vt 0.2341166 0.5912359
vt 0.2300699 0.6236093
vt 0.2391749 0.6236093
vt 0.2245057 0.6529477
vt 0.2336108 0.6554769
vt 0.211354 0.6802628
vt 0.2194474 0.6853212
vt 0.1896031 0.7020137
vt 0.1956732 0.7090954
vt 0.1632998 0.7176946
vt 0.1663348 0.7262937
vt 0.1324438 0.7242704
vt 0.1329497 0.7333754
vt 0.1010821 0.7232587
vt 0.09855291 0.7323638
vt 0.07174367 0.7126362
vt 0.06668533 0.7207296
vt 0.04594611 0.694932
vt 0.03886442 0.7015079
vt 0.09703541 0.5264891
vt 0.04544027 0.5386291
vt 0.1304205 0.6838037
vt 0.003455995 0.5639209
vt 0.1511597 0.5300299
vt 0.2032607 0.5482399
vt 0.2487858 0.5801076
vt 0.2487858 0.5801076
vt 0.1304205 0.6838037
vt 0.2037665 0.5482399
vt 0.1516656 0.5300299
vt 0.09754124 0.5264891
vt 0.04594611 0.5391349
vt 0.00396183 0.5644267
vt 0.1526772 0.5290182
vt 0.1304205 0.6838037
vt 0.2047782 0.5472283
vt 0.09855291 0.5254774
vt 0.2497975 0.5790959
vt 0.04746361 0.5381233
vt 0.00396183 0.5644267
vt 0.2497975 0.5790959
vt 0.1304205 0.6838037
vt 0.2047782 0.5467225
vt 0.1526772 0.5285124
vt 0.09804708 0.5254774
vt 0.04695778 0.5376174
vt 0.003455995 0.5639209
vt 0.2012374 0.7490563
vt 0.2012374 0.7121304
vt 0.2427158 0.7121304
vt 0.2427158 0.7490563
vt 0.147113 0.7490563
vt 0.147113 0.7121304
vt 0.09248289 0.7490563
vt 0.09248289 0.7121304
vt 0.04240526 0.7490563
vt 0.04240526 0.7121304
vt 0.001938491 0.7490563
vt 0.001938491 0.7121304
vt 0.147113 0.7490563
vt 0.147113 0.7121304
vt 0.2012374 0.7121304
vt 0.2012374 0.7490563
vt 0.09248289 0.7490563
vt 0.09248289 0.7121304
vt 0.04240526 0.7490563
vt 0.04240526 0.7121304
vt 0.001938491 0.7490563
vt 0.001938491 0.7121304
vt 0.2427158 0.7121304
vt 0.2427158 0.7490563
vt 0.04240526 0.7490563
vt 0.04240526 0.7121304
vt 0.09248289 0.7121304
vt 0.09248289 0.7490563
vt 0.147113 0.7121304
vt 0.147113 0.7490563
vt 0.2012374 0.7121304
vt 0.2012374 0.7490563
vt 0.2427158 0.7121304
vt 0.2427158 0.7490563
vt 0.001938491 0.7490563
vt 0.001938491 0.7121304
vt 0.04240526 0.7490563
vt 0.04240526 0.7121304
vt 0.09248289 0.7121304
vt 0.09248289 0.7490563
vt 0.001938491 0.7490563
vt 0.001938491 0.7121304
vt 0.147113 0.7121304
vt 0.147113 0.7490563
vt 0.2012374 0.7121304
vt 0.2012374 0.7490563
vt 0.2437275 0.7121304
vt 0.2437275 0.7490563
vt 0.09298873 0.5381233
vt 0.08590704 0.5244657
vt 0.06112115 0.5436875
vt 0.07174367 0.5548158
vt 0.0429111 0.5704967
vt 0.0560628 0.5770726
vt 0.03330024 0.6013526
vt 0.04847528 0.6038818
vt 0.03380607 0.633726
vt 0.04847528 0.6311969
vt 0.04392277 0.664582
vt 0.05707447 0.6575003
vt 0.06263865 0.6908854
vt 0.07275534 0.679757
vt 0.08793038 0.7096012
vt 0.09450623 0.6959437
vt 0.1177746 0.7192121
vt 0.119798 0.704037
vt 0.1491364 0.7187063
vt 0.1466072 0.7035312
vt 0.1784748 0.7085896
vt 0.1713931 0.694932
vt 0.2037665 0.688862
vt 0.193144 0.6782395
vt 0.2214707 0.6625586
vt 0.208319 0.6554769
vt 0.2310816 0.6317027
vt 0.2164124 0.6291735
vt 0.2305758 0.5988234
vt 0.2159066 0.6018584
vt 0.2204591 0.5679675
vt 0.2073074 0.575555
vt 0.2017432 0.5421699
vt 0.1916265 0.5532983
vt 0.1764514 0.5234541
vt 0.1698756 0.5371116
vt 0.1466072 0.5138432
vt 0.1445839 0.5290182
vt 0.1152455 0.5138432
vt 0.1177746 0.5295241
vt 0.08590704 0.5244657
vt 0.09298873 0.5381233
vt 0.001938491 0.7490563
vt 0.001938491 0.7121304
vt 0.04847528 0.7121304
vt 0.04847528 0.7490563
vt 0.1010821 0.7121304
vt 0.1010821 0.7490563
vt 0.1541947 0.7121304
vt 0.1541947 0.7490563
vt 0.2027549 0.7121304
vt 0.2027549 0.7490563
vt 0.24221 0.7121304
vt 0.24221 0.7490563
vt 0.04847528 0.7490563
vt 0.04847528 0.7121304
vt 0.1010821 0.7121304
vt 0.1010821 0.7490563
vt 0.1541947 0.7121304
vt 0.1541947 0.7490563
vt 0.2027549 0.7121304
vt 0.2027549 0.7490563
vt 0.24221 0.7121304
vt 0.24221 0.7490563
vt 0.001938491 0.7490563
vt 0.001938491 0.7121304
vt 0.1541947 0.7490563
vt 0.1541947 0.7121304
vt 0.2027549 0.7121304
vt 0.2027549 0.7490563
vt 0.1010821 0.7490563
vt 0.1010821 0.7121304
vt 0.04847528 0.7490563
vt 0.04847528 0.7121304
vt 0.001938491 0.7490563
vt 0.001938491 0.7121304
vt 0.24221 0.7121304
vt 0.24221 0.7490563
vt 0.1541947 0.7490563
vt 0.1541947 0.7121304
vt 0.2027549 0.7121304
vt 0.2027549 0.7490563
vt 0.24221 0.7121304
vt 0.24221 0.7490563
vt 0.1010821 0.7490563
vt 0.1010821 0.7121304
vt 0.04847528 0.7490563
vt 0.04847528 0.7121304
vt 0.001938491 0.7490563
vt 0.001938491 0.7121304
vt 0.2346224 0.7465271
vt 0.1708873 0.7465271
vt 0.1734164 0.6934145
vt 0.2315874 0.6934145
vt 0.2290583 0.6403019
vt 0.1759456 0.6403019
vt 0.2239999 0.5846601
vt 0.1815098 0.5846601
vt 0.08287204 0.7182004
vt 0.08034287 0.7708072
vt 0.1435722 0.7708072
vt 0.141043 0.7182004
vt 0.08540121 0.6650878
vt 0.1385138 0.6650878
vt 0.09096539 0.6089401
vt 0.1329497 0.6089401
vt 0.06466199 0.7460213
vt 0.08438955 0.7445038
vt 0.07781369 0.691897
vt 0.06314448 0.6929086
vt 0.05252196 0.6408077
vt 0.06415615 0.639796
vt 0.03785275 0.5856717
vt 0.04695778 0.5851659
vt 0.1132221 0.6838037
vt 0.1562181 0.6838037
vt 0.1562181 0.6934145
vt 0.1132221 0.6934145
vt 0.04645194 0.5831426
vt 0.05555696 0.5831426
vt 0.06870867 0.6387843
vt 0.05707447 0.6387843
vt 0.06365032 0.691897
vt 0.07831953 0.691897
vt 0.06112115 0.7450097
vt 0.0808487 0.7450097
vt 0.1668406 0.7465271
vt 0.1031054 0.7465271
vt 0.1061404 0.6934145
vt 0.1643114 0.6934145
vt 0.1617822 0.6403019
vt 0.1086696 0.6403019
vt 0.1562181 0.5846601
vt 0.1137279 0.5846601
vt 0.08287204 0.7182004
vt 0.08034287 0.7708072
vt 0.1435722 0.7708072
vt 0.141043 0.7182004
vt 0.08540121 0.6650878
vt 0.1385138 0.6650878
vt 0.09096539 0.6089401
vt 0.1329497 0.6089401
vt 0.06466199 0.7460213
vt 0.08438955 0.7445038
vt 0.07781369 0.691897
vt 0.06314448 0.6929086
vt 0.05252196 0.6408077
vt 0.06415615 0.639796
vt 0.03785275 0.5856717
vt 0.04695778 0.5851659
vt 0.1132221 0.6838037
vt 0.1562181 0.6838037
vt 0.1562181 0.6934145
vt 0.1132221 0.6934145
vt 0.04645194 0.5831426
vt 0.05555696 0.5831426
vt 0.06870867 0.6387843
vt 0.05707447 0.6387843
vt 0.06365032 0.691897
vt 0.07831953 0.691897
vt 0.06112115 0.7450097
vt 0.0808487 0.7450097
vt 0.08590704 0.7445038
vt 0.02217188 0.7445038
vt 0.02470105 0.6913912
vt 0.08287204 0.6913912
vt 0.08034287 0.6387843
vt 0.02773606 0.6387843
vt 0.07528452 0.5826367
vt 0.0327944 0.5826367
vt 0.1218213 0.7182004
vt 0.1187863 0.7708072
vt 0.1825215 0.7708072
vt 0.1799923 0.7182004
vt 0.1243505 0.6650878
vt 0.1774631 0.6650878
vt 0.1299147 0.6089401
vt 0.1718989 0.6089401
vt 0.06466199 0.7460213
vt 0.08438955 0.7445038
vt 0.07781369 0.691897
vt 0.06314448 0.6929086
vt 0.05252196 0.6408077
vt 0.06415615 0.639796
vt 0.03785275 0.5856717
vt 0.04695778 0.5851659
vt 0.1132221 0.6838037
vt 0.1562181 0.6838037
vt 0.1562181 0.6934145
vt 0.1132221 0.6934145
vt 0.04645194 0.5831426
vt 0.05555696 0.5831426
vt 0.06870867 0.6387843
vt 0.05707447 0.6387843
vt 0.06365032 0.691897
vt 0.07831953 0.691897
vt 0.06112115 0.7450097
vt 0.0808487 0.7450097
vt 0.09096539 0.7445038
vt 0.02723022 0.7445038
vt 0.0297594 0.6913912
vt 0.08843622 0.6913912
vt 0.08540121 0.6387843
vt 0.0327944 0.6387843
vt 0.08034287 0.5826367
vt 0.03785275 0.5826367
vt 0.1764514 0.7182004
vt 0.1739223 0.7708072
vt 0.2376574 0.7708072
vt 0.2346224 0.7182004
vt 0.1789806 0.6650878
vt 0.2320933 0.6650878
vt 0.1845448 0.6089401
vt 0.2270349 0.6089401
vt 0.06466199 0.7460213
vt 0.08438955 0.7445038
vt 0.07781369 0.691897
vt 0.06314448 0.6929086
vt 0.05252196 0.6408077
vt 0.06415615 0.639796
vt 0.03785275 0.5856717
vt 0.04695778 0.5851659
vt 0.1132221 0.6838037
vt 0.1562181 0.6838037
vt 0.1562181 0.6934145
vt 0.1132221 0.6934145
vt 0.04645194 0.5831426
vt 0.05555696 0.5831426
vt 0.06870867 0.6387843
vt 0.05707447 0.6387843
vt 0.06365032 0.691897
vt 0.07831953 0.691897
vt 0.06112115 0.7450097
vt 0.0808487 0.7450097
vt 0.1668406 0.7465271
vt 0.1031054 0.7465271
vt 0.1061404 0.6934145
vt 0.1643114 0.6934145
vt 0.1617822 0.6403019
vt 0.1086696 0.6403019
vt 0.1562181 0.5846601
vt 0.1137279 0.5846601
vt 0.08287204 0.7182004
vt 0.08034287 0.7708072
vt 0.1435722 0.7708072
vt 0.141043 0.7182004
vt 0.08540121 0.6650878
vt 0.1385138 0.6650878
vt 0.09096539 0.6089401
vt 0.1329497 0.6089401
vt 0.06466199 0.7460213
vt 0.08438955 0.7445038
vt 0.07781369 0.691897
vt 0.06314448 0.6929086
vt 0.05252196 0.6408077
vt 0.06415615 0.639796
vt 0.03785275 0.5856717
vt 0.04695778 0.5851659
vt 0.1132221 0.6838037
vt 0.1562181 0.6838037
vt 0.1562181 0.6934145
vt 0.1132221 0.6934145
vt 0.04645194 0.5831426
vt 0.05555696 0.5831426
vt 0.06870867 0.6387843
vt 0.05707447 0.6387843
vt 0.06365032 0.691897
vt 0.07831953 0.691897
vt 0.06112115 0.7450097
vt 0.0808487 0.7450097
vt 0.1668406 0.7465271
vt 0.1031054 0.7465271
vt 0.1061404 0.6934145
vt 0.1643114 0.6934145
vt 0.1617822 0.6403019
vt 0.1086696 0.6403019
vt 0.1562181 0.5846601
vt 0.1137279 0.5846601
vt 0.08287204 0.7182004
vt 0.08034287 0.7708072
vt 0.1435722 0.7708072
vt 0.141043 0.7182004
vt 0.08540121 0.6650878
vt 0.1385138 0.6650878
vt 0.09096539 0.6089401
vt 0.1329497 0.6089401
vt 0.06466199 0.7460213
vt 0.08438955 0.7445038
vt 0.07781369 0.691897
vt 0.06314448 0.6929086
vt 0.05252196 0.6408077
vt 0.06415615 0.639796
vt 0.03785275 0.5856717
vt 0.04695778 0.5851659
vt 0.1132221 0.6838037
vt 0.1562181 0.6838037
vt 0.1562181 0.6934145
vt 0.1132221 0.6934145
vt 0.04645194 0.5831426
vt 0.05555696 0.5831426
vt 0.06870867 0.6387843
vt 0.05707447 0.6387843
vt 0.06365032 0.691897
vt 0.07831953 0.691897
vt 0.06112115 0.7450097
vt 0.0808487 0.7450097
vt 0.08236621 0.7480447
vt 0.08236621 0.7030253
vt 0.1587472 0.7030253
vt 0.1587472 0.7480447
vt 0.006491004 0.7480447
vt 0.006491004 0.7030253
vt 0.2239999 0.7455155
vt 0.2239999 0.7020137
vt 0.1632998 0.7020137
vt 0.1632998 0.7455155
vt 0.08843622 0.7020137
vt 0.08843622 0.7455155
vt 0.02773606 0.7020137
vt 0.02773606 0.7455155
vt 0.1572297 0.7465271
vt 0.1572297 0.7030253
vt 0.08641288 0.7030253
vt 0.08641288 0.7465271
vt 0.01509019 0.7030253
vt 0.01509019 0.7465271
vt 0.009020177 0.6974612
vt 0.009020177 0.7480447
vt 0.0808487 0.7480447
vt 0.0808487 0.6974612
vt 0.0808487 0.6974612
vt 0.0808487 0.7480447
vt 0.1693698 0.6964495
vt 0.1693698 0.7475388
vt 0.1693698 0.7475388
vt 0.1693698 0.6964495
vt 0.2411983 0.6964495
vt 0.2411983 0.7475388
vt 0.1010821 0.5968001
vt 0.1010821 0.6074226
vt 0.1385138 0.618551
vt 0.1450897 0.6099518
vt 0.1612764 0.6478894
vt 0.1718989 0.6448544
vt 0.1612764 0.6843095
vt 0.1718989 0.6873445
vt 0.1385138 0.7136479
vt 0.1450897 0.7222471
vt 0.1010821 0.7247763
vt 0.1010821 0.7353988
vt 0.06415615 0.7136479
vt 0.0575803 0.7222471
vt 0.04088776 0.6843095
vt 0.03026523 0.6873445
vt 0.04088776 0.6478894
vt 0.03026523 0.6448544
vt 0.06415615 0.618551
vt 0.0575803 0.6099518
vt 0.9670711 0.0004209874
vt 0.9822461 0.04594611
vt 0.9943861 0.03734692
vt 0.9822461 0.0004209874
vt 0.9670711 0.04594611
vt 0.954931 0.009020177
vt 0.954931 0.03734692
vt 0.9503785 0.02318355
vt 0.9943861 0.009020177
vt 0.9989387 0.02318355
vt 0.1010821 0.6074226
vt 0.1010821 0.6170335
vt 0.1324438 0.6266443
vt 0.1385138 0.618551
vt 0.1516656 0.6509244
vt 0.1612764 0.6478894
vt 0.1516656 0.6812745
vt 0.1612764 0.6843095
vt 0.1324438 0.7060603
vt 0.1385138 0.7136479
vt 0.1010821 0.7151654
vt 0.1010821 0.7247763
vt 0.07022617 0.7060603
vt 0.06415615 0.7136479
vt 0.05100445 0.6812745
vt 0.04088776 0.6843095
vt 0.05100445 0.6509244
vt 0.04088776 0.6478894
vt 0.07022617 0.6266443
vt 0.06415615 0.618551
vt 0.003455995 0.7515855
vt 0.003455995 0.499174
vt 0.05201612 0.499174
vt 0.05201612 0.7515855
vt 0.05201612 0.7515855
vt 0.05201612 0.499174
vt 0.09197706 0.499174
vt 0.09197706 0.7515855
vt 0.09197706 0.7515855
vt 0.09197706 0.499174
vt 0.1375022 0.499174
vt 0.1375022 0.7515855
vt 0.1375022 0.7515855
vt 0.1375022 0.499174
vt 0.1896031 0.499174
vt 0.1896031 0.7515855
vt 0.1896031 0.7515855
vt 0.1896031 0.499174
vt 0.24221 0.499174
vt 0.24221 0.7515855
vt 0.150148 0.7333754
vt 0.1976965 0.697967
vt 0.1794865 0.6408077
vt 0.1203038 0.6413136
vt 0.1020938 0.6984729
vt 0.1127163 0.5846601
vt 0.09450623 0.5280066
vt 0.03532358 0.5275007
vt 0.01711353 0.5841542
vt 0.06466199 0.6195626
vt -0.001096517 0.7515855
vt -0.001096517 0.499174
vt 0.05201612 0.499174
vt 0.05201612 0.7515855
vt 0.05201612 0.7515855
vt 0.05201612 0.499174
vt 0.1010821 0.499174
vt 0.1010821 0.7515855
vt 0.1010821 0.7515855
vt 0.1010821 0.499174
vt 0.1420547 0.499174
vt 0.1420547 0.7515855
vt 0.1420547 0.7515855
vt 0.1420547 0.499174
vt 0.187074 0.499174
vt 0.187074 0.7515855
vt 0.187074 0.7515855
vt 0.187074 0.499174
vt 0.2386691 0.499174
vt 0.2386691 0.7515855
vt 0.1375022 0.5553216
vt 0.1025996 0.6038818
vt 0.1375022 0.6524419
vt 0.1936498 0.633726
vt 0.1936498 0.5740376
vt 0.1081638 0.6762161
vt 0.06010948 0.6408077
vt 0.01256102 0.6762161
vt 0.03077107 0.7328696
vt 0.08995372 0.7328696
vt 0.1526772 0.4986681
vt 0.08944789 0.4986681
vt 0.07983703 0.3474236
vt 0.1526772 0.3474236
vt 0.03077107 0.4986681
vt 0.01761937 0.3474236
vt 0.07983703 0.3474236
vt 0.01761937 0.3474236
vt 0.03077107 0.4986681
vt 0.08944789 0.4986681
vt 0.1526772 0.3474236
vt 0.1526772 0.4986681
vt 0.2270349 0.3474236
vt 0.2184357 0.499174
vt 0.2184357 0.4986681
vt 0.2270349 0.3474236
vt 0.1592531 0.3474236
vt 0.1592531 0.499174
vt 0.2184357 0.499174
vt 0.1592531 0.499174
vt 0.1592531 0.3474236
vt 0.2270349 0.3474236
vt 0.07983703 0.3383186
vt 0.07983703 0.3469177
vt 0.1531831 0.3469177
vt 0.1531831 0.3383186
vt 0.0181252 0.3383186
vt 0.0181252 0.3469177
vt 0.0793312 0.3383186
vt 0.0793312 0.3469177
vt 0.0181252 0.3469177
vt 0.0181252 0.3383186
vt 0.1526772 0.3383186
vt 0.1526772 0.3469177
vt 0.2270349 0.3383186
vt 0.2270349 0.3469177
vt 0.2270349 0.3383186
vt 0.2270349 0.3469177
vt 0.1592531 0.3469177
vt 0.1592531 0.3383186
vt 0.1592531 0.3383186
vt 0.1592531 0.3469177
vt 0.2270349 0.3469177
vt 0.2270349 0.3383186
vt 0.05656863 0.2047782
vt 0.05808614 0.2578908
vt 0.01003185 0.2578908
vt 0.005479334 0.2047782
vt 0.1147396 0.2047782
vt 0.1243505 0.2578908
vt 0.1820156 0.2047782
vt 0.184039 0.2578908
vt 0.24221 0.2047782
vt 0.2411983 0.2578908
vt 0.06314448 0.2047782
vt 0.06820283 0.2518208
vt 0.116763 0.2578908
vt 0.1142338 0.2047782
vt 0.181004 0.2578908
vt 0.1784748 0.2047782
vt 0.2411983 0.2578908
vt 0.24221 0.2047782
vt 0.1218213 0.6074226
vt 0.2437275 0.6074226
vt 0.2371516 0.5027148
vt 0.1132221 0.5027148
vt 0.1294088 0.5027148
vt 0.2371516 0.5027148
vt 0.2437275 0.6074226
vt 0.1299147 0.6074226
vt 0.01559603 0.6074226
vt 0.001938491 0.5027148
vt 0.001938491 0.5027148
vt 0.01559603 0.6074226
vt 0.125868 0.6074226
vt 0.1253621 0.5027148
vt 0.2341166 0.5027148
vt 0.2406925 0.6074226
vt 0.01205518 0.6074226
vt 0.009020177 0.5027148
vt 0.1182805 0.5027148
vt 0.125868 0.6074226
vt 0.2341166 0.5027148
vt 0.2406925 0.6074226
vt 0.1526772 0.4986681
vt 0.1526772 0.3474236
vt 0.07983703 0.3474236
vt 0.08944789 0.4986681
vt 0.03077107 0.4986681
vt 0.01761937 0.3474236
vt 0.07983703 0.3474236
vt 0.08944789 0.4986681
vt 0.03077107 0.4986681
vt 0.01761937 0.3474236
vt 0.1526772 0.3474236
vt 0.1526772 0.4986681
vt 0.2270349 0.3474236
vt 0.2184357 0.499174
vt 0.2184357 0.4986681
vt 0.1592531 0.499174
vt 0.1592531 0.3474236
vt 0.2270349 0.3474236
vt 0.2184357 0.499174
vt 0.2270349 0.3474236
vt 0.1592531 0.3474236
vt 0.1592531 0.499174
vt 0.07983703 0.3383186
vt 0.1531831 0.3383186
vt 0.1531831 0.3469177
vt 0.07983703 0.3469177
vt 0.0181252 0.3383186
vt 0.0181252 0.3469177
vt 0.0793312 0.3383186
vt 0.0181252 0.3383186
vt 0.0181252 0.3469177
vt 0.0793312 0.3469177
vt 0.1526772 0.3383186
vt 0.1526772 0.3469177
vt 0.2270349 0.3383186
vt 0.2270349 0.3469177
vt 0.2270349 0.3383186
vt 0.1592531 0.3383186
vt 0.1592531 0.3469177
vt 0.2270349 0.3469177
vt 0.1592531 0.3383186
vt 0.2270349 0.3383186
vt 0.2270349 0.3469177
vt 0.1592531 0.3469177
vt 0.05656863 0.2047782
vt 0.005479334 0.2047782
vt 0.009526012 0.2508091
vt 0.0575803 0.2508091
vt 0.1147396 0.2047782
vt 0.1243505 0.2578908
vt 0.1820156 0.2047782
vt 0.184039 0.2578908
vt 0.24221 0.2047782
vt 0.2411983 0.2568792
vt 0.06314448 0.2047782
vt 0.1142338 0.2047782
vt 0.1147396 0.2406925
vt 0.06668533 0.2523266
vt 0.1364905 0.2381633
vt 0.1784748 0.2047782
vt 0.150148 0.2442333
vt 0.1815098 0.2548558
vt 0.2411983 0.2568792
vt 0.24221 0.2047782
vt 0.1218213 0.6074226
vt 0.1132221 0.5027148
vt 0.2371516 0.5027148
vt 0.2437275 0.6074226
vt 0.1294088 0.5027148
vt 0.1299147 0.6074226
vt 0.2437275 0.6074226
vt 0.2371516 0.5027148
vt 0.01559603 0.6074226
vt 0.001938491 0.5027148
vt 0.001938491 0.5027148
vt 0.1253621 0.5027148
vt 0.125868 0.6074226
vt 0.01559603 0.6074226
vt 0.2341166 0.5027148
vt 0.2406925 0.6074226
vt 0.01205518 0.6074226
vt 0.125868 0.6074226
vt 0.1182805 0.5027148
vt 0.009020177 0.5027148
vt 0.2341166 0.5027148
vt 0.2406925 0.6074226
vt 0.1526772 0.4986681
vt 0.1526772 0.3474236
vt 0.07983703 0.3474236
vt 0.08944789 0.4986681
vt 0.03077107 0.4986681
vt 0.01761937 0.3474236
vt 0.07983703 0.3474236
vt 0.08944789 0.4986681
vt 0.03077107 0.4986681
vt 0.01761937 0.3474236
vt 0.1526772 0.3474236
vt 0.1526772 0.4986681
vt 0.2270349 0.3474236
vt 0.2184357 0.499174
vt 0.2184357 0.4986681
vt 0.1592531 0.499174
vt 0.1592531 0.3474236
vt 0.2270349 0.3474236
vt 0.2184357 0.499174
vt 0.2270349 0.3474236
vt 0.1592531 0.3474236
vt 0.1592531 0.499174
vt 0.07983703 0.3383186
vt 0.1531831 0.3383186
vt 0.1531831 0.3469177
vt 0.07983703 0.3469177
vt 0.0181252 0.3383186
vt 0.0181252 0.3469177
vt 0.0793312 0.3383186
vt 0.0181252 0.3383186
vt 0.0181252 0.3469177
vt 0.0793312 0.3469177
vt 0.1526772 0.3383186
vt 0.1526772 0.3469177
vt 0.2270349 0.3383186
vt 0.2270349 0.3469177
vt 0.2270349 0.3383186
vt 0.1592531 0.3383186
vt 0.1592531 0.3469177
vt 0.2270349 0.3469177
vt 0.1592531 0.3383186
vt 0.2270349 0.3383186
vt 0.2270349 0.3469177
vt 0.1592531 0.3469177
vt 0.05656863 0.2047782
vt 0.005479334 0.2047782
vt 0.01003185 0.2578908
vt 0.05808614 0.2578908
vt 0.1147396 0.2047782
vt 0.1243505 0.2578908
vt 0.1820156 0.2047782
vt 0.184039 0.2578908
vt 0.24221 0.2047782
vt 0.2411983 0.2578908
vt 0.06314448 0.2047782
vt 0.1142338 0.2047782
vt 0.116763 0.2578908
vt 0.0692145 0.2578908
vt 0.181004 0.2578908
vt 0.1784748 0.2047782
vt 0.1784748 0.2047782
vt 0.24221 0.2047782
vt 0.2411983 0.2578908
vt 0.181004 0.2578908
vt 0.1218213 0.6074226
vt 0.1132221 0.5027148
vt 0.2371516 0.5027148
vt 0.2437275 0.6074226
vt 0.1294088 0.5027148
vt 0.1299147 0.6074226
vt 0.2437275 0.6074226
vt 0.2371516 0.5027148
vt 0.01559603 0.6074226
vt 0.001938491 0.5027148
vt 0.001938491 0.5027148
vt 0.1253621 0.5027148
vt 0.125868 0.6074226
vt 0.01559603 0.6074226
vt 0.2341166 0.5027148
vt 0.2406925 0.6074226
vt 0.01205518 0.6074226
vt 0.125868 0.6074226
vt 0.1182805 0.5027148
vt 0.009020177 0.5027148
vt 0.2341166 0.5027148
vt 0.2406925 0.6074226
vt 0.1526772 0.4986681
vt 0.08944789 0.4986681
vt 0.07983703 0.3474236
vt 0.1526772 0.3474236
vt 0.03077107 0.4986681
vt 0.01761937 0.3474236
vt 0.07983703 0.3474236
vt 0.01761937 0.3474236
vt 0.03077107 0.4986681
vt 0.08944789 0.4986681
vt 0.1526772 0.3474236
vt 0.1526772 0.4986681
vt 0.2270349 0.3474236
vt 0.2184357 0.499174
vt 0.2184357 0.4986681
vt 0.2270349 0.3474236
vt 0.1592531 0.3474236
vt 0.1592531 0.499174
vt 0.2184357 0.499174
vt 0.1592531 0.499174
vt 0.1592531 0.3474236
vt 0.2270349 0.3474236
vt 0.07983703 0.3383186
vt 0.07983703 0.3469177
vt 0.1531831 0.3469177
vt 0.1531831 0.3383186
vt 0.0181252 0.3383186
vt 0.0181252 0.3469177
vt 0.0793312 0.3383186
vt 0.0793312 0.3469177
vt 0.0181252 0.3469177
vt 0.0181252 0.3383186
vt 0.1526772 0.3383186
vt 0.1526772 0.3469177
vt 0.2270349 0.3383186
vt 0.2270349 0.3469177
vt 0.2270349 0.3383186
vt 0.2270349 0.3469177
vt 0.1592531 0.3469177
vt 0.1592531 0.3383186
vt 0.1592531 0.3383186
vt 0.1592531 0.3469177
vt 0.2270349 0.3469177
vt 0.2270349 0.3383186
vt 0.05656863 0.2047782
vt 0.05808614 0.2578908
vt 0.01003185 0.2508091
vt 0.005479334 0.2047782
vt 0.1147396 0.2047782
vt 0.1243505 0.2578908
vt 0.1820156 0.2047782
vt 0.184039 0.2578908
vt 0.24221 0.2047782
vt 0.2411983 0.2578908
vt 0.06314448 0.2047782
vt 0.0692145 0.2578908
vt 0.116763 0.2578908
vt 0.1142338 0.2047782
vt 0.181004 0.2578908
vt 0.1784748 0.2047782
vt 0.2411983 0.2578908
vt 0.24221 0.2047782
vt 0.1218213 0.6074226
vt 0.2437275 0.6074226
vt 0.2371516 0.5027148
vt 0.1132221 0.5027148
vt 0.1294088 0.5027148
vt 0.2371516 0.5027148
vt 0.2437275 0.6074226
vt 0.1299147 0.6074226
vt 0.01559603 0.6074226
vt 0.001938491 0.5027148
vt 0.001938491 0.5027148
vt 0.01559603 0.6074226
vt 0.125868 0.6074226
vt 0.1253621 0.5027148
vt 0.2341166 0.5027148
vt 0.2406925 0.6074226
vt 0.01205518 0.6074226
vt 0.009020177 0.5027148
vt 0.1182805 0.5027148
vt 0.125868 0.6074226
vt 0.2341166 0.5027148
vt 0.2406925 0.6074226
vt 0.003455995 1.034347
vt 0.1643114 1.034347
vt 0.1643114 0.7495621
vt 0.003455995 0.7495621
vt 0.01256102 1.034347
vt 0.1643114 1.034347
vt 0.1643114 0.7495621
vt 0.01256102 0.7495621
vt 0.01256102 1.034347
vt 0.1643114 1.034347
vt 0.1643114 0.7495621
vt 0.01256102 0.7495621
vt 0.01256102 1.034347
vt 0.1643114 1.034347
vt 0.1643114 0.7495621
vt 0.01256102 0.7495621
vt 0.01256102 1.034347
vt 0.1643114 1.034347
vt 0.1643114 0.7495621
vt 0.01256102 0.7495621
vt 0.01256102 0.7495621
vt 0.01256102 1.034347
vt 0.1643114 1.034347
vt 0.1643114 0.7495621
vt 0.01256102 1.034347
vt 0.1643114 1.034347
vt 0.1643114 0.7495621
vt 0.01256102 0.7495621
vt 0.01256102 1.034347
vt 0.1643114 1.034347
vt 0.1643114 0.7495621
vt 0.01256102 0.7495621
vt 0.01256102 1.034347
vt 0.1643114 1.034347
vt 0.1643114 0.7495621
vt 0.01256102 0.7495621
vt 0.01256102 1.034347
vt 0.1643114 1.034347
vt 0.1643114 0.7495621
vt 0.01256102 0.7495621
vt 0.01256102 1.034347
vt 0.1643114 1.034347
vt 0.1643114 0.7495621
vt 0.01256102 0.7495621
vt 0.01256102 1.034347
vt 0.1643114 1.034347
vt 0.1643114 0.7495621
vt 0.01256102 0.7495621
vt 0.01256102 1.034347
vt 0.1643114 1.034347
vt 0.1643114 0.7495621
vt 0.01256102 0.7495621
vt 0.7212354 0.4607305
vt 0.7212354 0.4941156
vt 0.679757 0.4941156
vt 0.679757 0.4607305
vt 0.7030253 0.2614317
vt 0.7136479 0.2614317
vt 0.7136479 0.2351283
vt 0.7030253 0.2351283
vt 0.7030253 0.2993693
vt 0.7136479 0.2993693
vt 0.7136479 0.2705367
vt 0.7030253 0.2705367
vt 0.7030253 0.27256
vt 0.7136479 0.27256
vt 0.7136479 0.2467625
vt 0.7030253 0.2467625
vt 0.7136479 0.27256
vt 0.7030253 0.27256
vt 0.7030253 0.3013926
vt 0.7136479 0.3013926
vt 0.7212354 0.4607305
vt 0.7212354 0.4941156
vt 0.679757 0.4941156
vt 0.679757 0.4607305
vt 0.7030253 0.2614317
vt 0.7136479 0.2614317
vt 0.7136479 0.2351283
vt 0.7030253 0.2351283
vt 0.7030253 0.2993693
vt 0.7136479 0.2993693
vt 0.7136479 0.2705367
vt 0.7030253 0.2705367
vt 0.7030253 0.27256
vt 0.7136479 0.27256
vt 0.7136479 0.2467625
vt 0.7030253 0.2467625
vt 0.7136479 0.27256
vt 0.7030253 0.27256
vt 0.7030253 0.3013926
vt 0.7136479 0.3013926
vt 0.7212354 0.4607305
vt 0.7212354 0.4941156
vt 0.679757 0.4941156
vt 0.679757 0.4607305
vt 0.7030253 0.2614317
vt 0.7136479 0.2614317
vt 0.7136479 0.2351283
vt 0.7030253 0.2351283
vt 0.7030253 0.2993693
vt 0.7136479 0.2993693
vt 0.7136479 0.2705367
vt 0.7030253 0.2705367
vt 0.7030253 0.27256
vt 0.7136479 0.27256
vt 0.7136479 0.2467625
vt 0.7030253 0.2467625
vt 0.7136479 0.27256
vt 0.7030253 0.27256
vt 0.7030253 0.3013926
vt 0.7136479 0.3013926
vt 0.6762161 0.4597189
vt 0.6762161 0.4941156
vt 0.6327143 0.4941156
vt 0.6327143 0.4597189
vt 0.6281618 0.4238046
vt 0.633726 0.4238046
vt 0.633726 0.4106529
vt 0.6281618 0.4106529
vt 0.6281618 0.4430263
vt 0.633726 0.4430263
vt 0.633726 0.4283571
vt 0.6281618 0.4283571
vt 0.6281618 0.4293688
vt 0.633726 0.4293688
vt 0.633726 0.4167229
vt 0.6281618 0.4162171
vt 0.633726 0.4293688
vt 0.6281618 0.4293688
vt 0.6281618 0.444038
vt 0.633726 0.444038
vt 0.01256102 1.010573
vt 0.01256102 0.7647372
vt 0.1643114 0.7647372
vt 0.1643114 1.010573
vt 0.01256102 1.010573
vt 0.01256102 0.7647372
vt 0.1643114 0.7647372
vt 0.1643114 1.010573
vt 0.01256102 1.010573
vt 0.01256102 0.7647372
vt 0.1643114 0.7647372
vt 0.1643114 1.010573
vt 0.01256102 1.010573
vt 0.01256102 0.7647372
vt 0.1643114 0.7647372
vt 0.1643114 1.010573
vt 0.6691344 0.1638056
vt 0.6691344 0.382832
vt 0.6468777 0.382832
vt 0.6468777 0.1638056
vt 0.6691344 0.1638056
vt 0.6691344 0.382832
vt 0.6468777 0.382832
vt 0.6468777 0.1638056
vt 0.6691344 0.1638056
vt 0.6691344 0.3818203
vt 0.6468777 0.3818203
vt 0.6468777 0.1638056
vt 0.6691344 0.1638056
vt 0.6691344 0.3818203
vt 0.6468777 0.3818203
vt 0.6468777 0.1638056
vt 0.630691 0.3823262
vt 0.6468777 0.3823262
vt 0.6468777 0.2371516
vt 0.630691 0.2371516
vt 0.630691 0.3823262
vt 0.6468777 0.3823262
vt 0.6468777 0.2371516
vt 0.630691 0.2371516
vt 0.630691 0.3823262
vt 0.6468777 0.3823262
vt 0.6468777 0.2371516
vt 0.630691 0.2371516
vt 0.630691 0.3823262
vt 0.6468777 0.3823262
vt 0.6468777 0.2371516
vt 0.630691 0.2371516
vt 0.6286677 0.3813145
vt 0.6483952 0.3813145
vt 0.6483952 0.1643114
vt 0.6286677 0.1643114
vt 0.6286677 0.3813145
vt 0.6483952 0.3813145
vt 0.6483952 0.1643114
vt 0.6286677 0.1643114
vt 0.6286677 0.3813145
vt 0.6483952 0.3813145
vt 0.6483952 0.1643114
vt 0.6286677 0.1643114
vt 0.6286677 0.3813145
vt 0.6483952 0.3813145
vt 0.6483952 0.1643114
vt 0.6286677 0.1643114
vt 0.6286677 0.3813145
vt 0.6483952 0.3813145
vt 0.6483952 0.1643114
vt 0.6286677 0.1643114
vt 0.6286677 0.3813145
vt 0.6483952 0.3813145
vt 0.6483952 0.1643114
vt 0.6286677 0.1643114
vt 0.6286677 0.3813145
vt 0.6483952 0.3813145
vt 0.6483952 0.1643114
vt 0.6286677 0.1643114
vt 0.6286677 0.3813145
vt 0.6483952 0.3813145
vt 0.6483952 0.1643114
vt 0.6286677 0.1643114
vt 0.6286677 0.3813145
vt 0.6483952 0.3813145
vt 0.6483952 0.1643114
vt 0.6286677 0.1643114
vt 0.6483952 0.3813145
vt 0.6483952 0.1643114
vt 0.6286677 0.1643114
vt 0.6286677 0.3813145
vt 0.6483952 0.3813145
vt 0.6483952 0.1643114
vt 0.6286677 0.1643114
vt 0.6286677 0.3813145
vt 0.6483952 0.3813145
vt 0.6483952 0.1643114
vt 0.6286677 0.1643114
vt 0.6286677 0.3813145
vt 0.6286677 0.1643114
vt 0.6286677 0.3813145
vt 0.6483952 0.3813145
vt 0.6483952 0.1643114
vt 0.6286677 0.1643114
vt 0.6286677 0.3813145
vt 0.6483952 0.3813145
vt 0.6483952 0.1643114
vt 0.6286677 0.1643114
vt 0.6286677 0.3813145
vt 0.6483952 0.3813145
vt 0.6483952 0.1643114
vt 0.6483952 0.1643114
vt 0.6286677 0.1643114
vt 0.6286677 0.3813145
vt 0.6483952 0.3813145
vt 0.6483952 0.1643114
vt 0.6286677 0.1643114
vt 0.6286677 0.3813145
vt 0.6483952 0.3813145
vt 0.6483952 0.1643114
vt 0.6286677 0.1643114
vt 0.6286677 0.3813145
vt 0.6483952 0.3813145
vt 0.6483952 0.1643114
vt 0.6286677 0.1643114
vt 0.6286677 0.3813145
vt 0.6483952 0.3813145
vt 0.6483952 0.1643114
vt 0.6286677 0.1643114
vt 0.6286677 0.3813145
vt 0.6483952 0.3813145
vt 0.6483952 0.1643114
vt 0.6286677 0.1643114
vt 0.6286677 0.3813145
vt 0.6483952 0.3813145
vt 0.6286677 0.1643114
vt 0.6286677 0.3813145
vt 0.6483952 0.3813145
vt 0.6483952 0.1643114
vt 0.6286677 0.1643114
vt 0.6286677 0.3813145
vt 0.6483952 0.3813145
vt 0.6483952 0.1643114
vt 0.6286677 0.1643114
vt 0.6286677 0.3813145
vt 0.6483952 0.3813145
vt 0.6483952 0.1643114
vt 0.6286677 0.1643114
vt 0.6286677 0.3813145
vt 0.6483952 0.3813145
vt 0.6483952 0.1643114
vt 0.6286677 0.1643114
vt 0.6286677 0.3813145
vt 0.6483952 0.3813145
vt 0.6483952 0.1643114
vt 0.6286677 0.1643114
vt 0.6286677 0.3813145
vt 0.6483952 0.3813145
vt 0.6483952 0.1643114
vt 0.6483952 0.3813145
vt 0.6483952 0.1643114
vt 0.6286677 0.1643114
vt 0.6286677 0.3813145
vt 0.6483952 0.3813145
vt 0.6483952 0.1643114
vt 0.6286677 0.1643114
vt 0.6286677 0.3813145
vt 0.6483952 0.3813145
vt 0.6483952 0.1643114
vt 0.6286677 0.1643114
vt 0.6286677 0.3813145
vt 0.6792511 0.4597189
vt 0.7212354 0.4597189
vt 0.7212354 0.4951273
vt 0.6792511 0.4951273
vt 0.6792511 0.4597189
vt 0.7212354 0.4597189
vt 0.7212354 0.4951273
vt 0.6792511 0.4951273
vt 0.6792511 0.4597189
vt 0.7212354 0.4597189
vt 0.7212354 0.4951273
vt 0.6792511 0.4951273
vt 0.6792511 0.4597189
vt 0.7212354 0.4597189
vt 0.7212354 0.4951273
vt 0.6792511 0.4951273
vt 0.6792511 0.4597189
vt 0.7212354 0.4597189
vt 0.7212354 0.4951273
vt 0.6792511 0.4951273
vt 0.6792511 0.4597189
vt 0.7212354 0.4597189
vt 0.7212354 0.4951273
vt 0.6792511 0.4951273
vt 0.6792511 0.4597189
vt 0.7212354 0.4597189
vt 0.7212354 0.4951273
vt 0.6792511 0.4951273
vt 0.6792511 0.4597189
vt 0.7212354 0.4597189
vt 0.7212354 0.4951273
vt 0.6792511 0.4951273
vt 0.6792511 0.4597189
vt 0.7212354 0.4597189
vt 0.7212354 0.4951273
vt 0.6792511 0.4951273
vt 0.6792511 0.4597189
vt 0.7212354 0.4597189
vt 0.7212354 0.4951273
vt 0.6792511 0.4951273
vt 0.6792511 0.4597189
vt 0.7212354 0.4597189
vt 0.7212354 0.4951273
vt 0.6792511 0.4951273
vt 0.6792511 0.4597189
vt 0.7212354 0.4597189
vt 0.7212354 0.4951273
vt 0.6792511 0.4951273
vt 0.7212354 0.4607305
vt 0.7212354 0.4941156
vt 0.679757 0.4941156
vt 0.679757 0.4607305
vt 0.7030253 0.2614317
vt 0.7136479 0.2614317
vt 0.7136479 0.2351283
vt 0.7030253 0.2351283
vt 0.7030253 0.2993693
vt 0.7136479 0.2993693
vt 0.7136479 0.2705367
vt 0.7030253 0.2705367
vt 0.7030253 0.27256
vt 0.7136479 0.27256
vt 0.7136479 0.2467625
vt 0.7030253 0.2467625
vt 0.7136479 0.27256
vt 0.7030253 0.27256
vt 0.7030253 0.3013926
vt 0.7136479 0.3013926
vt 0.7212354 0.4607305
vt 0.7212354 0.4941156
vt 0.679757 0.4941156
vt 0.679757 0.4607305
vt 0.7030253 0.2614317
vt 0.7136479 0.2614317
vt 0.7136479 0.2351283
vt 0.7030253 0.2351283
vt 0.7030253 0.2993693
vt 0.7136479 0.2993693
vt 0.7136479 0.2705367
vt 0.7030253 0.2705367
vt 0.7030253 0.27256
vt 0.7136479 0.27256
vt 0.7136479 0.2467625
vt 0.7030253 0.2467625
vt 0.7136479 0.27256
vt 0.7030253 0.27256
vt 0.7030253 0.3013926
vt 0.7136479 0.3013926
vt 0.7212354 0.4607305
vt 0.7212354 0.4941156
vt 0.679757 0.4941156
vt 0.679757 0.4607305
vt 0.7030253 0.2614317
vt 0.7136479 0.2614317
vt 0.7136479 0.2351283
vt 0.7030253 0.2351283
vt 0.7030253 0.2993693
vt 0.7136479 0.2993693
vt 0.7136479 0.2705367
vt 0.7030253 0.2705367
vt 0.7030253 0.27256
vt 0.7136479 0.27256
vt 0.7136479 0.2467625
vt 0.7030253 0.2467625
vt 0.7136479 0.27256
vt 0.7030253 0.27256
vt 0.7030253 0.3013926
vt 0.7136479 0.3013926
vt 0.7212354 0.4607305
vt 0.7212354 0.4941156
vt 0.679757 0.4941156
vt 0.679757 0.4607305
vt 0.7030253 0.2614317
vt 0.7136479 0.2614317
vt 0.7136479 0.2351283
vt 0.7030253 0.2351283
vt 0.7030253 0.2993693
vt 0.7136479 0.2993693
vt 0.7136479 0.2705367
vt 0.7030253 0.2705367
vt 0.7030253 0.27256
vt 0.7136479 0.27256
vt 0.7136479 0.2467625
vt 0.7030253 0.2467625
vt 0.7136479 0.27256
vt 0.7030253 0.27256
vt 0.7030253 0.3013926
vt 0.7136479 0.3013926
vt 0.7212354 0.4607305
vt 0.7212354 0.4941156
vt 0.679757 0.4941156
vt 0.679757 0.4607305
vt 0.7030253 0.2614317
vt 0.7136479 0.2614317
vt 0.7136479 0.2351283
vt 0.7030253 0.2351283
vt 0.7030253 0.2993693
vt 0.7136479 0.2993693
vt 0.7136479 0.2705367
vt 0.7030253 0.2705367
vt 0.7030253 0.27256
vt 0.7136479 0.27256
vt 0.7136479 0.2467625
vt 0.7030253 0.2467625
vt 0.7136479 0.27256
vt 0.7030253 0.27256
vt 0.7030253 0.3013926
vt 0.7136479 0.3013926
vt 0.7212354 0.4607305
vt 0.7212354 0.4941156
vt 0.679757 0.4941156
vt 0.679757 0.4607305
vt 0.7030253 0.2614317
vt 0.7136479 0.2614317
vt 0.7136479 0.2351283
vt 0.7030253 0.2351283
vt 0.7030253 0.2993693
vt 0.7136479 0.2993693
vt 0.7136479 0.2705367
vt 0.7030253 0.2705367
vt 0.7030253 0.27256
vt 0.7136479 0.27256
vt 0.7136479 0.2467625
vt 0.7030253 0.2467625
vt 0.7136479 0.27256
vt 0.7030253 0.27256
vt 0.7030253 0.3013926
vt 0.7136479 0.3013926
vt 0.7212354 0.4607305
vt 0.7212354 0.4941156
vt 0.679757 0.4941156
vt 0.679757 0.4607305
vt 0.7030253 0.2614317
vt 0.7136479 0.2614317
vt 0.7136479 0.2351283
vt 0.7030253 0.2351283
vt 0.7030253 0.2993693
vt 0.7136479 0.2993693
vt 0.7136479 0.2705367
vt 0.7030253 0.2705367
vt 0.7030253 0.27256
vt 0.7136479 0.27256
vt 0.7136479 0.2467625
vt 0.7030253 0.2467625
vt 0.7136479 0.27256
vt 0.7030253 0.27256
vt 0.7030253 0.3013926
vt 0.7136479 0.3013926
vt 0.7212354 0.4607305
vt 0.7212354 0.4941156
vt 0.679757 0.4941156
vt 0.679757 0.4607305
vt 0.7030253 0.2614317
vt 0.7136479 0.2614317
vt 0.7136479 0.2351283
vt 0.7030253 0.2351283
vt 0.7030253 0.2993693
vt 0.7136479 0.2993693
vt 0.7136479 0.2705367
vt 0.7030253 0.2705367
vt 0.7030253 0.27256
vt 0.7136479 0.27256
vt 0.7136479 0.2467625
vt 0.7030253 0.2467625
vt 0.7136479 0.27256
vt 0.7030253 0.27256
vt 0.7030253 0.3013926
vt 0.7136479 0.3013926
vt 0.7212354 0.4607305
vt 0.7212354 0.4941156
vt 0.679757 0.4941156
vt 0.679757 0.4607305
vt 0.7030253 0.2614317
vt 0.7136479 0.2614317
vt 0.7136479 0.2351283
vt 0.7030253 0.2351283
vt 0.7030253 0.2993693
vt 0.7136479 0.2993693
vt 0.7136479 0.2705367
vt 0.7030253 0.2705367
vt 0.7030253 0.27256
vt 0.7136479 0.27256
vt 0.7136479 0.2467625
vt 0.7030253 0.2467625
vt 0.7136479 0.27256
vt 0.7030253 0.27256
vt 0.7030253 0.3013926
vt 0.7136479 0.3013926
vt 0.7212354 0.4607305
vt 0.7212354 0.4941156
vt 0.679757 0.4941156
vt 0.679757 0.4607305
vt 0.7030253 0.2614317
vt 0.7136479 0.2614317
vt 0.7136479 0.2351283
vt 0.7030253 0.2351283
vt 0.7030253 0.2993693
vt 0.7136479 0.2993693
vt 0.7136479 0.2705367
vt 0.7030253 0.2705367
vt 0.7030253 0.27256
vt 0.7136479 0.27256
vt 0.7136479 0.2467625
vt 0.7030253 0.2467625
vt 0.7136479 0.27256
vt 0.7030253 0.27256
vt 0.7030253 0.3013926
vt 0.7136479 0.3013926
vt 0.7212354 0.4607305
vt 0.7212354 0.4941156
vt 0.679757 0.4941156
vt 0.679757 0.4607305
vt 0.7030253 0.2614317
vt 0.7136479 0.2614317
vt 0.7136479 0.2351283
vt 0.7030253 0.2351283
vt 0.7030253 0.2993693
vt 0.7136479 0.2993693
vt 0.7136479 0.2705367
vt 0.7030253 0.2705367
vt 0.7030253 0.27256
vt 0.7136479 0.27256
vt 0.7136479 0.2467625
vt 0.7030253 0.2467625
vt 0.7136479 0.27256
vt 0.7030253 0.27256
vt 0.7030253 0.3013926
vt 0.7136479 0.3013926
vt 0.7212354 0.4607305
vt 0.7212354 0.4941156
vt 0.679757 0.4941156
vt 0.679757 0.4607305
vt 0.7030253 0.2614317
vt 0.7136479 0.2614317
vt 0.7136479 0.2351283
vt 0.7030253 0.2351283
vt 0.7030253 0.2993693
vt 0.7136479 0.2993693
vt 0.7136479 0.2705367
vt 0.7030253 0.2705367
vt 0.7030253 0.27256
vt 0.7136479 0.27256
vt 0.7136479 0.2467625
vt 0.7030253 0.2467625
vt 0.7136479 0.27256
vt 0.7030253 0.27256
vt 0.7030253 0.3013926
vt 0.7136479 0.3013926
vt 0.6792511 0.4597189
vt 0.7212354 0.4597189
vt 0.7212354 0.4951273
vt 0.6792511 0.4951273
vt 0.618551 0.04999278
vt 0.618551 0.05555696
vt 0.7151654 0.05555696
vt 0.7151654 0.04999278
vt 0.7151654 0.06112115
vt 0.618551 0.06162698
vt 0.7151654 0.06719116
vt 0.618551 0.06719116
vt 0.618551 0.0444286
vt 0.7151654 0.0444286
vt 0.5027148 0.04999278
vt 0.5027148 0.0560628
vt 0.5027148 0.06162698
vt 0.5027148 0.06719116
vt 0.5027148 0.0444286
vt 0.5042323 0.05100445
vt 0.5042323 0.05707447
vt 0.6013526 0.05707447
vt 0.6013526 0.05100445
vt 0.6013526 0.06263865
vt 0.5042323 0.06263865
vt 0.6013526 0.06820283
vt 0.5042323 0.06820283
vt 0.5042323 0.04544027
vt 0.6013526 0.04544027
vt 0.6994845 0.05707447
vt 0.6994845 0.05151029
vt 0.6994845 0.06263865
vt 0.6994845 0.06820283
vt 0.6994845 0.04544027
vt 0.5027148 0.05049862
vt 0.5027148 0.05656863
vt 0.5679675 0.05656863
vt 0.5679675 0.05049862
vt 0.5679675 0.06263865
vt 0.5027148 0.06263865
vt 0.5679675 0.06820283
vt 0.5027148 0.06820283
vt 0.5027148 0.04493444
vt 0.5679675 0.04493444
vt 0.633726 0.05656863
vt 0.633726 0.05049862
vt 0.633726 0.06213281
vt 0.633726 0.06820283
vt 0.633726 0.04493444
vt 0.5897184 0.04948695
vt 0.5897184 0.05555696
vt 0.6413136 0.05555696
vt 0.6413136 0.04948695
vt 0.6413136 0.06162698
vt 0.5897184 0.06162698
vt 0.6413136 0.06820283
vt 0.5897184 0.06820283
vt 0.5897184 0.0429111
vt 0.6408077 0.0429111
vt 0.691897 0.05555696
vt 0.691897 0.04948695
vt 0.691897 0.06162698
vt 0.691897 0.06820283
vt 0.691897 0.0429111
vt 0.7475388 0.05505113
vt 0.7475388 0.04898112
vt 0.7475388 0.06162698
vt 0.7475388 0.067697
vt 0.7475388 0.0429111
vt 0.5811192 0.05151029
vt 0.5811192 0.0560628
vt 0.6478894 0.0560628
vt 0.6478894 0.05100445
vt 0.6478894 0.06061531
vt 0.5811192 0.06112115
vt 0.6478894 0.06567366
vt 0.5811192 0.06567366
vt 0.5811192 0.04645194
vt 0.6478894 0.04645194
vt 0.7364104 0.05555696
vt 0.7364104 0.05100445
vt 0.7364104 0.06061531
vt 0.7369163 0.06516782
vt 0.7364104 0.04594611
vt 0.5032207 0.05100445
vt 0.5032207 0.05707447
vt 0.5780842 0.05656863
vt 0.5780842 0.05049862
vt 0.5780842 0.06263865
vt 0.5032207 0.06314448
vt 0.5780842 0.0692145
vt 0.5032207 0.0692145
vt 0.5032207 0.0444286
vt 0.5780842 0.0444286
vt 0.6362552 0.05656863
vt 0.6362552 0.05049862
vt 0.6362552 0.06263865
vt 0.6362552 0.06870867
vt 0.6362552 0.0444286
vt 0.5396408 0.04948695
vt 0.5396408 0.0560628
vt 0.5882009 0.0560628
vt 0.5882009 0.04948695
vt 0.5882009 0.06314448
vt 0.5396408 0.06314448
vt 0.5882009 0.06972034
vt 0.5396408 0.06972034
vt 0.5396408 0.0429111
vt 0.5882009 0.0429111
vt 0.6585119 0.0560628
vt 0.6590177 0.04948695
vt 0.6580061 0.06263865
vt 0.6585119 0.0692145
vt 0.6585119 0.04240526
vt 0.5027148 0.04948695
vt 0.5032207 0.05555696
vt 0.6028701 0.0560628
vt 0.6028701 0.04948695
vt 0.6028701 0.06213281
vt 0.5042323 0.06213281
vt 0.6028701 0.06870867
vt 0.5032207 0.06820283
vt 0.5032207 0.0429111
vt 0.6028701 0.0429111
vt 0.6989787 0.0560628
vt 0.6989787 0.04948695
vt 0.6989787 0.06213281
vt 0.6989787 0.06870867
vt 0.6989787 0.04341693
vt 0.5027148 0.04948695
vt 0.5027148 0.0560628
vt 0.5968001 0.0560628
vt 0.5968001 0.04948695
vt 0.5968001 0.06213281
vt 0.5027148 0.06213281
vt 0.5968001 0.06870867
vt 0.5027148 0.06870867
vt 0.5027148 0.04341693
vt 0.5968001 0.04341693
vt 0.6989787 0.05555696
vt 0.6989787 0.04948695
vt 0.6994845 0.06213281
vt 0.6994845 0.06820283
vt 0.6989787 0.0429111
vt 0.5037265 0.04999278
vt 0.5037265 0.0560628
vt 0.6018584 0.0560628
vt 0.6018584 0.04948695
vt 0.6018584 0.06263865
vt 0.5037265 0.06263865
vt 0.6018584 0.0692145
vt 0.5037265 0.0692145
vt 0.5037265 0.04341693
vt 0.6018584 0.04341693
vt 0.6969553 0.0560628
vt 0.6969553 0.04948695
vt 0.6969553 0.06263865
vt 0.6969553 0.06870867
vt 0.6969553 0.04341693
vt 0.697967 0.05049862
vt 0.697967 0.04493444
vt 0.673687 0.04544027
vt 0.6741928 0.05100445
vt 0.6984729 0.05707447
vt 0.6741928 0.05656863
vt 0.697967 0.06314448
vt 0.6741928 0.06213281
vt 0.697967 0.0692145
vt 0.673687 0.06820283
vt 0.6655936 0.04594611
vt 0.6655936 0.05151029
vt 0.6655936 0.06112115
vt 0.6655936 0.06668533
vt 0.6655936 0.0560628
vt 0.6509244 0.04341693
vt 0.6504186 0.04898112
vt 0.6509244 0.06112115
vt 0.6509244 0.06719116
vt 0.6504186 0.05555696
vt 0.6094459 0.0429111
vt 0.6094459 0.04898112
vt 0.6094459 0.06061531
vt 0.6094459 0.06668533
vt 0.6094459 0.0545453
vt 0.5608858 0.0429111
vt 0.5608858 0.04898112
vt 0.5608858 0.06061531
vt 0.5608858 0.06617949
vt 0.5608858 0.0545453
vt 0.6650878 0.05151029
vt 0.6650878 0.04544027
vt 0.6053993 0.04544027
vt 0.6053993 0.05100445
vt 0.6650878 0.05707447
vt 0.6053993 0.05707447
vt 0.6650878 0.06314448
vt 0.6053993 0.06263865
vt 0.6650878 0.06870867
vt 0.6053993 0.06870867
vt 0.5765667 0.04493444
vt 0.5765667 0.05100445
vt 0.5765667 0.06263865
vt 0.5765667 0.06870867
vt 0.5765667 0.05656863
vt 0.5416641 0.04493444
vt 0.5416641 0.05100445
vt 0.5416641 0.06213281
vt 0.5416641 0.06820283
vt 0.5416641 0.05656863
vt 0.5032207 0.0444286
vt 0.5032207 0.05049862
vt 0.5032207 0.06213281
vt 0.5032207 0.067697
vt 0.5032207 0.0560628
vt 0.7480447 0.04999278
vt 0.7480447 0.04392277
vt 0.6681228 0.04341693
vt 0.6681228 0.04948695
vt 0.7475388 0.0560628
vt 0.6681228 0.05555696
vt 0.7480447 0.06263865
vt 0.6681228 0.06213281
vt 0.7480447 0.06870867
vt 0.6681228 0.06820283
vt 0.5806134 0.0429111
vt 0.5806134 0.04898112
vt 0.5806134 0.06162698
vt 0.5806134 0.067697
vt 0.5806134 0.05555696
vt 0.7480447 0.05151029
vt 0.7480447 0.04594611
vt 0.6787453 0.04544027
vt 0.6787453 0.05100445
vt 0.7480447 0.0575803
vt 0.6787453 0.05707447
vt 0.7480447 0.06314448
vt 0.6782395 0.06263865
vt 0.7480447 0.06870867
vt 0.6782395 0.06870867
vt 0.5907301 0.04493444
vt 0.5907301 0.05100445
vt 0.5907301 0.06213281
vt 0.5907301 0.06820283
vt 0.5907301 0.05656863
vt 0.6362552 0.05151029
vt 0.6362552 0.04645194
vt 0.5042323 0.04645194
vt 0.5042323 0.05151029
vt 0.6362552 0.05656863
vt 0.5042323 0.05656863
vt 0.6362552 0.06162698
vt 0.5042323 0.06162698
vt 0.6362552 0.06668533
vt 0.5042323 0.06617949
vt 0.6994845 0.05049862
vt 0.6994845 0.0444286
vt 0.5831426 0.04392277
vt 0.5826367 0.05049862
vt 0.6994845 0.05707447
vt 0.5826367 0.05656863
vt 0.6994845 0.06365032
vt 0.5831426 0.06314448
vt 0.6994845 0.06972034
vt 0.5826367 0.06972034
vt 0.5037265 0.04392277
vt 0.5037265 0.04999278
vt 0.5032207 0.06314448
vt 0.5032207 0.0692145
vt 0.5032207 0.05656863
vt 0.6989787 0.04999278
vt 0.6989787 0.04341693
vt 0.6231035 0.04341693
vt 0.6231035 0.04948695
vt 0.6989787 0.0560628
vt 0.6231035 0.05555696
vt 0.6989787 0.06213281
vt 0.6231035 0.06162698
vt 0.6989787 0.06820283
vt 0.6231035 0.06820283
vt 0.5866834 0.04341693
vt 0.5866834 0.04948695
vt 0.5866834 0.06213281
vt 0.5866834 0.06820283
vt 0.5866834 0.05555696
vt 0.5462166 0.04341693
vt 0.5462166 0.04948695
vt 0.5462166 0.06162698
vt 0.5462166 0.067697
vt 0.5462166 0.05555696
vt 0.5032207 0.04341693
vt 0.5032207 0.04948695
vt 0.5032207 0.06162698
vt 0.5032207 0.06820283
vt 0.5032207 0.05555696
vt 0.6994845 0.04898112
vt 0.6994845 0.0429111
vt 0.6069168 0.0429111
vt 0.6069168 0.04898112
vt 0.6994845 0.05505113
vt 0.6069168 0.05555696
vt 0.6994845 0.06162698
vt 0.6069168 0.06162698
vt 0.6994845 0.067697
vt 0.6069168 0.067697
vt 0.5032207 0.0429111
vt 0.5032207 0.04898112
vt 0.5037265 0.06162698
vt 0.5032207 0.067697
vt 0.5037265 0.05555696
vt 0.697967 0.05049862
vt 0.697967 0.04392277
vt 0.6256326 0.04392277
vt 0.6256326 0.04999278
vt 0.6984729 0.05656863
vt 0.6256326 0.0560628
vt 0.6989787 0.06263865
vt 0.6256326 0.06213281
vt 0.697967 0.06870867
vt 0.6251268 0.06820283
vt 0.5027148 0.04392277
vt 0.5032207 0.04999278
vt 0.502209 0.06213281
vt 0.5027148 0.06820283
vt 0.5027148 0.0560628
vt 0.6999903 0.04948695
vt 0.6999903 0.0429111
vt 0.5790959 0.04240526
vt 0.5790959 0.04898112
vt 0.6999903 0.0560628
vt 0.5790959 0.05555696
vt 0.6994845 0.06263865
vt 0.5790959 0.06213281
vt 0.6999903 0.0692145
vt 0.5790959 0.06820283
vt 0.5027148 0.04240526
vt 0.502209 0.04898112
vt 0.502209 0.06162698
vt 0.502209 0.06820283
vt 0.502209 0.05505113
vt 0.5027148 0.04999278
vt 0.5027148 0.05555696
vt 0.6392902 0.05555696
vt 0.6392902 0.04999278
vt 0.747033 0.05555696
vt 0.747033 0.04999278
vt 0.5027148 0.05555696
vt 0.5032207 0.06112115
vt 0.6392902 0.06112115
vt 0.6392902 0.05555696
vt 0.747033 0.06112115
vt 0.747033 0.05555696
vt 0.5032207 0.06112115
vt 0.5027148 0.06668533
vt 0.6392902 0.06668533
vt 0.6392902 0.06112115
vt 0.747033 0.06617949
vt 0.747033 0.06112115
vt 0.5027148 0.0444286
vt 0.5027148 0.04999278
vt 0.6392902 0.04999278
vt 0.6392902 0.0444286
vt 0.747033 0.04999278
vt 0.747033 0.0444286
vt 0.5027148 0.05252196
vt 0.5027148 0.05808614
vt 0.618551 0.0575803
vt 0.618551 0.05252196
vt 0.6994845 0.0575803
vt 0.6994845 0.05252196
vt 0.5027148 0.05808614
vt 0.5027148 0.06314448
vt 0.618551 0.06314448
vt 0.618551 0.0575803
vt 0.6994845 0.06314448
vt 0.6994845 0.0575803
vt 0.5027148 0.06314448
vt 0.5027148 0.06870867
vt 0.618551 0.06870867
vt 0.618551 0.06314448
vt 0.6994845 0.06870867
vt 0.6994845 0.06314448
vt 0.5027148 0.04695778
vt 0.5027148 0.05252196
vt 0.618551 0.05252196
vt 0.618551 0.04695778
vt 0.6994845 0.05252196
vt 0.6994845 0.04695778
vt 0.5027148 0.04898112
vt 0.5027148 0.05505113
vt 0.5674617 0.05505113
vt 0.5674617 0.04898112
vt 0.6352435 0.05505113
vt 0.6352435 0.04898112
vt 0.5027148 0.05505113
vt 0.5027148 0.06061531
vt 0.5674617 0.06061531
vt 0.5674617 0.05505113
vt 0.6352435 0.06112115
vt 0.6352435 0.05505113
vt 0.5027148 0.06061531
vt 0.5027148 0.06668533
vt 0.5674617 0.06668533
vt 0.5674617 0.06061531
vt 0.6352435 0.06668533
vt 0.6352435 0.06112115
vt 0.5027148 0.0429111
vt 0.5027148 0.04898112
vt 0.5674617 0.04898112
vt 0.5674617 0.04341693
vt 0.6352435 0.04898112
vt 0.6352435 0.04341693
vt 0.5897184 0.05100445
vt 0.5897184 0.05656863
vt 0.6423252 0.05656863
vt 0.6423252 0.05100445
vt 0.6934145 0.05656863
vt 0.6934145 0.05100445
vt 0.7475388 0.05656863
vt 0.7475388 0.05100445
vt 0.5897184 0.05656863
vt 0.5897184 0.06213281
vt 0.6423252 0.06213281
vt 0.6423252 0.05656863
vt 0.6934145 0.06213281
vt 0.6934145 0.05656863
vt 0.7475388 0.06213281
vt 0.7475388 0.05656863
vt 0.5897184 0.06213281
vt 0.5897184 0.067697
vt 0.6423252 0.067697
vt 0.6423252 0.06213281
vt 0.6934145 0.067697
vt 0.6934145 0.06213281
vt 0.7475388 0.067697
vt 0.7475388 0.06213281
vt 0.5897184 0.04544027
vt 0.5897184 0.05100445
vt 0.6423252 0.05100445
vt 0.6423252 0.04544027
vt 0.6934145 0.05100445
vt 0.6934145 0.04544027
vt 0.7475388 0.05100445
vt 0.7475388 0.04544027
vt 0.5811192 0.05049862
vt 0.5811192 0.0560628
vt 0.639796 0.0560628
vt 0.639796 0.05049862
vt 0.691897 0.0560628
vt 0.691897 0.05049862
vt 0.7465271 0.05656863
vt 0.7465271 0.05100445
vt 0.5811192 0.0560628
vt 0.5811192 0.06162698
vt 0.639796 0.06162698
vt 0.639796 0.0560628
vt 0.691897 0.06162698
vt 0.691897 0.0560628
vt 0.7465271 0.06213281
vt 0.7465271 0.05656863
vt 0.5811192 0.06162698
vt 0.5811192 0.06719116
vt 0.639796 0.06719116
vt 0.639796 0.06162698
vt 0.691897 0.06719116
vt 0.691897 0.06162698
vt 0.7465271 0.067697
vt 0.7465271 0.06213281
vt 0.5811192 0.04493444
vt 0.5811192 0.05049862
vt 0.639796 0.05049862
vt 0.639796 0.04493444
vt 0.691897 0.05049862
vt 0.691897 0.04493444
vt 0.7465271 0.05100445
vt 0.7465271 0.04544027
vt 0.5027148 0.04898112
vt 0.5032207 0.05555696
vt 0.6291735 0.05555696
vt 0.6296793 0.04898112
vt 0.5032207 0.05555696
vt 0.5032207 0.06162698
vt 0.6281618 0.06213281
vt 0.6291735 0.05555696
vt 0.5032207 0.06162698
vt 0.5032207 0.06820283
vt 0.6291735 0.06820283
vt 0.6281618 0.06213281
vt 0.5032207 0.04240526
vt 0.5027148 0.04898112
vt 0.6296793 0.04898112
vt 0.6291735 0.0429111
vt 0.502209 0.04999278
vt 0.5032207 0.0560628
vt 0.6094459 0.0560628
vt 0.6094459 0.04999278
vt 0.6994845 0.0560628
vt 0.6994845 0.04999278
vt 0.5032207 0.0560628
vt 0.5042323 0.06263865
vt 0.6094459 0.06263865
vt 0.6094459 0.0560628
vt 0.6994845 0.06263865
vt 0.6994845 0.0560628
vt 0.5042323 0.06263865
vt 0.5032207 0.06870867
vt 0.6094459 0.06870867
vt 0.6094459 0.06263865
vt 0.6994845 0.06870867
vt 0.6994845 0.06263865
vt 0.5032207 0.04341693
vt 0.502209 0.04999278
vt 0.6094459 0.04999278
vt 0.6094459 0.04341693
vt 0.6994845 0.04999278
vt 0.6994845 0.04341693
vt 0.5027148 0.04999278
vt 0.5027148 0.0560628
vt 0.6124809 0.0560628
vt 0.6124809 0.04999278
vt 0.6994845 0.0560628
vt 0.6994845 0.04999278
vt 0.5027148 0.0560628
vt 0.5027148 0.06213281
vt 0.6124809 0.06213281
vt 0.6124809 0.0560628
vt 0.6994845 0.06213281
vt 0.6994845 0.0560628
vt 0.5027148 0.06213281
vt 0.5027148 0.06870867
vt 0.6124809 0.06820283
vt 0.6124809 0.06213281
vt 0.6994845 0.06820283
vt 0.6994845 0.06213281
vt 0.5027148 0.04341693
vt 0.5027148 0.04999278
vt 0.6124809 0.04999278
vt 0.6124809 0.04341693
vt 0.6994845 0.04999278
vt 0.6994845 0.04341693
vt 0.5027148 0.04999278
vt 0.5027148 0.05555696
vt 0.5613917 0.05555696
vt 0.5613917 0.04999278
vt 0.6231035 0.05555696
vt 0.6231035 0.04999278
vt 0.697967 0.05555696
vt 0.6974612 0.04999278
vt 0.5027148 0.05555696
vt 0.5027148 0.06162698
vt 0.5613917 0.06162698
vt 0.5613917 0.05555696
vt 0.6231035 0.06162698
vt 0.6231035 0.05555696
vt 0.697967 0.06162698
vt 0.697967 0.05555696
vt 0.5027148 0.06162698
vt 0.5027148 0.067697
vt 0.5613917 0.067697
vt 0.5613917 0.06162698
vt 0.6231035 0.067697
vt 0.6231035 0.06162698
vt 0.697967 0.067697
vt 0.697967 0.06162698
vt 0.5027148 0.04392277
vt 0.5027148 0.04999278
vt 0.5613917 0.04999278
vt 0.5613917 0.04392277
vt 0.6231035 0.04999278
vt 0.6231035 0.04392277
vt 0.6974612 0.04999278
vt 0.697967 0.04392277
vt 0.713142 0.04999278
vt 0.713142 0.0560628
vt 0.6443486 0.0560628
vt 0.6443486 0.04999278
vt 0.5745434 0.0560628
vt 0.5745434 0.04999278
vt 0.5032207 0.0560628
vt 0.5032207 0.04999278
vt 0.713142 0.0560628
vt 0.713142 0.06213281
vt 0.6443486 0.06213281
vt 0.6443486 0.0560628
vt 0.5745434 0.06213281
vt 0.5745434 0.0560628
vt 0.5032207 0.06213281
vt 0.5032207 0.0560628
vt 0.713142 0.06213281
vt 0.713142 0.06820283
vt 0.6443486 0.06820283
vt 0.6443486 0.06213281
vt 0.5745434 0.06820283
vt 0.5745434 0.06213281
vt 0.5032207 0.06820283
vt 0.5032207 0.06213281
vt 0.713142 0.0444286
vt 0.713142 0.04999278
vt 0.6443486 0.04999278
vt 0.6443486 0.0444286
vt 0.5745434 0.04999278
vt 0.5745434 0.0444286
vt 0.5032207 0.04999278
vt 0.5032207 0.0444286
vt 0.505244 0.04999278
vt 0.505244 0.0560628
vt 0.5720142 0.0560628
vt 0.5720142 0.04999278
vt 0.6327143 0.0560628
vt 0.6332202 0.04999278
vt 0.505244 0.0560628
vt 0.505244 0.06213281
vt 0.5720142 0.06213281
vt 0.5720142 0.0560628
vt 0.6327143 0.06213281
vt 0.6327143 0.0560628
vt 0.505244 0.06213281
vt 0.505244 0.06820283
vt 0.5720142 0.06820283
vt 0.5720142 0.06213281
vt 0.6327143 0.06820283
vt 0.6327143 0.06213281
vt 0.505244 0.0444286
vt 0.505244 0.04999278
vt 0.5720142 0.04999278
vt 0.5720142 0.0444286
vt 0.6332202 0.04999278
vt 0.6332202 0.0444286
vt 0.6332202 0.04999278
vt 0.6327143 0.0560628
vt 0.6868387 0.0560628
vt 0.6868387 0.04999278
vt 0.747033 0.0560628
vt 0.747033 0.04999278
vt 0.6327143 0.0560628
vt 0.6327143 0.06213281
vt 0.6868387 0.06213281
vt 0.6868387 0.0560628
vt 0.747033 0.06213281
vt 0.747033 0.0560628
vt 0.6327143 0.06213281
vt 0.6327143 0.06820283
vt 0.6868387 0.06820283
vt 0.6868387 0.06213281
vt 0.747033 0.06820283
vt 0.747033 0.06213281
vt 0.6332202 0.0444286
vt 0.6332202 0.04999278
vt 0.6868387 0.04999278
vt 0.6868387 0.0444286
vt 0.747033 0.04999278
vt 0.747033 0.0444286
vt 0.6200685 0.04999278
vt 0.6200685 0.0560628
vt 0.6822861 0.0560628
vt 0.682792 0.04999278
vt 0.7455155 0.05656863
vt 0.7465271 0.05049862
vt 0.6200685 0.0560628
vt 0.6200685 0.06213281
vt 0.6817803 0.06213281
vt 0.6822861 0.0560628
vt 0.7445038 0.06213281
vt 0.7455155 0.05656863
vt 0.6200685 0.06213281
vt 0.6195626 0.06820283
vt 0.6817803 0.06820283
vt 0.6817803 0.06213281
vt 0.7450097 0.06820283
vt 0.7445038 0.06213281
vt 0.6200685 0.0444286
vt 0.6200685 0.04999278
vt 0.682792 0.04999278
vt 0.682792 0.0444286
vt 0.7465271 0.05049862
vt 0.7460213 0.0444286
vt 0.5037265 0.05049862
vt 0.5047382 0.05656863
vt 0.5659442 0.0560628
vt 0.5654383 0.04999278
vt 0.6271502 0.0560628
vt 0.6271502 0.04999278
vt 0.5047382 0.05656863
vt 0.5057498 0.06213281
vt 0.5659442 0.06213281
vt 0.5659442 0.0560628
vt 0.6271502 0.06213281
vt 0.6271502 0.0560628
vt 0.5057498 0.06213281
vt 0.505244 0.06820283
vt 0.5659442 0.06820283
vt 0.5659442 0.06213281
vt 0.6271502 0.06820283
vt 0.6271502 0.06213281
vt 0.5042323 0.0444286
vt 0.5037265 0.05049862
vt 0.5654383 0.04999278
vt 0.5654383 0.0444286
vt 0.6271502 0.04999278
vt 0.6271502 0.0444286
vt 0.627656 0.04999278
vt 0.627656 0.0560628
vt 0.5644267 0.0560628
vt 0.5644267 0.04999278
vt 0.5011973 0.0560628
vt 0.5011973 0.04999278
vt 0.627656 0.0560628
vt 0.627656 0.06213281
vt 0.5644267 0.06213281
vt 0.5644267 0.0560628
vt 0.5011973 0.06213281
vt 0.5011973 0.0560628
vt 0.627656 0.06213281
vt 0.6271502 0.06820283
vt 0.5644267 0.06820283
vt 0.5644267 0.06213281
vt 0.5011973 0.06820283
vt 0.5011973 0.06213281
vt 0.627656 0.0444286
vt 0.627656 0.04999278
vt 0.5644267 0.04999278
vt 0.5644267 0.0444286
vt 0.5011973 0.04999278
vt 0.5011973 0.0444286
vt 0.5017031 0.04999278
vt 0.5017031 0.0560628
vt 0.5639209 0.0560628
vt 0.5639209 0.04999278
vt 0.6291735 0.0560628
vt 0.6291735 0.04999278
vt 0.6903795 0.0560628
vt 0.6903795 0.04999278
vt 0.5017031 0.0560628
vt 0.5017031 0.06213281
vt 0.5639209 0.06213281
vt 0.5639209 0.0560628
vt 0.6291735 0.06213281
vt 0.6291735 0.0560628
vt 0.6903795 0.06213281
vt 0.6903795 0.0560628
vt 0.5017031 0.06213281
vt 0.5017031 0.06820283
vt 0.5639209 0.06820283
vt 0.5639209 0.06213281
vt 0.6291735 0.06820283
vt 0.6291735 0.06213281
vt 0.6903795 0.06820283
vt 0.6903795 0.06213281
vt 0.5017031 0.0444286
vt 0.5017031 0.04999278
vt 0.5639209 0.04999278
vt 0.5639209 0.0444286
vt 0.6291735 0.04999278
vt 0.6291735 0.0444286
vt 0.6903795 0.04999278
vt 0.6903795 0.0444286
vt 0.7212354 0.4597189
vt 0.7212354 0.4946215
vt 0.6792511 0.4946215
vt 0.6792511 0.4597189
vt 0.7212354 0.4597189
vt 0.7212354 0.4946215
vt 0.6792511 0.4946215
vt 0.6792511 0.4597189
vt 0.7212354 0.4597189
vt 0.7212354 0.4946215
vt 0.6792511 0.4946215
vt 0.6792511 0.4597189
vt 0.7212354 0.4597189
vt 0.7212354 0.4946215
vt 0.6792511 0.4946215
vt 0.6792511 0.4597189
vt 0.7212354 0.4597189
vt 0.7212354 0.4946215
vt 0.6792511 0.4946215
vt 0.6792511 0.4597189
vt 0.7212354 0.4597189
vt 0.7212354 0.4946215
vt 0.6792511 0.4946215
vt 0.6792511 0.4597189
vt 0.7212354 0.4597189
vt 0.7212354 0.4946215
vt 0.6792511 0.4946215
vt 0.6792511 0.4597189
vt 0.7212354 0.4597189
vt 0.7212354 0.4946215
vt 0.6792511 0.4946215
vt 0.6792511 0.4597189
vt 0.7212354 0.4597189
vt 0.7212354 0.4946215
vt 0.6792511 0.4946215
vt 0.6792511 0.4597189
vt 0.7212354 0.4597189
vt 0.7212354 0.4946215
vt 0.6792511 0.4946215
vt 0.6792511 0.4597189
vt 0.7212354 0.4597189
vt 0.7212354 0.4946215
vt 0.6792511 0.4946215
vt 0.6792511 0.4597189
vt 0.7212354 0.4597189
vt 0.7212354 0.4946215
vt 0.6792511 0.4946215
vt 0.6792511 0.4597189
vt 0.7212354 0.4597189
vt 0.7212354 0.4946215
vt 0.6792511 0.4946215
vt 0.6792511 0.4597189
vt 0.9994445 0.09349456
vt 0.9994445 0.04695778
vt 0.9524019 0.04695778
vt 0.9524019 0.09349456
vt 0.9994445 0.09349456
vt 0.9994445 0.09349456
vt 0.9994445 0.04695778
vt 0.9994445 0.04695778
vt 0.6984729 0.2791359
vt 0.7151654 0.2796417
vt 0.7116246 0.1976965
vt 0.694932 0.1971907
vt 0.697967 0.2781242
vt 0.710107 0.2781242
vt 0.710107 0.202249
vt 0.697967 0.202249
vt 0.7025195 0.2761009
vt 0.7192121 0.275595
vt 0.7176946 0.193144
vt 0.701002 0.1936498
vt 0.4612364 0.02672439
vt 0.4612364 0.05555696
vt 0.02065437 0.05555696
vt 0.02065437 0.02672439
vt 0.6256326 0.499174
vt 0.5608858 0.499174
vt 0.5608858 0.4915864
vt 0.6256326 0.4915864
vt 0.5608858 0.4850106
vt 0.6256326 0.4850106
vt 0.5608858 0.4759056
vt 0.6256326 0.4759056
vt 0.5608858 0.4693297
vt 0.6256326 0.4693297
vt 0.6256326 0.4607305
vt 0.5608858 0.4607305
vt 0.6256326 0.4546605
vt 0.5608858 0.4546605
vt 0.6256326 0.4445438
vt 0.5608858 0.4445438
vt 0.6256326 0.437968
vt 0.5608858 0.437968
vt 0.5608858 0.428863
vt 0.6256326 0.428863
vt 0.5608858 0.4212754
vt 0.6256326 0.4212754
vt 0.5608858 0.4126762
vt 0.6256326 0.4126762
vt 0.6256326 0.4071121
vt 0.5608858 0.4071121
vt 0.6256326 0.3969954
vt 0.5608858 0.3969954
vt 0.6256326 0.3909253
vt 0.5608858 0.3909253
vt 0.6256326 0.3818203
vt 0.5608858 0.3818203
vt 0.6256326 0.3762561
vt 0.56038 0.3762561
vt 0.6256326 0.499174
vt 0.5608858 0.499174
vt 0.5608858 0.4920923
vt 0.6256326 0.4920923
vt 0.5608858 0.4845048
vt 0.6256326 0.4845048
vt 0.5608858 0.4759056
vt 0.6256326 0.4759056
vt 0.5608858 0.4693297
vt 0.6256326 0.4693297
vt 0.6256326 0.4607305
vt 0.5608858 0.4607305
vt 0.6256326 0.4546605
vt 0.5608858 0.4546605
vt 0.6256326 0.4445438
vt 0.5608858 0.4445438
vt 0.6256326 0.437968
vt 0.5608858 0.437968
vt 0.5608858 0.4293688
vt 0.6256326 0.4293688
vt 0.5608858 0.4207696
vt 0.6256326 0.4207696
vt 0.5608858 0.4126762
vt 0.6256326 0.4126762
vt 0.6256326 0.4066062
vt 0.5608858 0.4066062
vt 0.6256326 0.3969954
vt 0.5608858 0.3969954
vt 0.6256326 0.3909253
vt 0.5608858 0.3909253
vt 0.6256326 0.3818203
vt 0.5608858 0.3818203
vt 0.6256326 0.3762561
vt 0.56038 0.3762561
vt 0.6256326 0.499174
vt 0.5608858 0.499174
vt 0.5608858 0.4920923
vt 0.6256326 0.4920923
vt 0.5608858 0.4850106
vt 0.6256326 0.4850106
vt 0.5608858 0.4759056
vt 0.6256326 0.4759056
vt 0.6256326 0.4698355
vt 0.5608858 0.4698355
vt 0.6256326 0.4607305
vt 0.5608858 0.4607305
vt 0.5608858 0.4536488
vt 0.6256326 0.4536488
vt 0.6256326 0.4455555
vt 0.5608858 0.4455555
vt 0.6256326 0.437968
vt 0.5608858 0.437968
vt 0.5608858 0.428863
vt 0.6256326 0.428863
vt 0.5608858 0.4217813
vt 0.6256326 0.4217813
vt 0.5608858 0.4126762
vt 0.6256326 0.4126762
vt 0.5608858 0.4066062
vt 0.6256326 0.4066062
vt 0.6256326 0.398007
vt 0.5608858 0.398007
vt 0.6256326 0.3914312
vt 0.5608858 0.3914312
vt 0.6256326 0.3818203
vt 0.5608858 0.3818203
vt 0.6256326 0.3762561
vt 0.56038 0.3762561
vt 0.04493444 0.05555696
vt 0.005479334 0.05555696
vt 0.005479334 0.02672439
vt 0.04493444 0.02672439
vt 0.04544027 0.747033
vt 0.04544027 1.010573
vt 0.125868 1.010573
vt 0.125868 0.747033
vt 0.125868 1.010573
vt 0.01104352 0.9144642
vt 0.000926822 0.8036864
vt 0.125868 0.747033
vt 0.007502672 1.010573
vt 0.006491004 0.747033
vt 0.1203038 1.010573
vt 0.1208096 0.9104176
vt 0.06415615 0.9109234
vt 0.1804981 0.9104176
vt 0.04240526 0.9139584
vt 0.04645194 0.8031806
vt 0.06415615 0.8046981
vt 0.004467664 1.010573
vt 0.004467664 0.9129468
vt 0.1208096 0.747033
vt 0.1203038 0.7976164
vt 0.004973499 0.747033
vt 0.004467664 0.7981223
vt 0.2037665 0.9154759
vt 0.199214 0.8031806
vt 0.1825215 0.8057098
vt 0.1208096 0.747033
vt 0.1203038 0.7976164
vt 0.2477741 0.747033
vt 0.2462566 0.7986281
vt 0.2467625 1.010573
vt 0.2472683 0.9144642
vt 0.1890973 0.9139584
vt 0.05403946 1.010573
vt 0.05403946 0.747033
vt 0.1941557 0.802169
vt 0.1911207 1.010573
vt 0.1911207 0.747033
vt 0.05403946 0.747033
vt 0.05403946 1.010573
vt 0.1425605 1.010573
vt 0.1425605 0.747033
vt 0.2189416 1.010573
vt 0.2189416 0.747033
vt 0.2189416 0.747033
vt 0.2189416 1.010573
vt 0.03481774 1.010573
vt 0.03481774 0.747033
vt 0.03481774 0.747033
vt 0.03481774 1.010573
vt 0.1764514 1.010573
vt 0.1764514 0.747033
vt 0.1036113 0.747033
vt 0.1036113 1.010573
vt 0.01104352 1.010573
vt 0.01104352 0.747033
vt 0.01104352 0.747033
vt 0.01104352 1.010573
vt 0.181004 1.010573
vt 0.181004 0.747033
vt 0.181004 0.747033
vt 0.181004 1.010573
vt 0.01610186 1.010573
vt 0.01610186 0.747033
vt 0.1557122 0.747033
vt 0.1557122 1.010573
vt 0.02672439 1.010573
vt 0.02672439 0.747033
vt 0.02672439 0.747033
vt 0.02672439 1.010573
vt 0.1632998 1.010573
vt 0.1632998 0.747033
vt 0.1632998 0.747033
vt 0.1632998 1.010573
vt 0.02419522 1.010573
vt 0.02419522 0.747033
vt 0.09652957 0.747033
vt 0.09652957 1.010573
vt 0.007502672 1.010573
vt 0.007502672 0.747033
vt 0.007502672 0.747033
vt 0.007502672 1.010573
vt 0.1784748 1.010573
vt 0.1784748 0.747033
vt 0.1784748 0.747033
vt 0.1784748 1.010573
vt 0.1066463 1.010573
vt 0.1066463 0.747033
vt 0.1066463 0.747033
vt 0.1066463 1.010573
vt 0.1764514 1.010573
vt 0.1764514 0.747033
vt 0.1764514 0.747033
vt 0.1764514 1.010573
vt 0.03684108 1.010573
vt 0.03684108 0.747033
vt 0.001938491 0.747033
vt 0.001938491 1.010573
vt 0.2194474 1.010573
vt 0.2194474 0.747033
vt 0.2194474 0.747033
vt 0.2194474 1.010573
vt 0.1344672 1.010573
vt 0.1344672 0.747033
vt 0.04544027 1.010573
vt 0.04544027 0.747033
vt 0.6691344 0.3818203
vt 0.6468777 0.3818203
vt 0.6468777 0.1638056
vt 0.6691344 0.1638056
vt 0.6468777 0.3818203
vt 0.6691344 0.3818203
vt 0.6691344 0.1638056
vt 0.6468777 0.1638056
vt 0.1855565 0.9852811
vt 0.06870867 0.9852811
vt 0.001938491 1.010573
vt 0.251315 1.01209
vt 0.001938491 0.9852811
vt 0.251315 0.9852811
vt 0.07882536 0.7596788
vt 0.2062957 0.7596788
vt 0.2062957 0.7485505
vt 0.07882536 0.7485505
vt 0.07882536 0.5011973
vt 0.2062957 0.5011973
vt 0.2062957 0.5011973
vt 0.07882536 0.5011973
vt 0.07882536 0.7485505
vt 0.2062957 0.7485505
vt 0.2062957 0.7596788
vt 0.07882536 0.7596788
vt 0.03734692 0.7460213
vt 0.2199532 0.7460213
vt 0.2199532 0.5047382
vt 0.03734692 0.5047382
vt 0.01256102 1.010573
vt 0.01256102 0.7647372
vt 0.1643114 0.7647372
vt 0.1643114 1.010573
vt 0.1683581 1.010573
vt 0.01256102 1.010573
vt 0.01256102 0.7647372
vt 0.1683581 0.7647372
vt 0.08843622 1.010573
vt 0.08843622 0.9852811
vt 0.1643114 1.010573
vt 0.1643114 0.7647372
vt 0.08843622 0.7647372
vt 0.01256102 1.010573
vt 0.01256102 0.7647372
vt 0.1643114 0.7647372
vt 0.1643114 1.010573
vt 0.1643114 1.010573
vt 0.01256102 1.010573
vt 0.01256102 0.7647372
vt 0.1643114 0.7647372
vt 0.1643114 1.010573
vt 0.000926822 1.010573
vt 0.000926822 0.7647372
vt 0.1643114 0.7647372
vt 0.01256102 1.010573
vt 0.01256102 0.7647372
vt 0.1643114 0.7647372
vt 0.1643114 1.010573
vt 0.01256102 1.010573
vt 0.01256102 0.7647372
vt 0.1643114 0.7647372
vt 0.1643114 1.010573
vt 0.1643114 1.010573
vt 0.01256102 1.010573
vt 0.01256102 0.7647372
vt 0.1643114 0.7647372
vt 0.6691344 0.1638056
vt 0.6691344 0.3813145
vt 0.6468777 0.3813145
vt 0.6468777 0.1638056
vt 0.6468777 0.3878903
vt 0.6468777 0.1638056
vt 0.6691344 0.1638056
vt 0.6691344 0.3878903
vt 0.6468777 0.3818203
vt 0.6468777 0.1638056
vt 0.6691344 0.1638056
vt 0.6691344 0.3818203
vt 0.6691344 0.1638056
vt 0.6691344 0.3823262
vt 0.6468777 0.3823262
vt 0.6468777 0.1638056
vt 0.6691344 0.1638056
vt 0.6691344 0.3818203
vt 0.6468777 0.3818203
vt 0.6468777 0.1638056
vt 0.6691344 0.1627939
vt 0.6691344 0.3823262
vt 0.6468777 0.3823262
vt 0.6468777 0.1627939
vt 0.6691344 0.1638056
vt 0.6691344 0.3818203
vt 0.6468777 0.3818203
vt 0.6468777 0.1638056
vt 0.6691344 0.1638056
vt 0.6691344 0.3818203
vt 0.6468777 0.3818203
vt 0.6468777 0.1638056
vt 0.6691344 0.1638056
vt 0.6691344 0.382832
vt 0.6468777 0.382832
vt 0.6468777 0.1638056
vt 0.08843622 0.9852811
vt 0.08843622 1.010573
vt 0.01256102 1.010573
vt 0.01256102 0.7647372
vt 0.08843622 0.7647372
vt 0.6468777 0.3818203
vt 0.6468777 0.1638056
vt 0.6691344 0.1638056
vt 0.6691344 0.3818203
vt 0.00396183 0.7490563
vt 0.00396183 0.502209
vt 0.06415615 0.5522866
vt 0.06516782 0.7490563
vt 0.06415615 0.502209
vt 0.1739223 0.5027148
vt 0.1739223 0.5522866
vt 0.2462566 0.502209
vt 0.2462566 0.7490563
vt 0.1749339 0.7490563
vt 0.6691344 0.1638056
vt 0.6468777 0.1638056
vt 0.6468777 0.3823262
vt 0.6691344 0.3823262
vt 0.645866 0.3823262
vt 0.6686286 0.3823262
vt 0.6686286 0.1632998
vt 0.645866 0.1632998
vt 0.667617 0.3823262
vt 0.6473836 0.3823262
vt 0.6473836 0.1632998
vt 0.667617 0.1632998
vt 0.6478894 0.3823262
vt 0.6691344 0.3823262
vt 0.6691344 0.1622881
vt 0.6478894 0.1622881
vt 0.6438427 0.3823262
vt 0.6686286 0.3823262
vt 0.6686286 0.1622881
vt 0.6438427 0.1622881
vt 0.6468777 0.1658289
vt 0.630691 0.1658289
vt 0.630691 0.3863728
vt 0.6438427 0.3863728
vt 0.6468777 0.1627939
vt 0.630691 0.1627939
vt 0.630691 0.3823262
vt 0.6468777 0.3823262
vt 0.6453602 0.3823262
vt 0.6696403 0.3823262
vt 0.6696403 0.1622881
vt 0.6453602 0.1622881
vt 0.6463719 0.3823262
vt 0.6686286 0.3823262
vt 0.6686286 0.1627939
vt 0.6463719 0.1627939
vt 0.6438427 0.3853612
vt 0.6681228 0.3853612
vt 0.6681228 0.1643114
vt 0.6438427 0.1643114
vt 0.6473836 0.379797
vt 0.6701461 0.379797
vt 0.6701461 0.1617822
vt 0.6473836 0.1617822
vt 0.6686286 0.1632998
vt 0.645866 0.1632998
vt 0.645866 0.3823262
vt 0.6686286 0.3823262
vt 0.4612364 0.02672439
vt 0.3803028 0.02672439
vt 0.3803028 0.000926822
vt 0.4612364 0.000926822
vt 0.4612364 0.02672439
vt 0.3803028 0.02672439
vt 0.3803028 0.05555696
vt 0.4612364 0.05555696
vt 0.4612364 0.02672439
vt 0.4612364 0.000926822
vt 0.3803028 0.000926822
vt 0.3803028 0.02672439
vt 0.6792511 0.4597189
vt 0.6792511 0.4597189
vt 0.6792511 0.4951273
vt 0.6792511 0.4951273
vt 0.6792511 0.4951273
vt 0.6792511 0.4951273
vt 0.7212354 0.4951273
vt 0.7212354 0.4951273
vt 0.7212354 0.4951273
vt 0.7212354 0.4951273
vt 0.7212354 0.4597189
vt 0.7212354 0.4597189
vt 0.7212354 0.4597189
vt 0.7212354 0.4597189
vt 0.6792511 0.4597189
vt 0.6792511 0.4597189
vt 0.6792511 0.4597189
vt 0.6792511 0.4597189
vt 0.6792511 0.4951273
vt 0.6792511 0.4951273
vt 0.6792511 0.4951273
vt 0.6792511 0.4951273
vt 0.7212354 0.4951273
vt 0.7212354 0.4951273
vt 0.7212354 0.4951273
vt 0.7212354 0.4951273
vt 0.7212354 0.4597189
vt 0.7212354 0.4597189
vt 0.7212354 0.4597189
vt 0.7212354 0.4597189
vt 0.6792511 0.4597189
vt 0.6792511 0.4597189
vt 0.6792511 0.4597189
vt 0.6792511 0.4597189
vt 0.6792511 0.4951273
vt 0.6792511 0.4951273
vt 0.6792511 0.4951273
vt 0.6792511 0.4951273
vt 0.7212354 0.4951273
vt 0.7212354 0.4951273
vt 0.7212354 0.4951273
vt 0.7212354 0.4951273
vt 0.7212354 0.4597189
vt 0.7212354 0.4597189
vt 0.7212354 0.4597189
vt 0.7212354 0.4597189
vt 0.6792511 0.4597189
vt 0.6792511 0.4597189
vt 0.6792511 0.4597189
vt 0.6792511 0.4597189
vt 0.6792511 0.4951273
vt 0.6792511 0.4951273
vt 0.6792511 0.4951273
vt 0.6792511 0.4951273
vt 0.7212354 0.4951273
vt 0.7212354 0.4951273
vt 0.7212354 0.4951273
vt 0.7212354 0.4951273
vt 0.7212354 0.4597189
vt 0.7212354 0.4597189
vt 0.7212354 0.4597189
vt 0.7212354 0.4597189
vt 0.6792511 0.4597189
vt 0.6792511 0.4597189
vt 0.6792511 0.4597189
vt 0.6792511 0.4597189
vt 0.6792511 0.4951273
vt 0.6792511 0.4951273
vt 0.6792511 0.4951273
vt 0.6792511 0.4951273
vt 0.7212354 0.4951273
vt 0.7212354 0.4951273
vt 0.7212354 0.4951273
vt 0.7212354 0.4951273
vt 0.7212354 0.4597189
vt 0.7212354 0.4597189
vt 0.7212354 0.4597189
vt 0.7212354 0.4597189
vt 0.6792511 0.4597189
vt 0.6792511 0.4597189
vt 0.6792511 0.4597189
vt 0.6792511 0.4597189
vt 0.6792511 0.4951273
vt 0.6792511 0.4951273
vt 0.6792511 0.4951273
vt 0.6792511 0.4951273
vt 0.7212354 0.4951273
vt 0.7212354 0.4951273
vt 0.7212354 0.4951273
vt 0.7212354 0.4951273
vt 0.7212354 0.4597189
vt 0.7212354 0.4597189
vt 0.7212354 0.4597189
vt 0.7212354 0.4597189
vt 0.6792511 0.4597189
vt 0.6792511 0.4597189
vt 0.6792511 0.4597189
vt 0.6792511 0.4597189
vt 0.6792511 0.4951273
vt 0.6792511 0.4951273
vt 0.6792511 0.4951273
vt 0.6792511 0.4951273
vt 0.7212354 0.4951273
vt 0.7212354 0.4951273
vt 0.7212354 0.4951273
vt 0.7212354 0.4951273
vt 0.7212354 0.4597189
vt 0.7212354 0.4597189
vt 0.7212354 0.4597189
vt 0.7212354 0.4597189
vt 0.6792511 0.4597189
vt 0.6792511 0.4597189
vt 0.6792511 0.4597189
vt 0.6792511 0.4597189
vt 0.6792511 0.4951273
vt 0.6792511 0.4951273
vt 0.6792511 0.4951273
vt 0.6792511 0.4951273
vt 0.7212354 0.4951273
vt 0.7212354 0.4951273
vt 0.7212354 0.4951273
vt 0.7212354 0.4951273
vt 0.7212354 0.4597189
vt 0.7212354 0.4597189
vt 0.7212354 0.4597189
vt 0.7212354 0.4597189
vt 0.6792511 0.4597189
vt 0.6792511 0.4597189
vt 0.6792511 0.4597189
vt 0.6792511 0.4597189
vt 0.6792511 0.4951273
vt 0.6792511 0.4951273
vt 0.6792511 0.4951273
vt 0.6792511 0.4951273
vt 0.7212354 0.4951273
vt 0.7212354 0.4951273
vt 0.7212354 0.4951273
vt 0.7212354 0.4951273
vt 0.7212354 0.4597189
vt 0.7212354 0.4597189
vt 0.7212354 0.4597189
vt 0.7212354 0.4597189
vt 0.6792511 0.4597189
vt 0.6792511 0.4597189
vt 0.6792511 0.4597189
vt 0.6792511 0.4597189
vt 0.6792511 0.4951273
vt 0.6792511 0.4951273
vt 0.6792511 0.4951273
vt 0.6792511 0.4951273
vt 0.7212354 0.4951273
vt 0.7212354 0.4951273
vt 0.7212354 0.4951273
vt 0.7212354 0.4951273
vt 0.7212354 0.4597189
vt 0.7212354 0.4597189
vt 0.7212354 0.4597189
vt 0.7212354 0.4597189
vt 0.6792511 0.4597189
vt 0.6792511 0.4597189
vt 0.6792511 0.4597189
vt 0.6792511 0.4597189
vt 0.6792511 0.4951273
vt 0.6792511 0.4951273
vt 0.6792511 0.4951273
vt 0.6792511 0.4951273
vt 0.7212354 0.4951273
vt 0.7212354 0.4951273
vt 0.7212354 0.4951273
vt 0.7212354 0.4951273
vt 0.7212354 0.4597189
vt 0.7212354 0.4597189
vt 0.7212354 0.4597189
vt 0.7212354 0.4597189
vt 0.6792511 0.4597189
vt 0.6792511 0.4597189
vt 0.6792511 0.4597189
vt 0.6792511 0.4597189
vt 0.6792511 0.4951273
vt 0.6792511 0.4951273
vt 0.6792511 0.4951273
vt 0.6792511 0.4951273
vt 0.7212354 0.4951273
vt 0.7212354 0.4951273
vt 0.7212354 0.4951273
vt 0.7212354 0.4951273
vt 0.7212354 0.4597189
vt 0.7212354 0.4597189
vt 0.7212354 0.4597189
vt 0.7212354 0.4597189
vt 0.6792511 0.4597189
vt 0.6792511 0.4597189
vt 0.6792511 0.4597189
vt 0.6792511 0.4597189
vt 0.6792511 0.4951273
vt 0.6792511 0.4951273
vt 0.6792511 0.4951273
vt 0.6792511 0.4951273
vt 0.7212354 0.4951273
vt 0.7212354 0.4951273
vt 0.7212354 0.4951273
vt 0.7212354 0.4951273
vt 0.7212354 0.4597189
vt 0.7212354 0.4597189
vt 0.7212354 0.4597189
vt 0.7212354 0.4597189
vt 0.6792511 0.4597189
vt 0.6792511 0.4597189
vt 0.7212354 0.4597189
vt 0.7212354 0.4597189
vt 0.6792511 0.4597189
vt 0.6792511 0.4597189
vt 0.6792511 0.4597189
vt 0.6792511 0.4597189
vt 0.6792511 0.4946215
vt 0.6792511 0.4946215
vt 0.6792511 0.4946215
vt 0.6792511 0.4946215
vt 0.7212354 0.4946215
vt 0.7212354 0.4946215
vt 0.7212354 0.4946215
vt 0.7212354 0.4946215
vt 0.7212354 0.4597189
vt 0.7212354 0.4597189
vt 0.7212354 0.4597189
vt 0.7212354 0.4597189
vt 0.6792511 0.4597189
vt 0.6792511 0.4597189
vt 0.6792511 0.4597189
vt 0.6792511 0.4597189
vt 0.6792511 0.4946215
vt 0.6792511 0.4946215
vt 0.6792511 0.4946215
vt 0.6792511 0.4946215
vt 0.7212354 0.4946215
vt 0.7212354 0.4946215
vt 0.7212354 0.4946215
vt 0.7212354 0.4946215
vt 0.7212354 0.4597189
vt 0.7212354 0.4597189
vt 0.7212354 0.4597189
vt 0.7212354 0.4597189
vt 0.6792511 0.4597189
vt 0.6792511 0.4597189
vt 0.6792511 0.4597189
vt 0.6792511 0.4597189
vt 0.6792511 0.4946215
vt 0.6792511 0.4946215
vt 0.6792511 0.4946215
vt 0.6792511 0.4946215
vt 0.7212354 0.4946215
vt 0.7212354 0.4946215
vt 0.7212354 0.4946215
vt 0.7212354 0.4946215
vt 0.7212354 0.4597189
vt 0.7212354 0.4597189
vt 0.7212354 0.4597189
vt 0.7212354 0.4597189
vt 0.6792511 0.4597189
vt 0.6792511 0.4597189
vt 0.6792511 0.4597189
vt 0.6792511 0.4597189
vt 0.6792511 0.4946215
vt 0.6792511 0.4946215
vt 0.6792511 0.4946215
vt 0.6792511 0.4946215
vt 0.7212354 0.4946215
vt 0.7212354 0.4946215
vt 0.7212354 0.4946215
vt 0.7212354 0.4946215
vt 0.7212354 0.4597189
vt 0.7212354 0.4597189
vt 0.7212354 0.4597189
vt 0.7212354 0.4597189
vt 0.6792511 0.4597189
vt 0.6792511 0.4597189
vt 0.6792511 0.4597189
vt 0.6792511 0.4597189
vt 0.6792511 0.4946215
vt 0.6792511 0.4946215
vt 0.6792511 0.4946215
vt 0.6792511 0.4946215
vt 0.7212354 0.4946215
vt 0.7212354 0.4946215
vt 0.7212354 0.4946215
vt 0.7212354 0.4946215
vt 0.7212354 0.4597189
vt 0.7212354 0.4597189
vt 0.7212354 0.4597189
vt 0.7212354 0.4597189
vt 0.6792511 0.4597189
vt 0.6792511 0.4597189
vt 0.6792511 0.4597189
vt 0.6792511 0.4597189
vt 0.6792511 0.4946215
vt 0.6792511 0.4946215
vt 0.6792511 0.4946215
vt 0.6792511 0.4946215
vt 0.7212354 0.4946215
vt 0.7212354 0.4946215
vt 0.7212354 0.4946215
vt 0.7212354 0.4946215
vt 0.7212354 0.4597189
vt 0.7212354 0.4597189
vt 0.7212354 0.4597189
vt 0.7212354 0.4597189
vt 0.6792511 0.4597189
vt 0.6792511 0.4597189
vt 0.6792511 0.4597189
vt 0.6792511 0.4597189
vt 0.6792511 0.4946215
vt 0.6792511 0.4946215
vt 0.6792511 0.4946215
vt 0.6792511 0.4946215
vt 0.7212354 0.4946215
vt 0.7212354 0.4946215
vt 0.7212354 0.4946215
vt 0.7212354 0.4946215
vt 0.7212354 0.4597189
vt 0.7212354 0.4597189
vt 0.7212354 0.4597189
vt 0.7212354 0.4597189
vt 0.6792511 0.4597189
vt 0.6792511 0.4597189
vt 0.6792511 0.4597189
vt 0.6792511 0.4597189
vt 0.6792511 0.4946215
vt 0.6792511 0.4946215
vt 0.6792511 0.4946215
vt 0.6792511 0.4946215
vt 0.7212354 0.4946215
vt 0.7212354 0.4946215
vt 0.7212354 0.4946215
vt 0.7212354 0.4946215
vt 0.7212354 0.4597189
vt 0.7212354 0.4597189
vt 0.7212354 0.4597189
vt 0.7212354 0.4597189
vt 0.6792511 0.4597189
vt 0.6792511 0.4597189
vt 0.6792511 0.4597189
vt 0.6792511 0.4597189
vt 0.6792511 0.4946215
vt 0.6792511 0.4946215
vt 0.6792511 0.4946215
vt 0.6792511 0.4946215
vt 0.7212354 0.4946215
vt 0.7212354 0.4946215
vt 0.7212354 0.4946215
vt 0.7212354 0.4946215
vt 0.7212354 0.4597189
vt 0.7212354 0.4597189
vt 0.7212354 0.4597189
vt 0.7212354 0.4597189
vt 0.6792511 0.4597189
vt 0.6792511 0.4597189
vt 0.6792511 0.4597189
vt 0.6792511 0.4597189
vt 0.6792511 0.4946215
vt 0.6792511 0.4946215
vt 0.6792511 0.4946215
vt 0.6792511 0.4946215
vt 0.7212354 0.4946215
vt 0.7212354 0.4946215
vt 0.7212354 0.4946215
vt 0.7212354 0.4946215
vt 0.7212354 0.4597189
vt 0.7212354 0.4597189
vt 0.7212354 0.4597189
vt 0.7212354 0.4597189
vt 0.6792511 0.4597189
vt 0.6792511 0.4597189
vt 0.6792511 0.4597189
vt 0.6792511 0.4597189
vt 0.6792511 0.4946215
vt 0.6792511 0.4946215
vt 0.6792511 0.4946215
vt 0.6792511 0.4946215
vt 0.7212354 0.4946215
vt 0.7212354 0.4946215
vt 0.7212354 0.4946215
vt 0.7212354 0.4946215
vt 0.7212354 0.4597189
vt 0.7212354 0.4597189
vt 0.7212354 0.4597189
vt 0.7212354 0.4597189
vt 0.6792511 0.4597189
vt 0.6792511 0.4597189
vt 0.6792511 0.4597189
vt 0.6792511 0.4597189
vt 0.6792511 0.4946215
vt 0.6792511 0.4946215
vt 0.6792511 0.4946215
vt 0.6792511 0.4946215
vt 0.7212354 0.4946215
vt 0.7212354 0.4946215
vt 0.7212354 0.4946215
vt 0.7212354 0.4946215
vt 0.7212354 0.4597189
vt 0.7212354 0.4597189
vt 0.7212354 0.4597189
vt 0.7212354 0.4597189
vt 0.6792511 0.4597189
vt 0.6792511 0.4597189
vt 0.6792511 0.4597189
vt 0.6792511 0.4597189
vt 0.6792511 0.4946215
vt 0.6792511 0.4946215
vt 0.6792511 0.4946215
vt 0.6792511 0.4946215
vt 0.7212354 0.4946215
vt 0.7212354 0.4946215
vt 0.7212354 0.4946215
vt 0.7212354 0.4946215
vt 0.7212354 0.4597189
vt 0.7212354 0.4597189
vn 0.003921568 0.003921509 -0.9999846
vn 0.003921568 0.003921509 -0.9999846
vn 0.003921568 0.003921509 -0.9999846
vn 0.003921568 0.003921509 -0.9999846
vn -0.003921509 0.003921509 -0.9999846
vn -0.003921509 0.003921509 -0.9999846
vn -0.003921509 0.003921509 -0.9999846
vn -0.003921509 0.003921509 -0.9999846
vn -0.003921509 0.003921509 0.9999846
vn -0.003921509 0.003921509 0.9999846
vn 0.05098003 0.003921509 0.998692
vn 0.05098003 0.003921509 0.998692
vn -0.003921509 -0.003921568 0.9999846
vn 0.05098003 -0.003921568 0.998692
vn 0.1999985 0.003921509 0.9797884
vn 0.3254877 -0.003921568 0.9455382
vn 0.3254877 -0.003921568 0.9455382
vn 0.1999985 0.003921509 0.9797884
vn 0.3254877 0.003921509 0.9455382
vn 0.1999985 0.003921509 0.9797884
vn 0.05098003 0.003921509 0.998692
vn 0.05098003 0.003921509 0.998692
vn 0.05098003 -0.003921568 0.998692
vn 0.6705831 -0.003921568 0.741824
vn 0.756857 -0.003921568 0.6535688
vn 0.756857 -0.003921568 0.6535688
vn 0.6705831 -0.003921568 0.741824
vn 0.756857 -0.003921568 0.6535688
vn 0.6705831 -0.003921568 0.741824
vn 0.4666631 -0.003921568 0.8844265
vn 0.4666631 -0.003921568 0.8844265
vn 0.3254877 -0.003921568 0.9455382
vn 0.3254877 -0.003921568 0.9455382
vn 0.4666631 -0.003921568 0.8844265
vn 0.3254877 0.003921509 0.9455382
vn 0.9215616 -0.003921568 0.3882124
vn 0.9686201 -0.003921568 0.2485151
vn 0.9686201 -0.003921568 0.2485151
vn 0.9215616 -0.003921568 0.3882124
vn 0.9686201 -0.003921568 0.2485151
vn 0.9215616 -0.003921568 0.3882124
vn 0.8352877 -0.003921568 0.549799
vn 0.8352877 -0.003921568 0.549799
vn 0.756857 -0.003921568 0.6535688
vn 0.756857 -0.003921568 0.6535688
vn 0.8352877 -0.003921568 0.549799
vn 0.756857 -0.003921568 0.6535688
vn 0.9686201 -0.003921568 0.2485151
vn 0.9686201 -0.003921568 0.2485151
vn 0.9843062 -0.003921568 0.1764254
vn 0.9843062 -0.003921568 0.1764254
vn 0.9686201 -0.003921568 0.2485151
vn 0.9843062 -0.003921568 0.1764254
vn 0.003921568 0.003921509 -0.9999846
vn -0.003921509 0.003921509 -0.9999846
vn -0.003921509 0.003921509 -0.9999846
vn 0.003921568 0.003921509 -0.9999846
vn -0.09803843 -0.003921568 0.9951749
vn -0.09803843 -0.003921568 0.9951749
vn -0.09803843 -0.003921568 0.9951749
vn -0.09803843 -0.003921568 0.9951749
vn 0.9999924 0.003921509 0
vn 0.9999924 0.003921509 0
vn 0.9999924 0.003921509 0
vn 0.9999924 0.003921509 0
vn 0.09803849 -0.003921568 -0.9951749
vn 0.09803849 -0.003921568 -0.9951749
vn 0.09803849 -0.003921568 -0.9951749
vn 0.09803849 -0.003921568 -0.9951749
vn -0.9921492 -0.003921568 -0.1249981
vn -0.9921492 -0.003921568 -0.1249981
vn -0.9921492 -0.003921568 -0.1249981
vn -0.9921492 -0.003921568 -0.1249981
vn 0.003921568 0.9999923 -0.000345267
vn 0.003921568 0.9999923 -0.000345267
vn 0.003921568 0.9999923 -0.000345267
vn 0.003921568 0.9999923 -0.000345267
vn 0.15294 -0.003921568 0.9882277
vn 0.15294 -0.003921568 0.9882277
vn 0.15294 -0.003921568 0.9882277
vn 0.15294 -0.003921568 0.9882277
vn 0.9843062 0.003921509 -0.1764254
vn 0.9843062 0.003921509 -0.1764254
vn 0.9843062 0.003921509 -0.1764254
vn 0.9843062 0.003921509 -0.1764254
vn -0.1529399 -0.003921568 -0.9882277
vn -0.1529399 -0.003921568 -0.9882277
vn -0.1529399 -0.003921568 -0.9882277
vn -0.1529399 -0.003921568 -0.9882277
vn -0.9843061 -0.003921568 0.176426
vn -0.9843061 -0.003921568 0.176426
vn -0.9843061 -0.003921568 0.176426
vn -0.9843061 -0.003921568 0.176426
vn -0.003921509 0.9999923 -0.000345267
vn -0.003921509 0.9999923 -0.000345267
vn -0.003921509 0.9999923 -0.000345267
vn -0.003921509 0.9999923 -0.000345267
vn 0.09019542 0.003921509 -0.9959164
vn 0.09019542 0.003921509 -0.9959164
vn -0.1294107 0.003921509 -0.9915833
vn -0.1294107 0.003921509 -0.9915833
vn 0.09019542 0.003921509 -0.9959164
vn -0.1294107 0.003921509 -0.9915833
vn -0.4431338 0.01960766 -0.896241
vn -0.4431338 0.01176453 -0.8963783
vn -0.4509768 0.003921509 -0.892527
vn -0.7333276 0.02745068 -0.679321
vn -0.7019553 0.08235228 -0.7074439
vn -0.6235245 0.05882299 -0.7795877
vn -0.6313677 0.02745068 -0.7749977
vn -0.4431338 0.01960766 -0.896241
vn -0.4431338 0.01176453 -0.8963783
vn -0.6470538 0.003921509 -0.7624342
vn -0.4509768 0.003921509 -0.892527
vn -0.7490138 0.003921509 -0.6625428
vn 0.003921568 0.9843061 0.176426
vn 0.003921568 0.9921492 0.1249981
vn 0.003921568 0.9921492 0.1249981
vn 0.003921568 0.9843061 0.176426
vn 0.003921568 0.9921492 0.1249981
vn 0.003921568 0.9843061 0.176426
vn 0.003921568 0.9843061 0.176426
vn 0.003921568 0.9921492 0.1249981
vn 0.003921568 0.9686199 0.2485156
vn 0.003921568 0.9921492 0.1249981
vn 0.003921568 0.9921492 0.1249981
vn 0.003921568 0.9686199 0.2485156
vn 0.003921568 0.9999923 -0.000345267
vn 0.003921568 0.9921492 0.1249981
vn 0.003921568 0.9921492 0.1249981
vn 0.003921568 0.9999923 -0.000345267
vn 0.003921568 0.9843061 0.176426
vn 0.003921568 0.9843061 0.176426
vn 0.003921568 0.9843061 0.176426
vn 0.003921568 0.9843061 0.176426
vn 0.003921568 0.9921492 0.1249981
vn 0.003921568 0.9921492 0.1249981
vn 0.003921568 0.9607769 0.2772946
vn 0.003921568 0.9607769 0.2772946
vn 0.06666619 0.003921509 -0.9977676
vn 0.06666619 0.003921509 -0.9977676
vn 0.06666619 0.003921509 -0.9977676
vn 0.06666619 0.003921509 -0.9977676
vn -0.9294046 0.003921509 -0.3690416
vn -0.9294046 0.003921509 -0.3690416
vn -0.9294046 0.003921509 -0.3690416
vn -0.9294046 0.003921509 -0.3690416
vn -0.6392107 -0.003921568 0.7690216
vn -0.6392107 -0.003921568 0.7690216
vn -0.6392107 -0.003921568 0.7690216
vn -0.6392107 -0.003921568 0.7690216
vn 0.5294077 -0.003921568 0.8483585
vn 0.5294077 -0.003921568 0.8483585
vn 0.5294077 -0.003921568 0.8483585
vn 0.5294077 -0.003921568 0.8483585
vn 0.9686201 0.003921509 -0.2485151
vn 0.9686201 0.003921509 -0.2485151
vn 0.9686201 0.003921509 -0.2485151
vn 0.9686201 0.003921509 -0.2485151
vn 0.9999924 -0.003921568 0
vn 0.9999924 -0.003921568 0
vn 0.9999924 -0.003921568 0
vn 0.9999924 0.003921509 0
vn 0.9999924 -0.003921568 0
vn 0.9999924 0.003921509 0
vn 0.9999924 0.003921509 0
vn 0.9999924 0.003921509 0
vn 0.9999924 -0.003921568 0
vn 0.9999924 -0.003921568 0
vn 0.9999924 -0.003921568 0
vn 0.9999924 0.003921509 0
vn 0.9999924 -0.003921568 0
vn 0.9999924 0.003921509 0
vn 0.9999924 0.003921509 0
vn 0.9999924 -0.003921568 0
vn 0.9999924 -0.003921568 0
vn 0.9999924 0.003921509 0
vn 0.9999924 0.003921509 0
vn 0.9999924 -0.003921568 0
vn 0.9999924 0.003921509 0
vn 0.9999924 0.003921509 0
vn 0.9999924 0.003921509 0
vn 0.9999924 0.003921509 0
vn 0.9999924 0.003921509 0
vn 0.9999924 0.003921509 0
vn 0.9999924 0.003921509 0
vn 0.9999924 0.003921509 0
vn 0.9999924 0.003921509 0
vn -0.003921509 -0.9999924 0
vn -0.003921509 -0.9999924 0
vn -0.003921509 -0.9999924 0
vn -0.003921509 -0.9999924 0
vn 0.003921568 0.003921509 0.9999846
vn 0.003921568 0.003921509 0.9999846
vn 0.003921568 0.003921509 0.9999846
vn 0.003921568 0.003921509 0.9999846
vn -0.003921509 0.003921509 -0.9999846
vn -0.003921509 0.003921509 -0.9999846
vn -0.003921509 0.003921509 -0.9999846
vn -0.003921509 0.003921509 -0.9999846
vn 0.9999924 -0.003921568 0
vn 0.9999924 -0.003921568 0
vn 0.9999924 -0.003921568 0
vn 0.9999924 -0.003921568 0
vn -0.003921509 0.003921509 0.9999846
vn -0.003921509 0.003921509 0.9999846
vn -0.003921509 0.003921509 0.9999846
vn -0.003921509 0.003921509 0.9999846
vn -0.003921509 -0.003921568 -0.9999846
vn -0.003921509 -0.003921568 -0.9999846
vn -0.003921509 -0.003921568 -0.9999846
vn -0.003921509 -0.003921568 -0.9999846
vn -0.9999923 -0.003921568 -0.0003442513
vn -0.9999923 -0.003921568 -0.0003442513
vn -0.9999923 -0.003921568 -0.0003442513
vn -0.9999923 -0.003921568 -0.0003442513
vn -0.003921509 0.003921509 -0.9999846
vn -0.003921509 0.003921509 -0.9999846
vn -0.003921509 0.003921509 -0.9999846
vn -0.003921509 0.003921509 -0.9999846
vn -0.003921509 -0.003921568 0.9999846
vn -0.003921509 -0.003921568 0.9999846
vn -0.003921509 -0.003921568 0.9999846
vn -0.003921509 -0.003921568 0.9999846
vn 0.06666619 0.003921509 -0.9977676
vn 0.06666619 0.003921509 -0.9977676
vn 0.06666619 0.003921509 -0.9977676
vn 0.06666619 0.003921509 -0.9977676
vn -0.9294046 0.003921509 -0.3690416
vn -0.9294046 0.003921509 -0.3690416
vn -0.9294046 0.003921509 -0.3690416
vn -0.9294046 0.003921509 -0.3690416
vn -0.6392107 -0.003921568 0.7690216
vn -0.6392107 -0.003921568 0.7690216
vn -0.6392107 -0.003921568 0.7690216
vn -0.6392107 -0.003921568 0.7690216
vn 0.5294077 -0.003921568 0.8483585
vn 0.5294077 -0.003921568 0.8483585
vn 0.5294077 -0.003921568 0.8483585
vn 0.5294077 -0.003921568 0.8483585
vn 0.9686201 0.003921509 -0.2485151
vn 0.9686201 0.003921509 -0.2485151
vn 0.9686201 0.003921509 -0.2485151
vn 0.9686201 0.003921509 -0.2485151
vn 0.003921568 0.003921509 0.9999846
vn 0.003921568 0.003921509 0.9999846
vn 0.003921568 0.003921509 0.9999846
vn 0.003921568 0.003921509 0.9999846
vn 0.003921568 0.9999923 -0.000345267
vn 0.003921568 0.9999923 -0.000345267
vn 0.003921568 0.9999923 -0.000345267
vn 0.003921568 0.9999923 -0.000345267
vn 0.003921568 0.9843061 0.176426
vn 0.003921568 0.9843061 0.176426
vn 0.003921568 0.9921492 0.1249981
vn 0.003921568 0.9921492 0.1249981
vn 0.003921568 0.9921492 0.1249981
vn 0.003921568 0.9921492 0.1249981
vn 0.003921568 0.9843061 0.176426
vn 0.003921568 0.9843061 0.176426
vn 0.003921568 0.9921492 0.1249981
vn 0.003921568 0.9921492 0.1249981
vn 0.003921568 0.9686199 0.2485156
vn 0.003921568 0.9686199 0.2485156
vn 0.003921568 0.9999923 -0.000345267
vn 0.003921568 0.9999923 -0.000345267
vn 0.003921568 0.9921492 0.1249981
vn 0.003921568 0.9921492 0.1249981
vn 0.003921568 0.9843061 0.176426
vn 0.003921568 0.9843061 0.176426
vn 0.003921568 0.9843061 0.176426
vn 0.003921568 0.9843061 0.176426
vn 0.003921568 0.9921492 0.1249981
vn 0.003921568 0.9921492 0.1249981
vn 0.003921568 0.9607769 0.2772946
vn 0.003921568 0.9607769 0.2772946
vn 0.003921568 0.003921509 0.9999846
vn 0.003921568 0.003921509 0.9999846
vn 0.003921568 0.003921509 0.9999846
vn 0.003921568 0.003921509 0.9999846
vn 0.003921568 0.9999923 -0.000345267
vn 0.003921568 0.9999923 -0.000345267
vn 0.003921568 0.9999923 -0.000345267
vn 0.003921568 0.9999923 -0.000345267
vn 0.003921568 0.9921492 0.1249981
vn 0.003921568 0.9686199 0.2485156
vn 0.003921568 0.9686199 0.2485156
vn 0.003921568 0.9921492 0.1249981
vn 0.003921568 0.9921492 0.1249981
vn 0.003921568 0.9686199 0.2485156
vn 0.003921568 0.9686199 0.2485156
vn 0.003921568 0.9921492 0.1249981
vn 0.01176465 -0.003921568 0.9999231
vn 0.01176465 -0.003921568 0.9999231
vn 0.01176465 -0.003921568 0.9999231
vn 0.01176465 -0.003921568 0.9999231
vn 0.9999924 0.003921509 0
vn 0.9999924 0.003921509 0
vn 0.9999924 0.003921509 0
vn 0.9999924 0.003921509 0
vn 0.9999924 0.003921509 0
vn 0.9999924 0.003921509 0
vn 0.9999924 0.003921509 0
vn 0.9999924 0.003921509 0
vn 0.9999924 0.003921509 0
vn 0.9999924 0.003921509 0
vn 0.9999924 0.003921509 0
vn 0.9999924 0.003921509 0
vn -0.003921509 -0.9999924 0
vn -0.003921509 -0.9999924 0
vn -0.003921509 -0.9999924 0
vn -0.003921509 -0.9999924 0
vn 0.003921568 0.003921509 0.9999846
vn 0.003921568 0.003921509 0.9999846
vn 0.003921568 0.003921509 0.9999846
vn 0.003921568 0.003921509 0.9999846
vn -0.003921509 0.003921509 -0.9999846
vn -0.003921509 0.003921509 -0.9999846
vn -0.003921509 0.003921509 -0.9999846
vn -0.003921509 0.003921509 -0.9999846
vn 0.9999924 -0.003921568 0
vn 0.9999924 -0.003921568 0
vn 0.9999924 -0.003921568 0
vn 0.9999924 -0.003921568 0
vn -0.003921509 0.003921509 0.9999846
vn -0.003921509 0.003921509 0.9999846
vn -0.003921509 0.003921509 0.9999846
vn -0.003921509 0.003921509 0.9999846
vn -0.003921509 -0.003921568 -0.9999846
vn -0.003921509 -0.003921568 -0.9999846
vn -0.003921509 -0.003921568 -0.9999846
vn -0.003921509 -0.003921568 -0.9999846
vn -0.9999923 -0.003921568 -0.0003442513
vn -0.9999923 -0.003921568 -0.0003442513
vn -0.9999923 -0.003921568 -0.0003442513
vn -0.9999923 -0.003921568 -0.0003442513
vn -0.003921509 0.003921509 -0.9999846
vn -0.003921509 0.003921509 -0.9999846
vn -0.003921509 0.003921509 -0.9999846
vn -0.003921509 0.003921509 -0.9999846
vn -0.003921509 -0.003921568 0.9999846
vn -0.003921509 -0.003921568 0.9999846
vn -0.003921509 -0.003921568 0.9999846
vn -0.003921509 -0.003921568 0.9999846
vn 0.9999924 -0.003921568 0
vn 0.9999924 -0.003921568 0
vn 0.9999924 -0.003921568 0
vn 0.9999924 -0.003921568 0
vn -0.04313684 0.003921509 -0.9990615
vn -0.04313684 0.003921509 -0.9990615
vn -0.04313684 0.003921509 -0.9990615
vn -0.04313684 0.003921509 -0.9990615
vn -0.01960766 0.003921509 -0.9998001
vn -0.01960766 0.003921509 -0.9998001
vn -0.01960766 0.003921509 -0.9998001
vn -0.01960766 0.003921509 -0.9998001
vn -0.9999923 0.003921509 -0.0003449296
vn -0.9999923 -0.003921568 -0.0003442513
vn -0.9999923 0.003921509 -0.0003449296
vn -0.9999923 0.003921509 -0.0003449296
vn -0.9999923 0.003921509 -0.0003449296
vn -0.9999923 -0.003921568 -0.0003442513
vn -0.9999923 -0.003921568 -0.0003442513
vn -0.9999923 -0.003921568 -0.0003442513
vn -0.9999923 0.003921509 -0.0003449296
vn -0.9999923 0.003921509 -0.0003449296
vn -0.9999923 0.003921509 -0.0003449296
vn -0.9999923 -0.003921568 -0.0003442513
vn -0.9999923 0.003921509 -0.0003449296
vn -0.9999923 -0.003921568 -0.0003442513
vn -0.9999923 0.003921509 -0.0003449296
vn -0.9999923 0.003921509 -0.0003449296
vn -0.9999923 0.003921509 -0.0003449296
vn -0.9999923 0.003921509 -0.0003449296
vn -0.9999923 -0.003921568 -0.0003442513
vn -0.9999923 0.003921509 -0.0003449296
vn -0.9999923 -0.003921568 -0.0003442513
vn -0.9999923 -0.003921568 -0.0003442513
vn -0.9999923 -0.003921568 -0.0003442513
vn -0.9999923 0.003921509 -0.0003449296
vn -0.9999923 -0.003921568 -0.0003442513
vn -0.9999923 -0.003921568 -0.0003442513
vn -0.9999923 -0.003921568 -0.0003442513
vn -0.9999923 -0.003921568 -0.0003442513
vn -0.9999923 -0.003921568 -0.0003442513
vn -0.9999923 0.003921509 -0.0003449296
vn -0.9999923 0.003921509 -0.0003449296
vn -0.9999923 -0.003921568 -0.0003442513
vn -0.9999923 -0.003921568 -0.0003442513
vn -0.9999923 -0.003921568 -0.0003442513
vn -0.9999923 0.003921509 -0.0003449296
vn -0.9999923 0.003921509 -0.0003449296
vn -0.9999923 0.003921509 -0.0003449296
vn -0.9999923 -0.003921568 -0.0003442513
vn -0.9999923 -0.003921568 -0.0003442513
vn -0.9999923 -0.003921568 -0.0003442513
vn -0.9999923 -0.003921568 -0.0003442513
vn -0.9999923 -0.003921568 -0.0003442513
vn -0.9999923 -0.003921568 -0.0003442513
vn -0.9999923 0.003921509 -0.0003449296
vn -0.9999923 0.003921509 -0.0003449296
vn -0.9999923 -0.003921568 -0.0003442513
vn -0.9999923 -0.003921568 -0.0003442513
vn -0.9999923 -0.003921568 -0.0003442513
vn -0.9999923 -0.003921568 -0.0003442513
vn 0.0274508 -0.003921568 0.9996155
vn 0.0274508 -0.003921568 0.9996155
vn 0.0274508 -0.003921568 0.9996155
vn 0.0274508 -0.003921568 0.9996155
vn 0.9999924 0.003921509 0
vn 0.9999924 0.003921509 0
vn 0.9999924 0.003921509 0
vn 0.9999924 0.003921509 0
vn 0.003921568 0.003921509 -0.9999846
vn -0.3803892 0.003921509 -0.9248182
vn -0.3803892 0.003921509 -0.9248182
vn 0.003921568 0.003921509 -0.9999846
vn -0.3803892 0.003921509 -0.9248182
vn -0.3803892 0.003921509 -0.9248182
vn -0.7019553 0.003921509 -0.7122102
vn -0.7019553 0.003921509 -0.7122102
vn -0.7019553 0.003921509 -0.7122102
vn -0.9215615 0.003921509 -0.3882126
vn -0.9215615 0.003921509 -0.3882126
vn -0.7019553 0.003921509 -0.7122102
vn -0.9215615 0.003921509 -0.3882126
vn -0.9999923 0.003921509 -0.0003449296
vn -0.9999923 0.003921509 -0.0003449296
vn -0.9215615 0.003921509 -0.3882126
vn 0.9999924 -0.003921568 0
vn 0.9294047 -0.003921568 -0.3690414
vn 0.9294047 -0.003921568 -0.3690414
vn 0.9999924 -0.003921568 0
vn 0.9294047 -0.003921568 -0.3690414
vn 0.9294047 -0.003921568 -0.3690414
vn 0.7097985 -0.003921568 -0.7043939
vn 0.7097985 -0.003921568 -0.7043939
vn 0.7097985 -0.003921568 -0.7043939
vn 0.3882324 -0.003921568 -0.9215532
vn 0.3882324 -0.003921568 -0.9215532
vn 0.7097985 -0.003921568 -0.7043939
vn 0.3882324 -0.003921568 -0.9215532
vn 0.003921568 0.003921509 -0.9999846
vn 0.003921568 0.003921509 -0.9999846
vn 0.3882324 -0.003921568 -0.9215532
vn -0.003921509 -0.003921568 0.9999846
vn 0.3803893 -0.003921568 0.9248182
vn 0.3803893 -0.003921568 0.9248182
vn -0.003921509 -0.003921568 0.9999846
vn 0.3803893 -0.003921568 0.9248182
vn 0.3803893 -0.003921568 0.9248182
vn 0.7019554 -0.003921568 0.7122101
vn 0.7019554 -0.003921568 0.7122101
vn 0.7019554 -0.003921568 0.7122101
vn 0.9215616 -0.003921568 0.3882124
vn 0.9215616 -0.003921568 0.3882124
vn 0.7019554 -0.003921568 0.7122101
vn 0.9215616 -0.003921568 0.3882124
vn 0.9999924 -0.003921568 0
vn 0.9999924 -0.003921568 0
vn 0.9215616 -0.003921568 0.3882124
vn -0.9999923 0.003921509 -0.0003449296
vn -0.9843061 0.003921509 0.176426
vn -0.9843061 0.003921509 0.176426
vn -0.9999923 0.003921509 -0.0003449296
vn -0.1999984 -0.003921568 0.9797884
vn -0.003921509 -0.003921568 0.9999846
vn -0.003921509 -0.003921568 0.9999846
vn -0.1999984 -0.003921568 0.9797884
vn -0.3091745 0.9510054 0
vn -0.3091745 0.9510054 0
vn -0.5529369 0.8274446 0.09796064
vn -0.5607799 0.8274446 -0.02934972
vn -0.2941153 0.9450908 0.1424767
vn -0.5294076 0.8117584 0.2465276
vn -0.4823492 0.8039154 0.3479359
vn -0.5294076 0.8117584 0.2465276
vn -0.2941153 0.9450908 0.1424767
vn -0.262743 0.9450908 0.1943439
vn -0.3960754 0.7882292 0.4709766
vn -0.2235277 0.9372476 0.267586
vn -0.2705861 0.7725431 0.5744218
vn -0.1529399 0.9294046 0.3358816
vn -0.003921509 0.9294046 0.3690416
vn -0.003921509 0.7490138 0.6625428
vn -0.1294107 0.7568569 0.6406407
vn -0.07450914 0.9294046 0.3614629
vn -0.1529399 0.9294046 0.3358816
vn -0.07450914 0.9294046 0.3614629
vn -0.1294107 0.7568569 0.6406407
vn -0.2705861 0.7725431 0.5744218
vn -0.7019553 -0.6941124 0.1595832
vn -0.7019553 -0.6941124 0.1595832
vn -0.7176415 -0.6941124 -0.05655743
vn -0.7176415 -0.6941124 -0.05655743
vn -0.6470538 -0.6941124 0.3154828
vn -0.6470538 -0.6941124 0.3154828
vn -0.5764661 -0.6941124 0.4311552
vn -0.5764661 -0.6941124 0.4311552
vn -0.6470538 -0.6941124 0.3154828
vn -0.6470538 -0.6941124 0.3154828
vn -0.45882 -0.6941124 0.5547001
vn -0.4509768 -0.6941124 0.5610953
vn -0.2941153 -0.6862693 0.6652298
vn -0.2941153 -0.6862693 0.6652298
vn -0.003921509 -0.6862693 0.727337
vn -0.003921509 -0.6862693 0.727337
vn -0.1372538 -0.6862693 0.7142799
vn -0.1450969 -0.6862693 0.7127281
vn -0.1450969 -0.6862693 0.7127281
vn -0.1372538 -0.6862693 0.7142799
vn -0.2941153 -0.6862693 0.6652298
vn -0.2941153 -0.6862693 0.6652298
vn 0.1370349 -0.9905663 0
vn 0.1370349 -0.9905663 0
vn 0.1293392 -0.9916005 0
vn 0.1293392 -0.9916005 0
vn 0.1370349 -0.9905663 0
vn 0.1370349 -0.9905663 0
vn 0.1215677 -0.9843062 -0.1279162
vn 0.1215677 -0.9843062 -0.1279162
vn 0.1058816 -0.9843062 -0.1411749
vn 0.1058816 -0.9843062 -0.1411749
vn -0.003921509 -0.9843062 -0.1764254
vn -0.003921509 -0.9843062 -0.1764254
vn 0.03529388 -0.9843062 -0.1729034
vn 0.03529388 -0.9843062 -0.1729034
vn 0.07450926 -0.9843062 -0.1599676
vn 0.07450926 -0.9843062 -0.1599676
vn 0.1058816 -0.9843062 -0.1411749
vn 0.1058816 -0.9843062 -0.1411749
vn 0.003921568 0.9999923 -0.000345267
vn 0.003921568 0.9999923 -0.000345267
vn -0.3091745 0.9510054 0
vn -0.3091745 0.9510054 0
vn -0.2941153 0.9450908 0.1424767
vn -0.3091745 0.9510054 0
vn 0.003921568 0.9999923 -0.000345267
vn 0.003921568 0.9999923 -0.000345267
vn 0.003921568 0.9999923 -0.000345267
vn -0.262743 0.9450908 0.1943439
vn -0.262743 0.9450908 0.1943439
vn 0.003921568 0.9999923 -0.000345267
vn -0.003921509 0.9999923 -0.000345267
vn -0.2235277 0.9372476 0.267586
vn -0.1529399 0.9294046 0.3358816
vn -0.003921509 0.9999923 -0.000345267
vn -0.003921509 0.9999923 -0.000345267
vn -0.003921509 0.9294046 0.3690416
vn -0.07450914 0.9294046 0.3614629
vn 0.003921568 0.9999923 -0.000345267
vn -0.1529399 0.9294046 0.3358816
vn -0.003921509 0.9999923 -0.000345267
vn 0.3091746 0.9510053 0
vn 0.56078 0.8274446 -0.02934769
vn 0.552937 0.8274446 0.09796035
vn 0.3091746 0.9510053 0
vn 0.2941154 0.9450908 0.1424765
vn 0.5294077 0.8117584 0.2465274
vn 0.4823493 0.8039154 0.3479357
vn 0.2627431 0.9450908 0.1943438
vn 0.2941154 0.9450908 0.1424765
vn 0.5294077 0.8117584 0.2465274
vn 0.3960754 0.7882292 0.4709766
vn 0.2235277 0.9372476 0.2675859
vn 0.2705862 0.7725431 0.5744217
vn 0.15294 0.9294046 0.3358815
vn -0.003921509 0.9294046 0.3690416
vn 0.07450926 0.9294046 0.3614629
vn 0.1294108 0.7568569 0.6406406
vn -0.003921509 0.7490138 0.6625428
vn 0.15294 0.9294046 0.3358815
vn 0.2705862 0.7725431 0.5744217
vn 0.1294108 0.7568569 0.6406406
vn 0.07450926 0.9294046 0.3614629
vn 0.7019554 -0.6941124 0.1595825
vn 0.7176416 -0.6941124 -0.05655585
vn 0.7176416 -0.6941124 -0.05655585
vn 0.7019554 -0.6941124 0.1595825
vn 0.6470539 -0.6941124 0.3154826
vn 0.6470539 -0.6941124 0.3154826
vn 0.5764662 -0.6941124 0.4311551
vn 0.6470539 -0.6941124 0.3154826
vn 0.6470539 -0.6941124 0.3154826
vn 0.5764662 -0.6941124 0.4311551
vn 0.45882 -0.6941124 0.5547001
vn 0.450977 -0.6941124 0.5610952
vn 0.2941154 -0.6862693 0.6652297
vn 0.2941154 -0.6862693 0.6652297
vn -0.003921509 -0.6862693 0.727337
vn 0.145097 -0.6862693 0.7127281
vn 0.1372539 -0.6862693 0.7142799
vn -0.003921509 -0.6862693 0.727337
vn 0.145097 -0.6862693 0.7127281
vn 0.2941154 -0.6862693 0.6652297
vn 0.2941154 -0.6862693 0.6652297
vn 0.1372539 -0.6862693 0.7142799
vn -0.1607831 -0.9843062 -0.07273301
vn -0.1529399 -0.9843062 0.088038
vn -0.1529399 -0.9843062 0.088038
vn -0.1607831 -0.9843062 -0.07273301
vn -0.1529399 -0.9843062 -0.088038
vn -0.1529399 -0.9843062 -0.088038
vn -0.1372538 -0.9843062 -0.1109175
vn -0.1372538 -0.9843062 -0.1109175
vn -0.1058815 -0.9843062 -0.1411752
vn -0.1058815 -0.9843062 -0.1411752
vn -0.003921509 -0.9843062 -0.1764254
vn -0.03529382 -0.9843062 -0.1729034
vn -0.03529382 -0.9843062 -0.1729034
vn -0.003921509 -0.9843062 -0.1764254
vn -0.07450914 -0.9843062 -0.1599676
vn -0.07450914 -0.9843062 -0.1599676
vn -0.1058815 -0.9843062 -0.1411752
vn -0.1058815 -0.9843062 -0.1411752
vn -0.003921509 0.9999923 -0.000345267
vn 0.3091746 0.9510053 0
vn 0.3091746 0.9510053 0
vn -0.003921509 0.9999923 -0.000345267
vn 0.2941154 0.9450908 0.1424765
vn -0.003921509 0.9999923 -0.000345267
vn -0.003921509 0.9999923 -0.000345267
vn 0.3091746 0.9510053 0
vn -0.003921509 0.9999923 -0.000345267
vn 0.2627431 0.9450908 0.1943438
vn 0.2627431 0.9450908 0.1943438
vn 0.2235277 0.9372476 0.2675859
vn 0.003921568 0.9999923 -0.000345267
vn -0.003921509 0.9999923 -0.000345267
vn 0.15294 0.9294046 0.3358815
vn 0.003921568 0.9999923 -0.000345267
vn -0.003921509 0.9999923 -0.000345267
vn -0.003921509 0.9999923 -0.000345267
vn 0.07450926 0.9294046 0.3614629
vn -0.003921509 0.9294046 0.3690416
vn 0.003921568 0.9999923 -0.000345267
vn 0.15294 0.9294046 0.3358815
vn -0.3091745 0.9510054 0
vn -0.5607799 0.8274446 -0.02934972
vn -0.5372508 0.8352877 -0.1168595
vn -0.3019584 0.9529338 -0.02717209
vn -0.2784292 0.9529338 -0.1199767
vn -0.5058784 0.8274446 -0.2437673
vn -0.4509768 0.8274446 -0.3345974
vn -0.2470568 0.9529338 -0.1757275
vn -0.2784292 0.9529338 -0.1199767
vn -0.5058784 0.8274446 -0.2437673
vn -0.3647031 0.8196015 -0.4418654
vn -0.2078415 0.9450908 -0.2522009
vn -0.2470568 0.8117584 -0.5291609
vn -0.1372538 0.9450908 -0.2965887
vn -0.003921509 0.9450908 -0.3267844
vn -0.06666613 0.9450908 -0.319936
vn -0.1137246 0.8039154 -0.5837695
vn -0.003921509 0.8039154 -0.5947308
vn -0.1372538 0.9450908 -0.2965887
vn -0.2470568 0.8117584 -0.5291609
vn -0.1137246 0.8039154 -0.5837695
vn -0.06666613 0.9450908 -0.319936
vn -0.7019553 -0.6941124 -0.1595832
vn -0.7176415 -0.6941124 -0.05655743
vn -0.7176415 -0.6941124 -0.05655743
vn -0.7019553 -0.6941124 -0.1595832
vn -0.6784261 -0.6941124 -0.2407197
vn -0.6784261 -0.6941124 -0.2407197
vn -0.003921509 -0.6862693 -0.727337
vn -0.1450969 -0.6862693 -0.7127281
vn -0.1372538 -0.6862693 -0.7142799
vn -0.003921509 -0.6862693 -0.727337
vn -0.2941153 -0.6862693 -0.6652298
vn -0.3725461 -0.6862693 -0.624695
vn -0.3725461 -0.6862693 -0.624695
vn -0.2941153 -0.6862693 -0.6652298
vn -0.1450969 -0.6862693 -0.7127281
vn -0.2941153 -0.6862693 -0.6652298
vn -0.2941153 -0.6862693 -0.6652298
vn -0.1372538 -0.6862693 -0.7142799
vn 0.1370349 -0.9905663 0
vn 0.1293392 -0.9916005 0
vn 0.1293392 -0.9916005 0
vn 0.1370349 -0.9905663 0
vn 0.1370349 -0.9905663 0
vn 0.1370349 -0.9905663 0
vn -0.003921509 -0.9843062 0.1764254
vn 0.03529388 -0.9843062 0.1729034
vn 0.03529388 -0.9843062 0.1729034
vn -0.003921509 -0.9843062 0.1764254
vn 0.05882311 -0.9921493 0.1103613
vn 0.05882311 -0.9921493 0.1103613
vn 0.05882311 -0.9921493 0.1103613
vn 0.05882311 -0.9921493 0.1103613
vn 0.003921568 0.9999923 -0.000345267
vn -0.3091745 0.9510054 0
vn -0.3019584 0.9529338 -0.02717209
vn 0.003921568 0.9999923 -0.000345267
vn -0.2784292 0.9529338 -0.1199767
vn -0.003921509 0.9999923 -0.000345267
vn 0.003921568 0.9999923 -0.000345267
vn -0.3019584 0.9529338 -0.02717209
vn -0.003921509 0.9999923 -0.000345267
vn -0.2470568 0.9529338 -0.1757275
vn -0.2470568 0.9529338 -0.1757275
vn -0.2078415 0.9450908 -0.2522009
vn -0.003921509 0.9999923 -0.000345267
vn -0.003921509 0.9999923 -0.000345267
vn -0.1372538 0.9450908 -0.2965887
vn -0.003921509 0.9999923 -0.000345267
vn -0.003921509 0.9999923 -0.000345267
vn 0.003921568 0.9999923 -0.000345267
vn -0.06666613 0.9450908 -0.319936
vn -0.003921509 0.9450908 -0.3267844
vn -0.1372538 0.9450908 -0.2965887
vn -0.003921509 0.9999923 -0.000345267
vn 0.3091746 0.9510053 0
vn 0.3019585 0.9529338 -0.027171
vn 0.5372508 0.8352877 -0.116859
vn 0.56078 0.8274446 -0.02934769
vn 0.2784293 0.9529338 -0.1199764
vn 0.5058785 0.8274446 -0.2437672
vn 0.450977 0.8274446 -0.3345972
vn 0.5058785 0.8274446 -0.2437672
vn 0.2784293 0.9529338 -0.1199764
vn 0.247057 0.9529338 -0.1757273
vn 0.3647031 0.8196015 -0.4418653
vn 0.2078416 0.9450908 -0.2522009
vn 0.247057 0.8117584 -0.5291608
vn 0.1372539 0.9450908 -0.2965886
vn -0.003921509 0.9450908 -0.3267844
vn -0.003921509 0.8039154 -0.5947308
vn 0.1137246 0.8039154 -0.5837694
vn 0.06666619 0.9450908 -0.319936
vn 0.1372539 0.9450908 -0.2965886
vn 0.06666619 0.9450908 -0.319936
vn 0.1137246 0.8039154 -0.5837694
vn 0.247057 0.8117584 -0.5291608
vn 0.7019554 -0.6941124 -0.1595825
vn 0.7019554 -0.6941124 -0.1595825
vn 0.7176416 -0.6941124 -0.05655585
vn 0.7176416 -0.6941124 -0.05655585
vn 0.6784262 -0.6941124 -0.2407196
vn 0.6784262 -0.6941124 -0.2407196
vn -0.003921509 -0.6862693 -0.727337
vn -0.003921509 -0.6862693 -0.727337
vn 0.1372539 -0.6862693 -0.7142799
vn 0.145097 -0.6862693 -0.7127281
vn 0.2941154 -0.6862693 -0.6652297
vn 0.2941154 -0.6862693 -0.6652297
vn 0.3725462 -0.6862693 -0.6246949
vn 0.3725462 -0.6862693 -0.6246949
vn 0.145097 -0.6862693 -0.7127281
vn 0.1372539 -0.6862693 -0.7142799
vn 0.2941154 -0.6862693 -0.6652297
vn 0.2941154 -0.6862693 -0.6652297
vn -0.1293392 -0.9916005 0
vn -0.1293392 -0.9916005 0
vn -0.1529399 -0.9843062 0.088038
vn -0.1529399 -0.9843062 0.088038
vn -0.1137246 -0.9921493 0.0520243
vn -0.1137246 -0.9921493 0.0520243
vn -0.003921509 -0.9843062 0.1764254
vn -0.003921509 -0.9843062 0.1764254
vn -0.03529382 -0.9843062 0.1729034
vn -0.03529382 -0.9843062 0.1729034
vn -0.07450914 -0.9843062 0.1599676
vn -0.07450914 -0.9843062 0.1599676
vn -0.0901953 -0.9843062 0.1516776
vn -0.0901953 -0.9843062 0.1516776
vn -0.003921509 0.9999923 -0.000345267
vn -0.003921509 0.9999923 -0.000345267
vn 0.3019585 0.9529338 -0.027171
vn 0.3091746 0.9510053 0
vn 0.2784293 0.9529338 -0.1199764
vn 0.3019585 0.9529338 -0.027171
vn -0.003921509 0.9999923 -0.000345267
vn -0.003921509 0.9999923 -0.000345267
vn 0.003921568 0.9999923 -0.000345267
vn 0.247057 0.9529338 -0.1757273
vn 0.247057 0.9529338 -0.1757273
vn 0.003921568 0.9999923 -0.000345267
vn 0.003921568 0.9999923 -0.000345267
vn 0.2078416 0.9450908 -0.2522009
vn 0.1372539 0.9450908 -0.2965886
vn 0.003921568 0.9999923 -0.000345267
vn -0.003921509 0.9999923 -0.000345267
vn -0.003921509 0.9450908 -0.3267844
vn 0.06666619 0.9450908 -0.319936
vn -0.003921509 0.9999923 -0.000345267
vn 0.1372539 0.9450908 -0.2965886
vn 0.003921568 0.9999923 -0.000345267
vn -0.003921509 -0.9999924 0
vn -0.003921509 -0.9999924 0
vn -0.003921509 -0.9999924 0
vn -0.003921509 -0.9999924 0
vn -0.003921509 -0.9999924 0
vn -0.003921509 -0.9999924 0
vn -0.003921509 -0.9999924 0
vn -0.003921509 -0.9999924 0
vn -0.003921509 -0.9999924 0
vn -0.003921509 -0.9999924 0
vn -0.003921509 -0.9999924 0
vn -0.003921509 -0.9999924 0
vn -0.003921509 -0.9999924 0
vn -0.003921509 -0.9999924 0
vn -0.003921509 -0.9999924 0
vn -0.003921509 -0.9999924 0
vn -0.003921509 -0.9999924 0
vn -0.003921509 -0.9999924 0
vn -0.003921509 -0.9999924 0
vn -0.003921509 -0.9999924 0
vn -0.003921509 -0.9999924 0
vn -0.003921509 -0.9999924 0
vn -0.003921509 -0.9999924 0
vn -0.003921509 -0.9999924 0
vn 0.2705862 -0.003921568 -0.9626877
vn 0.2705862 -0.003921568 -0.9626877
vn 0.2705862 -0.003921568 -0.9626877
vn 0.2705862 -0.003921568 -0.9626877
vn 0.003921568 -0.9999924 0
vn -0.003921509 -0.9999924 0
vn -0.003921509 -0.9999924 0
vn 0.003921568 -0.9999924 0
vn -0.262743 0.01176453 0.9647942
vn -0.262743 0.01176453 0.9647942
vn -0.262743 0.01176453 0.9647942
vn -0.262743 0.01176453 0.9647942
vn -0.874503 -0.003921568 -0.4850042
vn -0.9450908 -0.003921568 -0.3267844
vn -0.9450908 -0.003921568 -0.3267844
vn -0.874503 -0.003921568 -0.4850042
vn 0.003921568 -0.9999924 0
vn 0.003921568 -0.9999924 0
vn 0.003921568 -0.9999924 0
vn 0.003921568 -0.9999924 0
vn 0.8745031 0.003921509 0.485004
vn 0.8745031 0.003921509 0.485004
vn 0.9450908 0.003921509 0.3267842
vn 0.9450908 0.003921509 0.3267842
vn -0.003921509 0.9999923 -0.000345267
vn -0.003921509 0.9999923 -0.000345267
vn -0.003921509 0.9999923 -0.000345267
vn -0.003921509 0.9999923 -0.000345267
vn -0.003921509 0.9999923 -0.000345267
vn -0.003921509 0.9999923 -0.000345267
vn -0.003921509 0.9999923 -0.000345267
vn -0.003921509 0.9999923 -0.000345267
vn -0.9450908 -0.003921568 -0.3267844
vn -0.9843061 -0.003921568 -0.176426
vn -0.9843061 -0.003921568 -0.176426
vn -0.9450908 -0.003921568 -0.3267844
vn 0.003921568 -0.9999924 0
vn 0.003921568 -0.9999924 0
vn 0.003921568 -0.9999924 0
vn 0.003921568 -0.9999924 0
vn 0.9450908 0.003921509 0.3267842
vn 0.9450908 0.003921509 0.3267842
vn 0.9843062 0.003921509 0.1764254
vn 0.9843062 0.003921509 0.1764254
vn -0.003921509 0.9999923 -0.000345267
vn -0.003921509 0.9999923 -0.000345267
vn -0.003921509 0.9999923 -0.000345267
vn -0.003921509 0.9999923 -0.000345267
vn 0.003921568 -0.9999924 0
vn 0.01176392 -0.9999309 0
vn 0.01176392 -0.9999309 0
vn 0.003921568 -0.9999924 0
vn 0.8431308 0.01176453 0.5375798
vn 0.8431308 0.01176453 0.5375798
vn 0.9372478 0.01176453 0.3484656
vn 0.9372478 0.01176453 0.3484656
vn -0.003921509 0.9999923 -0.000345267
vn -0.003921509 0.9999923 -0.000345267
vn -0.003921509 0.9999923 -0.000345267
vn -0.003921509 0.9999923 -0.000345267
vn 0.01176392 -0.9999309 0
vn 0.01176392 -0.9999309 0
vn 0.01176392 -0.9999309 0
vn 0.01176392 -0.9999309 0
vn 0.9372478 0.01176453 0.3484656
vn 0.9372478 0.01176453 0.3484656
vn 0.9921493 0.01176453 0.1245045
vn 0.9921493 0.01176453 0.1245045
vn -0.003921509 0.9999923 -0.000345267
vn -0.003921509 0.9999923 -0.000345267
vn -0.003921509 0.9999923 -0.000345267
vn -0.003921509 0.9999923 -0.000345267
vn -0.04313684 -0.003921568 0.9990615
vn -0.04313684 -0.003921568 0.9990615
vn -0.04313684 -0.003921568 0.9990615
vn -0.04313684 -0.003921568 0.9990615
vn 0.003921568 -0.9999924 0
vn 0.003921568 -0.9999924 0
vn 0.003921568 -0.9999924 0
vn 0.003921568 -0.9999924 0
vn 0.04313695 0.01176453 -0.9989999
vn 0.04313695 0.01176453 -0.9989999
vn 0.04313695 0.01176453 -0.9989999
vn 0.04313695 0.01176453 -0.9989999
vn -0.003921509 0.9999923 -0.000345267
vn -0.003921509 0.9999923 -0.000345267
vn -0.003921509 0.9999923 -0.000345267
vn -0.003921509 0.9999923 -0.000345267
vn -0.5372508 0.6862692 -0.4903022
vn -0.6313677 0.7019553 -0.3295961
vn -0.6313677 0.7019553 -0.3295961
vn -0.5215646 0.6862692 -0.5069566
vn -0.7019553 0.7097985 -0.05869336
vn -0.7019553 0.7097985 -0.05869336
vn 0.6156816 0.6156815 0.4918053
vn 0.7333277 0.6156815 0.2883863
vn 0.7333277 0.6156815 0.2883863
vn 0.5686231 0.6235245 0.536549
vn 0.7647001 0.6392107 0.08150788
vn 0.7647001 0.6392107 0.08150788
vn 0.6470539 -0.4980354 0.5773057
vn 0.6235247 -0.4980354 0.6026423
vn 0.7725431 -0.5137216 0.3731852
vn 0.7725431 -0.5137216 0.3731852
vn 0.8509739 -0.5215647 0.06175552
vn 0.8509739 -0.5215647 0.06175552
vn -0.5058784 -0.7882293 -0.350402
vn -0.4431338 -0.7960724 -0.4121907
vn -0.5921522 -0.7803862 -0.2008809
vn -0.5921522 -0.7803862 -0.2008809
vn -0.5921522 -0.8039154 -0.05545916
vn -0.5921522 -0.8039154 -0.05545916
vn -0.1764692 0.670583 -0.7205394
vn -0.4039184 0.7019553 -0.5866078
vn -0.4039184 0.7019553 -0.5866078
vn -0.1843122 0.6784261 -0.7111729
vn -0.5372508 0.6862692 -0.4903022
vn -0.5215646 0.6862692 -0.5069566
vn 0.1607831 0.5921522 0.789623
vn 0.3647031 0.6156815 0.6985183
vn 0.349017 0.6156815 0.7064867
vn 0.145097 0.5921522 0.7926554
vn 0.6156816 0.6156815 0.4918053
vn 0.5686231 0.6235245 0.536549
vn 0.1921554 -0.4901924 0.8501692
vn 0.1999985 -0.4901924 0.8483585
vn 0.4666631 -0.5137216 0.7199414
vn 0.45882 -0.5137216 0.724965
vn 0.6470539 -0.4980354 0.5773057
vn 0.6235247 -0.4980354 0.6026423
vn -0.1215676 -0.7647001 -0.6328153
vn -0.1058815 -0.7647001 -0.635628
vn -0.2549 -0.7882293 -0.5601076
vn -0.262743 -0.7882293 -0.5564717
vn -0.5058784 -0.7882293 -0.350402
vn -0.4431338 -0.7960724 -0.4121907
vn -0.5999954 0.7097985 0.3690416
vn -0.4117615 0.7176415 0.5616432
vn -0.3960754 0.7176415 0.5728132
vn -0.5921522 0.7097985 0.3814996
vn -0.1686261 0.7176415 0.6756892
vn -0.1686261 0.7176415 0.6756892
vn 0.6627401 0.6392107 -0.3901094
vn 0.4980354 0.6392107 -0.5859782
vn 0.4980354 0.6392107 -0.5859782
vn 0.6627401 0.6392107 -0.3901094
vn 0.247057 0.6392107 -0.7282668
vn 0.2313708 0.6392107 -0.7334011
vn 0.7254847 -0.5215647 -0.449046
vn 0.7176416 -0.5294077 -0.4524577
vn 0.4980354 -0.5294077 -0.6867956
vn 0.5058785 -0.5294077 -0.6810392
vn 0.2156847 -0.5372508 -0.8153782
vn 0.2235277 -0.5372508 -0.8132631
vn -0.5215646 -0.7960724 0.306984
vn -0.5137215 -0.8039154 0.2996835
vn -0.3960754 -0.8039154 0.4436713
vn -0.3960754 -0.8039154 0.4436713
vn -0.1999984 -0.8039154 0.5601076
vn -0.1921554 -0.8039154 0.5628465
vn -0.7019553 0.7097985 -0.05869336
vn -0.7019553 0.7019553 0.1204887
vn -0.7019553 0.7019553 0.1204887
vn -0.7019553 0.7097985 -0.05869336
vn -0.5999954 0.7097985 0.3690416
vn -0.5921522 0.7097985 0.3814996
vn 0.7647001 0.6392107 0.08150788
vn 0.756857 0.6235245 -0.1959201
vn 0.756857 0.6235245 -0.1959201
vn 0.7647001 0.6392107 0.08150788
vn 0.6627401 0.6392107 -0.3901094
vn 0.6627401 0.6392107 -0.3901094
vn 0.8509739 -0.5215647 0.06175552
vn 0.8509739 -0.5215647 0.06175552
vn 0.8352877 -0.5137216 -0.1959196
vn 0.8431308 -0.5137216 -0.1588097
vn 0.7254847 -0.5215647 -0.449046
vn 0.7176416 -0.5294077 -0.4524577
vn -0.5921522 -0.8039154 -0.05545916
vn -0.5921522 -0.8039154 -0.05545916
vn -0.5921522 -0.7882293 0.1674824
vn -0.5921522 -0.7882293 0.1674824
vn -0.5215646 -0.7960724 0.306984
vn -0.5137215 -0.8039154 0.2996835
vn 0.08235234 0.7333276 0.6748694
vn 0.2705862 0.7568569 0.5949376
vn 0.2941154 0.7568569 0.5836641
vn 0.06666619 0.7333276 0.676599
vn 0.4039185 0.7725431 0.4899255
vn 0.3960754 0.7725431 0.4962877
vn -0.05097997 0.6078384 -0.7924226
vn -0.3019584 0.5843092 -0.7532622
vn -0.2705861 0.5843092 -0.7650921
vn -0.02745068 0.6078384 -0.7935861
vn -0.5529369 0.5450938 -0.6301854
vn -0.5450938 0.5450938 -0.6369816
vn -0.08235228 -0.552937 -0.8291435
vn -0.07450914 -0.552937 -0.829885
vn -0.3490169 -0.5843093 -0.7326458
vn -0.3176446 -0.5764662 -0.7528537
vn -0.5137215 -0.5999954 -0.6132664
vn -0.4980353 -0.5999954 -0.6260721
vn 0.03529388 -0.7725431 0.6339806
vn 0.01176465 -0.7803862 0.6251872
vn 0.2078416 -0.756857 0.6196527
vn 0.2235277 -0.756857 0.6141685
vn 0.45882 -0.7254847 0.5129874
vn 0.4431339 -0.7254847 0.526597
vn 0.5921524 0.8039154 0.05545863
vn 0.6068687 0.7948022 0
vn 0.6068687 0.7948022 0
vn 0.5921524 0.8039154 0.05545863
vn -0.874503 0.4823492 -0.05083052
vn -0.8823462 0.45882 0.1046399
vn -0.8823462 0.45882 0.1046399
vn -0.874503 0.4823492 -0.05083052
vn -0.7633862 -0.6459423 0
vn -0.7633862 -0.6459423 0
vn -0.7725431 -0.6313677 0.06746834
vn -0.7725431 -0.6313677 0.06746834
vn 0.7333277 -0.6784262 0.0443658
vn 0.7333277 -0.6705831 0.112021
vn 0.7490139 -0.654897 -0.1004398
vn 0.7490139 -0.654897 -0.1004398
vn 0.3960754 0.7725431 0.4962877
vn 0.5058785 0.8039154 0.3127411
vn 0.5137216 0.8039154 0.2996835
vn 0.4039185 0.7725431 0.4899255
vn 0.5921524 0.8039154 0.05545863
vn 0.5921524 0.8039154 0.05545863
vn -0.5450938 0.5450938 -0.6369816
vn -0.7568569 0.5137215 -0.4040518
vn -0.7646999 0.5137215 -0.3890042
vn -0.5529369 0.5450938 -0.6301854
vn -0.874503 0.4823492 -0.05083052
vn -0.874503 0.4823492 -0.05083052
vn -0.4980353 -0.5999954 -0.6260721
vn -0.5137215 -0.5999954 -0.6132664
vn -0.670583 -0.6392108 -0.3764677
vn -0.6548969 -0.6392108 -0.4031373
vn -0.7633862 -0.6459423 0
vn -0.7633862 -0.6459423 0
vn 0.4431339 -0.7254847 0.526597
vn 0.45882 -0.7254847 0.5129874
vn 0.6392108 -0.7019554 0.3141148
vn 0.6313677 -0.7019554 0.3295957
vn 0.7333277 -0.6784262 0.0443658
vn 0.7333277 -0.6705831 0.112021
vn 0.09803849 0.6548969 -0.7493321
vn -0.1764692 0.670583 -0.7205394
vn -0.1843122 0.6784261 -0.7111729
vn 0.1843123 0.66274 -0.7258131
vn -0.1450969 0.6235245 0.7682213
vn -0.07450914 0.6078384 0.7905573
vn 0.1607831 0.5921522 0.789623
vn 0.145097 0.5921522 0.7926554
vn -0.1372538 -0.4666631 0.8737202
vn -0.1999984 -0.4666631 0.8615255
vn 0.1999985 -0.4901924 0.8483585
vn 0.1921554 -0.4901924 0.8501692
vn 0.1058816 -0.7882293 -0.6062043
vn -0.1058815 -0.7647001 -0.635628
vn -0.1215676 -0.7647001 -0.6328153
vn 0.04313695 -0.7725431 -0.6334953
vn 0.3254877 0.66274 -0.6744134
vn 0.3254877 0.66274 -0.6744134
vn 0.09803849 0.6548969 -0.7493321
vn 0.1843123 0.66274 -0.7258131
vn -0.2470568 0.6313677 0.7350767
vn -0.2470568 0.6313677 0.7350767
vn -0.07450914 0.6078384 0.7905573
vn -0.1450969 0.6235245 0.7682213
vn -0.1372538 -0.4666631 0.8737202
vn -0.3647031 -0.4666631 0.8057402
vn -0.3647031 -0.4666631 0.8057402
vn -0.1999984 -0.4666631 0.8615255
vn 0.04313695 -0.7725431 -0.6334953
vn 0.1764693 -0.7960724 -0.5789019
vn 0.1764693 -0.7960724 -0.5789019
vn 0.1058816 -0.7882293 -0.6062043
vn 0.06666619 0.7333276 0.676599
vn -0.1686261 0.7176415 0.6756892
vn -0.1686261 0.7176415 0.6756892
vn 0.08235234 0.7333276 0.6748694
vn -0.02745068 0.6078384 -0.7935861
vn 0.247057 0.6392107 -0.7282668
vn 0.2313708 0.6392107 -0.7334011
vn -0.05097997 0.6078384 -0.7924226
vn 0.2235277 -0.5372508 -0.8132631
vn 0.2156847 -0.5372508 -0.8153782
vn -0.07450914 -0.552937 -0.829885
vn -0.08235228 -0.552937 -0.8291435
vn -0.1921554 -0.8039154 0.5628465
vn -0.1999984 -0.8039154 0.5601076
vn 0.01176465 -0.7803862 0.6251872
vn 0.03529388 -0.7725431 0.6339806
vn -0.01176453 -0.003921568 -0.9999231
vn -0.01176453 -0.003921568 -0.9999231
vn -0.01176453 -0.003921568 -0.9999231
vn -0.01176453 -0.003921568 -0.9999231
vn -0.9999923 0.003921509 -0.0003449296
vn -0.9999923 0.003921509 -0.0003449296
vn -0.9999923 0.003921509 -0.0003449296
vn -0.9999923 0.003921509 -0.0003449296
vn 0.003921568 0.003921509 -0.9999846
vn 0.003921568 0.003921509 -0.9999846
vn 0.003921568 0.003921509 -0.9999846
vn 0.003921568 0.003921509 -0.9999846
vn -0.003921509 0.003921509 -0.9999846
vn -0.003921509 0.003921509 -0.9999846
vn -0.003921509 0.003921509 -0.9999846
vn -0.003921509 0.003921509 -0.9999846
vn -0.8352877 0.003921509 -0.5497991
vn -0.7333276 0.02745068 -0.679321
vn -0.7490138 0.003921509 -0.6625428
vn -0.8352877 0.003921509 -0.5497991
vn -0.8901892 0.003921509 -0.4555742
vn -0.8901892 0.003921509 -0.4555742
vn -0.8901892 0.003921509 -0.4555742
vn -0.9450908 0.003921509 -0.3267844
vn -0.9450908 0.003921509 -0.3267844
vn -0.8901892 0.003921509 -0.4555742
vn -0.9843061 0.003921509 -0.176426
vn -0.9843061 0.003921509 -0.176426
vn -0.01960766 0.003921509 -0.9998001
vn -0.01960766 0.003921509 -0.9998001
vn -0.01960766 0.003921509 -0.9998001
vn -0.01960766 0.003921509 -0.9998001
vn -0.01960766 0.003921509 -0.9998001
vn -0.01960766 0.003921509 -0.9998001
vn -0.01960766 0.003921509 -0.9998001
vn -0.01960766 0.003921509 -0.9998001
vn -0.003921509 0.9999923 -0.000345267
vn -0.003921509 0.9999923 -0.000345267
vn -0.003921509 0.9999923 -0.000345267
vn -0.003921509 0.9999923 -0.000345267
vn -0.003921509 0.9999923 -0.000345267
vn -0.003921509 0.9999923 -0.000345267
vn -0.003921509 0.9999923 -0.000345267
vn 0.003921568 0.9999923 -0.000345267
vn -0.003921509 0.9999923 -0.000345267
vn -0.003921509 0.9999923 -0.000345267
vn -0.003921509 0.9999923 -0.000345267
vn -0.003921509 0.9999923 -0.000345267
vn -0.003921509 0.9999923 -0.000345267
vn -0.003921509 0.9999923 -0.000345267
vn -0.003921509 0.9999923 -0.000345267
vn -0.003921509 0.9999923 -0.000345267
vn -0.003921509 0.9999923 -0.000345267
vn -0.003921509 0.9999923 -0.000345267
vn -0.003921509 0.9999923 -0.000345267
vn -0.003921509 0.9999923 -0.000345267
vn -0.003921509 0.9999923 -0.000345267
vn -0.003921509 0.9999923 -0.000345267
vn -0.003921509 0.9999923 -0.000345267
vn -0.003921509 0.9999923 -0.000345267
vn -0.003921509 0.9999923 -0.000345267
vn -0.003921509 0.9999923 -0.000345267
vn -0.003921509 0.9999923 -0.000345267
vn -0.003921509 0.9999923 -0.000345267
vn -0.003921509 0.9999923 -0.000345267
vn -0.003921509 0.9999923 -0.000345267
vn -0.003921509 0.9999923 -0.000345267
vn -0.003921509 0.9999923 -0.000345267
vn -0.003921509 0.9999923 -0.000345267
vn 0.003921568 0.9999923 -0.000345267
vn 0.003921568 0.9999923 -0.000345267
vn -0.003921509 0.9999923 -0.000345267
vn -0.003921509 0.9999923 -0.000345267
vn 0.003921568 0.9999923 -0.000345267
vn 0.003921568 0.9999923 -0.000345267
vn 0.003921568 0.9999923 -0.000345267
vn 0.003921568 0.9999923 -0.000345267
vn 0.003921568 0.9999923 -0.000345267
vn -0.003921509 0.9999923 -0.000345267
vn -0.003921509 0.9999923 -0.000345267
vn 0.003921568 0.9999923 -0.000345267
vn 0.003921568 0.9999923 -0.000345267
vn -0.003921509 0.9999923 -0.000345267
vn -0.003921509 0.9999923 -0.000345267
vn -0.003921509 0.9999923 -0.000345267
vn -0.003921509 0.9999923 -0.000345267
vn -0.003921509 0.9999923 -0.000345267
vn -0.003921509 0.9999923 -0.000345267
vn -0.003921509 0.9999923 -0.000345267
vn -0.003921509 0.9999923 -0.000345267
vn -0.003921509 0.9999923 -0.000345267
vn -0.003921509 0.9999923 -0.000345267
vn -0.003921509 0.9999923 -0.000345267
vn -0.003921509 0.9999923 -0.000345267
vn -0.003921509 0.9999923 -0.000345267
vn -0.003921509 0.9999923 -0.000345267
vn -0.003921509 0.9999923 -0.000345267
vn -0.003921509 0.9999923 -0.000345267
vn -0.003921509 0.9999923 -0.000345267
vn 0.003921568 0.9999923 -0.000345267
vn -0.003921509 0.9999923 -0.000345267
vn -0.003921509 0.9999923 -0.000345267
vn -0.003921509 0.9999923 -0.000345267
vn -0.003921509 0.9999923 -0.000345267
vn -0.003921509 0.9999923 -0.000345267
vn -0.003921509 0.9999923 -0.000345267
vn -0.003921509 0.9999923 -0.000345267
vn -0.003921509 0.9999923 -0.000345267
vn -0.003921509 0.9999923 -0.000345267
vn -0.003921509 0.9999923 -0.000345267
vn -0.003921509 0.9999923 -0.000345267
vn -0.003921509 0.9999923 -0.000345267
vn -0.003921509 0.9999923 -0.000345267
vn -0.003921509 0.9999923 -0.000345267
vn -0.0117638 -0.9999309 0
vn -0.0117638 -0.9999309 0
vn -0.0117638 -0.9999309 0
vn -0.0117638 -0.9999309 0
vn -0.003921509 -0.9999924 0
vn -0.003921509 -0.9999924 0
vn -0.003921509 -0.9999924 0
vn -0.003921509 -0.9999924 0
vn -0.0117638 -0.9999309 0
vn -0.0117638 -0.9999309 0
vn 0.9999924 -0.003921568 0
vn 0.9999924 -0.003921568 0
vn 0.9999924 -0.003921568 0
vn 0.9999924 -0.003921568 0
vn -0.003921509 0.9999923 -0.000345267
vn -0.003921509 0.9999923 -0.000345267
vn -0.003921509 0.9999923 -0.000345267
vn -0.003921509 0.9999923 -0.000345267
vn 0.003921568 0.9999923 -0.000345267
vn 0.003921568 0.9999923 -0.000345267
vn -0.9999923 -0.003921568 -0.0003442513
vn -0.9999923 -0.003921568 -0.0003442513
vn -0.9999923 -0.003921568 -0.0003442513
vn -0.9999923 -0.003921568 -0.0003442513
vn 0.9999924 0.003921509 0
vn 0.9999924 0.003921509 0
vn 0.9999924 0.003921509 0
vn 0.9999924 0.003921509 0
vn -0.003921509 0.9999923 -0.000345267
vn -0.003921509 0.9999923 -0.000345267
vn -0.003921509 0.9999923 -0.000345267
vn -0.003921509 0.9999923 -0.000345267
vn -0.9999923 0.003921509 -0.0003449296
vn -0.9999923 0.003921509 -0.0003449296
vn -0.9999923 0.003921509 -0.0003449296
vn -0.9999923 0.003921509 -0.0003449296
vn -0.0901953 -0.003921568 0.9959164
vn -0.0901953 -0.003921568 0.9959164
vn -0.09803843 -0.003921568 0.9951749
vn -0.09803843 -0.003921568 0.9951749
vn -0.0901953 0.003921509 0.9959164
vn -0.0901953 0.003921509 0.9959164
vn -0.09803843 0.003921509 0.9951749
vn -0.09803843 0.003921509 0.9951749
vn 0.2156847 0.04313684 0.9755098
vn 0.04313695 0.01176453 0.9989999
vn 0.04313695 0.01176453 0.9989999
vn 0.2235277 0.03529382 0.9740583
vn 0.2313708 -0.03529388 0.9722252
vn 0.2156847 -0.04313695 0.9755098
vn 0.04313695 -0.01176465 0.9989999
vn 0.04313695 -0.01176465 0.9989999
vn -0.01960766 0.03529382 0.9991846
vn -0.01176453 0.02745068 0.9995539
vn -0.01960766 -0.0274508 0.9994308
vn -0.01176453 -0.01960772 0.9997385
vn 0.08235234 0.01960766 -0.9964104
vn 0.1137246 0.01960766 -0.9933188
vn 0.1137246 0.01960766 -0.9933188
vn 0.07450926 0.01960766 -0.9970275
vn 0.08235234 -0.01960772 -0.9964104
vn 0.07450926 -0.01960772 -0.9970275
vn 0.1137246 -0.01960772 -0.9933188
vn 0.1137246 -0.01960772 -0.9933188
vn -0.02745068 -0.003921568 -0.9996155
vn -0.03529382 -0.003921568 -0.9993693
vn -0.1764692 -0.0274508 -0.9839233
vn -0.1843122 -0.0274508 -0.9824843
vn -0.1843122 0.02745068 -0.9824843
vn -0.1764692 0.03529382 -0.9836732
vn -0.02745068 0.003921509 -0.9996155
vn -0.03529382 0.003921509 -0.9993693
vn 0.0274508 -0.03529388 -0.9989999
vn 0.01960772 -0.01960772 -0.9996155
vn 0.0274508 0.02745068 -0.9992462
vn 0.01960772 0.01960766 -0.9996155
vn 0.003921568 0.9999923 -0.000345267
vn 0.003921568 0.9999923 -0.000345267
vn 0.003921568 0.9999923 -0.000345267
vn 0.003921568 0.9999923 -0.000345267
vn -0.9999923 0.003921509 -0.0003449296
vn -0.9999923 0.003921509 -0.0003449296
vn -0.9999923 0.003921509 -0.0003449296
vn -0.9999923 0.003921509 -0.0003449296
vn 0.003921568 -0.9999924 0
vn 0.003921568 -0.9999924 0
vn 0.003921568 -0.9999924 0
vn 0.003921568 -0.9999924 0
vn 0.9999924 -0.003921568 0
vn 0.9999924 -0.003921568 0
vn 0.9999924 -0.003921568 0
vn 0.9999924 -0.003921568 0
vn -0.0117638 -0.9999309 0
vn -0.0117638 -0.9999309 0
vn -0.0117638 -0.9999309 0
vn -0.0117638 -0.9999309 0
vn 0.9764631 -0.003921568 -0.2156487
vn 0.9764631 -0.003921568 -0.2156487
vn 0.9764631 -0.003921568 -0.2156487
vn 0.9764631 -0.003921568 -0.2156487
vn -0.003921509 0.9999923 -0.000345267
vn -0.003921509 0.9999923 -0.000345267
vn -0.003921509 0.9999923 -0.000345267
vn -0.003921509 0.9999923 -0.000345267
vn -0.9764631 0.003921509 0.215649
vn -0.9764631 0.003921509 0.215649
vn -0.9764631 0.003921509 0.215649
vn -0.9764631 0.003921509 0.215649
vn 0.1686262 -0.003921568 0.9856722
vn 0.1764693 -0.003921568 0.9842983
vn 0.1686262 -0.003921568 0.9856722
vn 0.1686262 -0.003921568 0.9856722
vn 0.1686262 0.003921509 0.9856722
vn 0.1764693 0.003921509 0.9842983
vn 0.1686262 0.003921509 0.9856722
vn 0.1686262 0.003921509 0.9856722
vn -0.1843122 0.01960766 -0.9826722
vn -0.1529399 0.01960766 -0.988041
vn -0.1529399 0.01960766 -0.988041
vn -0.1843122 0.01960766 -0.9826722
vn -0.1843122 -0.01960772 -0.9826722
vn -0.1921554 -0.01960772 -0.9811686
vn -0.1529399 -0.01960772 -0.988041
vn -0.1529399 -0.01960772 -0.988041
vn 0.003921568 0.9999923 -0.000345267
vn 0.003921568 0.9999923 -0.000345267
vn 0.003921568 0.9999923 -0.000345267
vn 0.003921568 0.9999923 -0.000345267
vn -0.9764631 0.003921509 0.215649
vn -0.9764631 0.003921509 0.215649
vn -0.9764631 0.003921509 0.215649
vn -0.9764631 0.003921509 0.215649
vn 0.003921568 -0.9999924 0
vn 0.003921568 -0.9999924 0
vn 0.003921568 -0.9999924 0
vn 0.003921568 -0.9999924 0
vn 0.9764631 -0.003921568 -0.2156487
vn 0.9764631 -0.003921568 -0.2156487
vn 0.9764631 -0.003921568 -0.2156487
vn 0.9764631 -0.003921568 -0.2156487
vn 0.003921568 0.9999923 -0.000345267
vn 0.003921568 0.9999923 -0.000345267
vn 0.003921568 0.9999923 -0.000345267
vn 0.003921568 0.9999923 -0.000345267
vn 0.01176392 0.9999309 0
vn 0.01176392 0.9999309 0
vn 0.003921568 -0.9999924 0
vn 0.003921568 -0.9999924 0
vn 0.003921568 -0.9999924 0
vn 0.003921568 -0.9999924 0
vn -0.003921509 -0.9999924 0
vn -0.003921509 -0.9999924 0
vn 0.9999924 -0.003921568 0
vn 0.9999924 -0.003921568 0
vn 0.9999924 -0.003921568 0
vn 0.9999924 -0.003921568 0
vn -0.9999923 0.003921509 -0.0003449296
vn -0.9999923 0.003921509 -0.0003449296
vn -0.9999923 0.003921509 -0.0003449296
vn -0.9999923 0.003921509 -0.0003449296
vn 0.5215647 0.003921509 -0.8532028
vn 0.5215647 0.003921509 -0.8532028
vn 0.5215647 0.003921509 -0.8532028
vn 0.5215647 0.003921509 -0.8532028
vn -0.8196015 0.003921509 -0.5729206
vn -0.8196015 0.003921509 -0.5729206
vn -0.8196015 0.003921509 -0.5729206
vn -0.8196015 0.003921509 -0.5729206
vn 0.003921568 0.9999923 -0.000345267
vn 0.003921568 0.9999923 -0.000345267
vn 0.003921568 0.9999923 -0.000345267
vn 0.003921568 0.9999923 -0.000345267
vn 0.8196016 -0.003921568 0.5729204
vn 0.8196016 -0.003921568 0.5729204
vn 0.8196016 -0.003921568 0.5729204
vn 0.8196016 -0.003921568 0.5729204
vn -0.003921509 -0.9999924 0
vn -0.003921509 -0.9999924 0
vn -0.003921509 -0.9999924 0
vn -0.003921509 -0.9999924 0
vn 0.7490139 0.3725461 -0.5478938
vn 0.8039154 0.1137246 -0.5837694
vn 0.5137216 0.1137246 -0.8503863
vn 0.4823493 0.3647031 -0.7964489
vn 0.8980324 0.3803892 -0.2210021
vn 0.9686201 0.1137246 -0.221002
vn 0.7490139 0.3725461 -0.5478938
vn 0.9137185 0.3882322 0.1199758
vn 0.9843062 0.1137246 0.134937
vn 0.9686201 0.1137246 -0.221002
vn 0.8980324 0.3803892 -0.2210021
vn 0.7960724 0.3882322 0.4642678
vn 0.8509739 0.1137246 0.5127476
vn 0.9137185 0.3882322 0.1199758
vn 0.5450939 0.4117615 0.7302911
vn 0.5921524 0.1137246 0.7977608
vn 0.8509739 0.1137246 0.5127476
vn 0.7960724 0.3882322 0.4642678
vn 0.1921554 0.3960754 0.8978868
vn 0.2392139 0.1137246 0.9642839
vn 0.5450939 0.4117615 0.7302911
vn -0.1450969 0.3725461 0.9166004
vn -0.1529399 0.1137246 0.9816701
vn 0.2392139 0.1137246 0.9642839
vn 0.1921554 0.3960754 0.8978868
vn -0.4823492 0.3647031 0.796449
vn -0.5137215 0.1137246 0.8503864
vn -0.1450969 0.3725461 0.9166004
vn -0.1372538 0.5843092 0.7998401
vn -0.1450969 0.3725461 0.9166004
vn 0.1921554 0.3960754 0.8978868
vn 0.1294108 0.6156815 0.777296
vn -0.4196045 0.5764661 0.7011554
vn -0.4823492 0.3647031 0.796449
vn 0.5450939 0.4117615 0.7302911
vn 0.450977 0.6470538 0.6147692
vn 0.1294108 0.6156815 0.777296
vn 0.1921554 0.3960754 0.8978868
vn 0.7960724 0.3882322 0.4642678
vn 0.6862693 0.6156815 0.3872606
vn 0.9137185 0.3882322 0.1199758
vn 0.7803862 0.6156815 0.109241
vn 0.6862693 0.6156815 0.3872606
vn 0.7960724 0.3882322 0.4642678
vn 0.8980324 0.3803892 -0.2210021
vn 0.7725431 0.5999954 -0.2078043
vn 0.7490139 0.3725461 -0.5478938
vn 0.6470539 0.5843092 -0.4897999
vn 0.7725431 0.5999954 -0.2078043
vn 0.8980324 0.3803892 -0.2210021
vn 0.4823493 0.3647031 -0.7964489
vn 0.4196047 0.5764661 -0.7011553
vn -0.4823492 0.3647031 0.796449
vn -0.7490138 0.3647031 0.5531456
vn -0.8039154 0.1137246 0.5837694
vn -0.5137215 0.1137246 0.8503864
vn -0.9058753 0.3647031 0.2153638
vn -0.9686199 0.1137246 0.2210025
vn -0.7490138 0.3647031 0.5531456
vn -0.9215615 0.3647031 -0.1331018
vn -0.9843061 0.1137246 -0.1349379
vn -0.9686199 0.1137246 0.2210025
vn -0.9058753 0.3647031 0.2153638
vn -0.7960722 0.3647031 -0.4829707
vn -0.8509738 0.1137246 -0.5127477
vn -0.9215615 0.3647031 -0.1331018
vn -0.5529369 0.3647031 -0.7491679
vn -0.5921522 0.1137246 -0.797761
vn -0.8509738 0.1137246 -0.5127477
vn -0.7960722 0.3647031 -0.4829707
vn -0.2235277 0.3647031 -0.9038955
vn -0.2392138 0.1137246 -0.9642839
vn -0.5529369 0.3647031 -0.7491679
vn 0.1372539 0.3647031 -0.9209523
vn 0.15294 0.1137246 -0.9816701
vn -0.2392138 0.1137246 -0.9642839
vn -0.2235277 0.3647031 -0.9038955
vn 0.4823493 0.3647031 -0.7964489
vn 0.5137216 0.1137246 -0.8503863
vn 0.1372539 0.3647031 -0.9209523
vn 0.1215677 0.5764661 -0.8080273
vn 0.1372539 0.3647031 -0.9209523
vn -0.2235277 0.3647031 -0.9038955
vn -0.1921554 0.5764661 -0.794206
vn 0.4196047 0.5764661 -0.7011553
vn 0.4823493 0.3647031 -0.7964489
vn -0.5529369 0.3647031 -0.7491679
vn -0.4823492 0.5764661 -0.6595651
vn -0.1921554 0.5764661 -0.794206
vn -0.2235277 0.3647031 -0.9038955
vn -0.7960722 0.3647031 -0.4829707
vn -0.7019553 0.5764661 -0.418265
vn -0.9215615 0.3647031 -0.1331018
vn -0.8039154 0.5764661 -0.146311
vn -0.7019553 0.5764661 -0.418265
vn -0.7960722 0.3647031 -0.4829707
vn -0.9058753 0.3647031 0.2153638
vn -0.7882292 0.5764661 0.2153638
vn -0.7490138 0.3647031 0.5531456
vn -0.6548969 0.5764661 0.4886686
vn -0.7882292 0.5764661 0.2153638
vn -0.9058753 0.3647031 0.2153638
vn -0.4823492 0.3647031 0.796449
vn -0.4196045 0.5764661 0.7011554
vn -0.1215676 -0.4352908 0.8920444
vn 0.06666619 -0.4274477 0.9015787
vn 0.06666619 -0.4274477 0.9015787
vn -0.1294107 -0.4352908 0.8909404
vn -0.466663 -0.4352908 0.769901
vn -0.1215676 -0.4352908 0.8920444
vn -0.1294107 -0.4352908 0.8909404
vn -0.466663 -0.4352908 0.769901
vn -0.7254846 -0.4352908 0.5330985
vn -0.7254846 -0.4352908 0.5330985
vn 0.8274447 -0.4274477 -0.3641755
vn 0.7333277 -0.4352908 -0.522257
vn 0.7254847 -0.4352908 -0.5330984
vn 0.8274447 -0.4274477 -0.3641755
vn 0.7333277 -0.4352908 -0.522257
vn 0.4666631 -0.4352908 -0.7699009
vn 0.4666631 -0.4352908 -0.7699009
vn 0.7254847 -0.4352908 -0.5330984
vn 0.1372539 -0.4352908 -0.8897659
vn 0.1372539 -0.4352908 -0.8897659
vn 0.1372539 -0.4352908 -0.8897659
vn -0.2156845 -0.4352908 -0.8740721
vn -0.2156845 -0.4352908 -0.8740721
vn 0.1372539 -0.4352908 -0.8897659
vn -0.5372508 -0.4352908 -0.7224151
vn -0.5372508 -0.4352908 -0.7224151
vn -0.5372508 -0.4352908 -0.7224151
vn -0.7725431 -0.4352908 -0.462276
vn -0.7725431 -0.4352908 -0.462276
vn -0.5372508 -0.4352908 -0.7224151
vn -0.8901892 -0.4352908 -0.1344809
vn -0.8901892 -0.4352908 -0.1344809
vn -0.8901892 -0.4352908 -0.1344809
vn -0.874503 -0.4352908 0.2139307
vn -0.874503 -0.4352908 0.2139307
vn -0.8901892 -0.4352908 -0.1344809
vn -0.7254846 -0.4352908 0.5330985
vn -0.7254846 -0.4352908 0.5330985
vn 0.9999924 -0.003921568 0
vn 0.9999924 -0.003921568 0
vn 0.9999924 -0.003921568 0
vn 0.9999924 -0.003921568 0
vn -0.003921509 -0.9999924 0
vn -0.003921509 -0.9999924 0
vn -0.003921509 -0.9999924 0
vn -0.003921509 -0.9999924 0
vn -0.9999923 0.003921509 -0.0003449296
vn -0.9999923 0.003921509 -0.0003449296
vn -0.9999923 0.003921509 -0.0003449296
vn -0.9999923 0.003921509 -0.0003449296
vn -0.003921509 0.9999923 -0.000345267
vn -0.003921509 0.9999923 -0.000345267
vn 0.003921568 0.9999923 -0.000345267
vn -0.003921509 0.9999923 -0.000345267
vn -0.003921509 0.9999923 -0.000345267
vn 0.003921568 0.9999923 -0.000345267
vn 0.003921568 0.9999923 -0.000345267
vn 0.003921568 0.9999923 -0.000345267
vn 0.003921568 0.9999923 -0.000345267
vn 0.003921568 0.9999923 -0.000345267
vn 0.003921568 0.9999923 -0.000345267
vn 0.003921568 0.9999923 -0.000345267
vn 0.003921568 0.9999923 -0.000345267
vn 0.003921568 0.9999923 -0.000345267
vn -0.003921509 0.9999923 -0.000345267
vn 0.003921568 0.9999923 -0.000345267
vn 0.003921568 0.9999923 -0.000345267
vn 0.003921568 0.9999923 -0.000345267
vn 0.003921568 0.9999923 -0.000345267
vn 0.003921568 0.9999923 -0.000345267
vn 0.003921568 0.9999923 -0.000345267
vn 0.003921568 0.9999923 -0.000345267
vn 0.003921568 0.9999923 -0.000345267
vn 0.003921568 0.9999923 -0.000345267
vn 0.003921568 0.9999923 -0.000345267
vn -0.003921509 0.9999923 -0.000345267
vn -0.003921509 0.9999923 -0.000345267
vn -0.003921509 0.9999923 -0.000345267
vn 0.7019554 0.003921509 -0.7122101
vn 0.7019554 0.003921509 -0.7122101
vn 0.4431339 0.003921509 -0.8964469
vn 0.4431339 0.003921509 -0.8964469
vn 0.8823462 0.003921509 -0.4705845
vn 0.8823462 0.003921509 -0.4705845
vn 0.9843062 -0.003921568 -0.1764254
vn 0.9843062 -0.003921568 -0.1764254
vn 0.9921493 -0.003921568 0.1249976
vn 0.9921493 -0.003921568 0.1249976
vn 0.8980324 -0.003921568 0.4399119
vn 0.8980324 -0.003921568 0.4399119
vn -0.466663 0.003921509 -0.8844265
vn -0.466663 0.003921509 -0.8844265
vn -0.7176415 0.003921509 -0.6964017
vn -0.7176415 0.003921509 -0.6964017
vn -0.1686261 -0.003921568 -0.9856723
vn -0.1686261 -0.003921568 -0.9856723
vn 0.145097 -0.003921568 -0.9894097
vn 0.145097 -0.003921568 -0.9894097
vn 0.4431339 0.003921509 -0.8964469
vn 0.4431339 0.003921509 -0.8964469
vn -0.8980323 0.003921509 -0.439912
vn -0.8980323 0.003921509 -0.439912
vn -0.9921492 0.003921509 -0.1249981
vn -0.9921492 0.003921509 -0.1249981
vn -0.9843061 0.003921509 0.176426
vn -0.9843061 0.003921509 0.176426
vn -0.8823462 0.003921509 0.4705847
vn -0.8823462 0.003921509 0.4705847
vn -0.6784261 -0.003921568 0.7346581
vn -0.6784261 -0.003921568 0.7346581
vn -0.4431338 -0.003921568 0.8964469
vn -0.4431338 -0.003921568 0.8964469
vn -0.8980323 0.003921509 -0.439912
vn -0.8980323 0.003921509 -0.439912
vn -0.1686261 -0.003921568 0.9856723
vn -0.1686261 -0.003921568 0.9856723
vn 0.1686262 -0.003921568 0.9856722
vn 0.1686262 -0.003921568 0.9856722
vn -0.4431338 -0.003921568 0.8964469
vn -0.4431338 -0.003921568 0.8964469
vn 0.4666631 -0.003921568 0.8844265
vn 0.4666631 -0.003921568 0.8844265
vn 0.7176416 -0.003921568 0.6964016
vn 0.7176416 -0.003921568 0.6964016
vn 0.8980324 -0.003921568 0.4399119
vn 0.8980324 -0.003921568 0.4399119
vn -0.003921509 0.9999923 -0.000345267
vn -0.003921509 0.9999923 -0.000345267
vn -0.003921509 0.9999923 -0.000345267
vn -0.003921509 0.9999923 -0.000345267
vn -0.0117638 0.9999309 0
vn -0.0117638 0.9999309 0
vn -0.0117638 0.9999309 0
vn -0.0117638 0.9999309 0
vn -0.003921509 0.9999923 -0.000345267
vn -0.003921509 0.9999923 -0.000345267
vn 0.003921568 0.9999923 -0.000345267
vn 0.003921568 0.9999923 -0.000345267
vn 0.003921568 0.9999923 -0.000345267
vn 0.003921568 0.9999923 -0.000345267
vn 0.003921568 0.9999923 -0.000345267
vn 0.003921568 0.9999923 -0.000345267
vn -0.0117638 0.9999309 0
vn -0.0117638 0.9999309 0
vn -0.0117638 0.9999309 0
vn -0.0117638 0.9999309 0
vn 0.01176392 0.9999309 0
vn 0.01176392 0.9999309 0
vn 0.01176392 0.9999309 0
vn 0.01176392 0.9999309 0
vn 0.01176392 0.9999309 0
vn 0.01176392 0.9999309 0
vn 0.01176392 0.9999309 0
vn 0.01176392 0.9999309 0
vn 0.003921568 0.9999923 -0.000345267
vn 0.003921568 0.9999923 -0.000345267
vn 0.003921568 0.9999923 -0.000345267
vn 0.003921568 0.9999923 -0.000345267
vn 0.003921568 0.9999923 -0.000345267
vn 0.003921568 0.9999923 -0.000345267
vn -0.003921509 0.9999923 -0.000345267
vn -0.003921509 0.9999923 -0.000345267
vn -0.003921509 0.9999923 -0.000345267
vn -0.003921509 0.9999923 -0.000345267
vn -0.003921509 0.9999923 -0.000345267
vn -0.003921509 0.9999923 -0.000345267
vn -0.0117638 0.9999309 0
vn -0.0117638 0.9999309 0
vn -0.4431338 0.003921509 0.8964469
vn -0.4431338 0.003921509 0.8964469
vn -0.7019553 0.003921509 0.7122102
vn -0.7019553 0.003921509 0.7122102
vn -0.8823462 0.003921509 0.4705847
vn -0.8823462 0.003921509 0.4705847
vn -0.9843061 0.003921509 0.176426
vn -0.9843061 0.003921509 0.176426
vn -0.9921492 0.003921509 -0.1249981
vn -0.9921492 0.003921509 -0.1249981
vn -0.8980323 0.003921509 -0.439912
vn -0.8980323 0.003921509 -0.439912
vn 0.7176416 -0.003921568 0.6964016
vn 0.7176416 -0.003921568 0.6964016
vn 0.4666631 -0.003921568 0.8844265
vn 0.4666631 -0.003921568 0.8844265
vn 0.1686262 -0.003921568 0.9856722
vn 0.1686262 -0.003921568 0.9856722
vn -0.1450969 0.003921509 0.9894097
vn -0.1450969 0.003921509 0.9894097
vn -0.4431338 0.003921509 0.8964469
vn -0.4431338 0.003921509 0.8964469
vn 0.8980324 -0.003921568 0.4399119
vn 0.8980324 -0.003921568 0.4399119
vn 0.9843062 0.003921509 -0.1764254
vn 0.9843062 0.003921509 -0.1764254
vn 0.9921493 -0.003921568 0.1249976
vn 0.9921493 -0.003921568 0.1249976
vn 0.8823462 0.003921509 -0.4705845
vn 0.8823462 0.003921509 -0.4705845
vn 0.6784262 -0.003921568 -0.7346581
vn 0.6784262 -0.003921568 -0.7346581
vn 0.4431339 -0.003921568 -0.8964469
vn 0.4431339 -0.003921568 -0.8964469
vn 0.8980324 -0.003921568 0.4399119
vn 0.8980324 -0.003921568 0.4399119
vn -0.1686261 0.003921509 -0.9856723
vn -0.1686261 0.003921509 -0.9856723
vn 0.1686262 -0.003921568 -0.9856722
vn 0.1686262 -0.003921568 -0.9856722
vn 0.4431339 -0.003921568 -0.8964469
vn 0.4431339 -0.003921568 -0.8964469
vn -0.466663 0.003921509 -0.8844265
vn -0.466663 0.003921509 -0.8844265
vn -0.7176415 0.003921509 -0.6964017
vn -0.7176415 0.003921509 -0.6964017
vn -0.8980323 0.003921509 -0.439912
vn -0.8980323 0.003921509 -0.439912
vn -0.003921509 -0.9999924 0
vn -0.003921509 -0.9999924 0
vn -0.003921509 -0.9999924 0
vn -0.003921509 -0.9999924 0
vn -0.003921509 -0.9999924 0
vn -0.003921509 -0.9999924 0
vn -0.003921509 -0.9999924 0
vn -0.003921509 -0.9999924 0
vn -0.003921509 -0.9999924 0
vn -0.003921509 -0.9999924 0
vn 0.003921568 -0.9999924 0
vn 0.003921568 -0.9999924 0
vn 0.003921568 -0.9999924 0
vn 0.003921568 -0.9999924 0
vn 0.003921568 -0.9999924 0
vn 0.003921568 -0.9999924 0
vn -0.003921509 -0.9999924 0
vn -0.003921509 -0.9999924 0
vn -0.003921509 -0.9999924 0
vn -0.003921509 -0.9999924 0
vn 0.003921568 -0.9999924 0
vn 0.003921568 -0.9999924 0
vn 0.003921568 -0.9999924 0
vn 0.003921568 -0.9999924 0
vn 0.003921568 -0.9999924 0
vn 0.003921568 -0.9999924 0
vn 0.003921568 -0.9999924 0
vn 0.003921568 -0.9999924 0
vn 0.003921568 -0.9999924 0
vn 0.003921568 -0.9999924 0
vn 0.003921568 -0.9999924 0
vn 0.003921568 -0.9999924 0
vn 0.003921568 -0.9999924 0
vn 0.003921568 -0.9999924 0
vn -0.003921509 -0.9999924 0
vn -0.003921509 -0.9999924 0
vn -0.003921509 -0.9999924 0
vn -0.003921509 -0.9999924 0
vn -0.003921509 -0.9999924 0
vn -0.003921509 -0.9999924 0
vn -0.003921509 -0.9999924 0
vn -0.003921509 -0.9999924 0
vn 0.04309721 -0.9990709 0
vn 0.04309721 -0.9990709 0
vn 0.03527218 -0.9993777 0
vn 0.03527218 -0.9993777 0
vn 0.03527218 -0.9993777 0
vn 0.03527218 -0.9993777 0
vn 0.05882311 -0.9921493 -0.1103613
vn 0.05882311 -0.9921493 -0.1103613
vn -0.07450914 -0.9921493 0.1004398
vn -0.07450914 -0.9921493 0.1004398
vn -0.05872193 -0.9982743 0
vn -0.05872193 -0.9982743 0
vn -0.07450914 -0.9921493 0.1004398
vn -0.07450914 -0.9921493 0.1004398
vn 0.03529388 -0.9921493 0.1199754
vn 0.03529388 -0.9921493 0.1199754
vn -0.01960766 -0.9921493 0.1235125
vn -0.01960766 -0.9921493 0.1235125
vn 0.08235234 -0.9921493 0.09411613
vn 0.08235234 -0.9921493 0.09411613
vn 0.1215677 -0.9921493 0.02934363
vn 0.1215677 -0.9921493 0.02934363
vn -0.01960766 -0.9921493 0.1235125
vn -0.01960766 -0.9921493 0.1235125
vn -0.07450914 -0.9921493 0.1004398
vn -0.07450914 -0.9921493 0.1004398
vn 0.1370349 -0.9905663 0
vn 0.1370349 -0.9905663 0
vn 0.1215677 -0.9921493 0.02934363
vn 0.1215677 -0.9921493 0.02934363
vn 0.1370349 -0.9905663 0
vn 0.1370349 -0.9905663 0
vn 0.1370349 -0.9905663 0
vn 0.1370349 -0.9905663 0
vn 0.1137246 -0.9921493 -0.05202373
vn 0.1137246 -0.9921493 -0.05202373
vn 0.1370349 -0.9905663 0
vn 0.1370349 -0.9905663 0
vn 0.05882311 -0.9921493 -0.1103613
vn 0.05882311 -0.9921493 -0.1103613
vn -0.8117584 0.3647031 -0.456114
vn -0.86666 0.1137246 -0.4857645
vn -0.9843061 0.1137246 -0.1349379
vn -0.9137185 0.3803892 -0.1429077
vn -0.5764661 0.3647031 -0.7312171
vn -0.6156815 0.1137246 -0.7797455
vn -0.8117584 0.3647031 -0.456114
vn -0.2549 0.3647031 -0.8955544
vn -0.2705861 0.1137246 -0.955955
vn -0.6156815 0.1137246 -0.7797455
vn -0.5764661 0.3647031 -0.7312171
vn 0.1058816 0.3647031 -0.9250842
vn 0.1137246 0.1137246 -0.986982
vn -0.2549 0.3647031 -0.8955544
vn 0.450977 0.3647031 -0.8146235
vn 0.4823493 0.1137246 -0.8685654
vn 0.1137246 0.1137246 -0.986982
vn 0.1058816 0.3647031 -0.9250842
vn 0.7254847 0.3647031 -0.583664
vn 0.7803862 0.1137246 -0.6148691
vn 0.450977 0.3647031 -0.8146235
vn 0.8980324 0.3647031 -0.2460276
vn 0.9529339 0.1137246 -0.2810404
vn 0.7803862 0.1137246 -0.6148691
vn 0.7254847 0.3647031 -0.583664
vn 0.9215616 0.3647031 0.1331012
vn 0.9843062 0.1137246 0.134937
vn 0.8980324 0.3647031 -0.2460276
vn 0.7803862 0.5764661 -0.2422482
vn 0.8980324 0.3647031 -0.2460276
vn 0.7254847 0.3647031 -0.583664
vn 0.6392108 0.5764661 -0.5090151
vn 0.8117585 0.5764661 0.09346107
vn 0.9215616 0.3647031 0.1331012
vn 0.450977 0.3647031 -0.8146235
vn 0.3960754 0.5764661 -0.7147105
vn 0.6392108 0.5764661 -0.5090151
vn 0.7254847 0.3647031 -0.583664
vn 0.1058816 0.3647031 -0.9250842
vn 0.09019542 0.5764661 -0.8121278
vn -0.2549 0.3647031 -0.8955544
vn -0.2235277 0.5764661 -0.7859531
vn 0.09019542 0.5764661 -0.8121278
vn 0.1058816 0.3647031 -0.9250842
vn -0.5764661 0.3647031 -0.7312171
vn -0.5058784 0.5764661 -0.641696
vn -0.8117584 0.3647031 -0.456114
vn -0.7097985 0.5843092 -0.3934068
vn -0.5058784 0.5764661 -0.641696
vn -0.5764661 0.3647031 -0.7312171
vn -0.9137185 0.3803892 -0.1429077
vn -0.7882292 0.5999954 -0.1367489
vn 0.8117585 0.3647031 0.4561138
vn 0.8666601 0.1137246 0.4857644
vn 0.9843062 0.1137246 0.134937
vn 0.9215616 0.3647031 0.1331012
vn 0.5764662 0.3647031 0.7312171
vn 0.6156816 0.1137246 0.7797454
vn 0.8117585 0.3647031 0.4561138
vn 0.2627431 0.3725461 0.8900424
vn 0.2705862 0.1137246 0.9559549
vn 0.6156816 0.1137246 0.7797454
vn 0.5764662 0.3647031 0.7312171
vn -0.1058815 0.3803892 0.9187455
vn -0.1137246 0.1137246 0.986982
vn 0.2627431 0.3725461 0.8900424
vn -0.45882 0.3725461 0.8066558
vn -0.4823492 0.1137246 0.8685655
vn -0.1137246 0.1137246 0.986982
vn -0.1058815 0.3803892 0.9187455
vn -0.7097985 0.3803892 0.5928661
vn -0.7803861 0.1137246 0.6148693
vn -0.45882 0.3725461 0.8066558
vn -0.8823462 0.3960754 0.2541448
vn -0.9529338 0.1137246 0.2810408
vn -0.7803861 0.1137246 0.6148693
vn -0.7097985 0.3803892 0.5928661
vn -0.8823462 0.3960754 0.2541448
vn -0.9843061 0.1137246 -0.1349379
vn -0.9137185 0.3803892 -0.1429077
vn -0.7490138 0.6313677 0.2008811
vn -0.8823462 0.3960754 0.2541448
vn -0.7097985 0.3803892 0.5928661
vn -0.6078384 0.5921522 0.5290446
vn -0.7882292 0.5999954 -0.1367489
vn -0.9137185 0.3803892 -0.1429077
vn -0.45882 0.3725461 0.8066558
vn -0.4039184 0.5843092 0.7038698
vn -0.6078384 0.5921522 0.5290446
vn -0.7097985 0.3803892 0.5928661
vn -0.1058815 0.3803892 0.9187455
vn -0.0901953 0.5921522 0.8007625
vn 0.2627431 0.3725461 0.8900424
vn 0.2392139 0.5843092 0.7754737
vn -0.0901953 0.5921522 0.8007625
vn -0.1058815 0.3803892 0.9187455
vn 0.5764662 0.3647031 0.7312171
vn 0.5058785 0.5764661 0.641696
vn 0.8117585 0.3647031 0.4561138
vn 0.7097985 0.5764661 0.4048122
vn 0.5058785 0.5764661 0.641696
vn 0.5764662 0.3647031 0.7312171
vn 0.9215616 0.3647031 0.1331012
vn 0.8117585 0.5764661 0.09346107
vn 0.8666601 -0.4352908 -0.2437668
vn 0.7019554 -0.4352908 -0.5637202
vn 0.7019554 -0.4352908 -0.5637202
vn 0.8666601 -0.4352908 -0.2437668
vn 0.4352908 -0.4352908 -0.7880633
vn 0.4352908 -0.4352908 -0.7880633
vn 0.8980324 -0.4352908 0.06371649
vn 0.8666601 -0.4352908 -0.2437668
vn 0.8666601 -0.4352908 -0.2437668
vn 0.8980324 -0.4352908 0.06371649
vn 0.7882293 -0.4352908 0.4349902
vn 0.7882293 -0.4352908 0.4349902
vn 0.4352908 -0.4352908 -0.7880633
vn 0.1058816 -0.4352908 -0.894042
vn 0.1058816 -0.4352908 -0.894042
vn 0.4352908 -0.4352908 -0.7880633
vn -0.2470568 -0.4352908 -0.8657279
vn -0.2470568 -0.4352908 -0.8657279
vn -0.2470568 -0.4352908 -0.8657279
vn -0.5607799 -0.4352908 -0.7043066
vn -0.5607799 -0.4352908 -0.7043066
vn -0.2470568 -0.4352908 -0.8657279
vn -0.7882292 -0.4352908 -0.4349903
vn -0.7882292 -0.4352908 -0.4349903
vn -0.7882292 -0.4352908 -0.4349903
vn -0.86666 -0.4274477 -0.257272
vn -0.86666 -0.4274477 -0.257272
vn -0.7882292 -0.4352908 -0.4349903
vn 0.05098003 -0.4274477 0.9026015
vn 0.2313708 -0.4352908 0.8700514
vn 0.2392139 -0.4352908 0.8679278
vn 0.05098003 -0.4274477 0.9026015
vn 0.2313708 -0.4352908 0.8700514
vn 0.56078 -0.4352908 0.7043065
vn 0.56078 -0.4352908 0.7043065
vn 0.2392139 -0.4352908 0.8679278
vn 0.7882293 -0.4352908 0.4349902
vn 0.7882293 -0.4352908 0.4349902
vn -0.003921509 0.9999923 -0.000345267
vn -0.003921509 0.9999923 -0.000345267
vn -0.003921509 0.9999923 -0.000345267
vn -0.003921509 0.9999923 -0.000345267
vn -0.003921509 0.9999923 -0.000345267
vn -0.003921509 0.9999923 -0.000345267
vn -0.003921509 0.9999923 -0.000345267
vn -0.003921509 0.9999923 -0.000345267
vn -0.003921509 0.9999923 -0.000345267
vn -0.003921509 0.9999923 -0.000345267
vn 0.003921568 0.9999923 -0.000345267
vn 0.003921568 0.9999923 -0.000345267
vn -0.003921509 0.9999923 -0.000345267
vn 0.003921568 0.9999923 -0.000345267
vn 0.003921568 0.9999923 -0.000345267
vn -0.003921509 0.9999923 -0.000345267
vn -0.003921509 0.9999923 -0.000345267
vn 0.003921568 0.9999923 -0.000345267
vn -0.003921509 0.9999923 -0.000345267
vn 0.003921568 0.9999923 -0.000345267
vn 0.003921568 0.9999923 -0.000345267
vn -0.003921509 0.9999923 -0.000345267
vn -0.003921509 0.9999923 -0.000345267
vn 0.003921568 0.9999923 -0.000345267
vn 0.003921568 0.9999923 -0.000345267
vn -0.003921509 0.9999923 -0.000345267
vn -0.003921509 0.9999923 -0.000345267
vn -0.003921509 0.9999923 -0.000345267
vn -0.9450908 0.003921509 -0.3267844
vn -0.9450908 0.003921509 -0.3267844
vn -0.9999923 0.003921509 -0.0003449296
vn -0.9999923 0.003921509 -0.0003449296
vn -0.7882292 0.003921509 -0.6153693
vn -0.7882292 0.003921509 -0.6153693
vn -0.5607799 -0.003921568 -0.8279556
vn -0.5607799 -0.003921568 -0.8279556
vn -0.2784292 -0.003921568 -0.9604487
vn -0.2784292 -0.003921568 -0.9604487
vn 0.0274508 -0.003921568 -0.9996155
vn 0.0274508 -0.003921568 -0.9996155
vn -0.6078384 -0.003921568 0.7940511
vn -0.6078384 -0.003921568 0.7940511
vn -0.3333308 0.003921509 0.9428018
vn -0.3333308 0.003921509 0.9428018
vn -0.8274446 -0.003921568 0.5615337
vn -0.8274446 -0.003921568 0.5615337
vn -0.02745068 0.003921509 0.9996155
vn -0.02745068 0.003921509 0.9996155
vn 0.2784293 0.003921509 0.9604487
vn 0.2784293 0.003921509 0.9604487
vn 0.56078 0.003921509 0.8279555
vn 0.56078 0.003921509 0.8279555
vn 0.7882293 0.003921509 0.6153691
vn 0.7882293 0.003921509 0.6153691
vn 0.9529339 0.003921509 0.3031528
vn 0.9529339 0.003921509 0.3031528
vn 0.9999924 0.003921509 0
vn 0.9999924 0.003921509 0
vn -0.02745068 0.003921509 0.9996155
vn -0.02745068 0.003921509 0.9996155
vn 0.9686201 0.003921509 -0.2485151
vn 0.9686201 0.003921509 -0.2485151
vn 0.8274447 -0.003921568 -0.5615336
vn 0.8274447 -0.003921568 -0.5615336
vn 0.9999924 0.003921509 0
vn 0.9999924 0.003921509 0
vn 0.6078385 -0.003921568 -0.794051
vn 0.6078385 -0.003921568 -0.794051
vn 0.3333308 -0.003921568 -0.9428018
vn 0.3333308 -0.003921568 -0.9428018
vn 0.0274508 -0.003921568 -0.9996155
vn 0.0274508 -0.003921568 -0.9996155
vn -0.9999923 0.003921509 -0.0003449296
vn -0.9999923 0.003921509 -0.0003449296
vn -0.9607769 -0.003921568 0.2772946
vn -0.9607769 -0.003921568 0.2772946
vn -0.8274446 -0.003921568 0.5615337
vn -0.8274446 -0.003921568 0.5615337
vn 0.01176392 0.9999309 0
vn 0.01176392 0.9999309 0
vn 0.01176392 0.9999309 0
vn 0.01176392 0.9999309 0
vn 0.003921568 0.9999923 -0.000345267
vn 0.003921568 0.9999923 -0.000345267
vn 0.003921568 0.9999923 -0.000345267
vn 0.003921568 0.9999923 -0.000345267
vn 0.01176392 0.9999309 0
vn 0.01176392 0.9999309 0
vn 0.003921568 0.9999923 -0.000345267
vn 0.003921568 0.9999923 -0.000345267
vn 0.003921568 0.9999923 -0.000345267
vn 0.003921568 0.9999923 -0.000345267
vn -0.003921509 0.9999923 -0.000345267
vn -0.003921509 0.9999923 -0.000345267
vn -0.003921509 0.9999923 -0.000345267
vn -0.003921509 0.9999923 -0.000345267
vn -0.003921509 0.9999923 -0.000345267
vn -0.003921509 0.9999923 -0.000345267
vn -0.003921509 0.9999923 -0.000345267
vn -0.003921509 0.9999923 -0.000345267
vn -0.0117638 0.9999309 0
vn -0.0117638 0.9999309 0
vn -0.0117638 0.9999309 0
vn -0.0117638 0.9999309 0
vn -0.0117638 0.9999309 0
vn -0.0117638 0.9999309 0
vn -0.003921509 0.9999923 -0.000345267
vn -0.003921509 0.9999923 -0.000345267
vn -0.003921509 0.9999923 -0.000345267
vn -0.003921509 0.9999923 -0.000345267
vn -0.003921509 0.9999923 -0.000345267
vn -0.003921509 0.9999923 -0.000345267
vn 0.003921568 0.9999923 -0.000345267
vn 0.003921568 0.9999923 -0.000345267
vn 0.003921568 0.9999923 -0.000345267
vn 0.003921568 0.9999923 -0.000345267
vn 0.003921568 0.9999923 -0.000345267
vn 0.003921568 0.9999923 -0.000345267
vn 0.003921568 0.9999923 -0.000345267
vn 0.003921568 0.9999923 -0.000345267
vn 0.9999924 0.003921509 0
vn 0.9999924 0.003921509 0
vn 0.9450908 0.003921509 0.3267842
vn 0.9450908 0.003921509 0.3267842
vn 0.7882293 0.003921509 0.6153691
vn 0.7882293 0.003921509 0.6153691
vn 0.56078 0.003921509 0.8279555
vn 0.56078 0.003921509 0.8279555
vn 0.2784293 0.003921509 0.9604487
vn 0.2784293 0.003921509 0.9604487
vn -0.02745068 -0.003921568 0.9996155
vn -0.02745068 -0.003921568 0.9996155
vn 0.3333308 -0.003921568 -0.9428018
vn 0.3333308 -0.003921568 -0.9428018
vn 0.6078385 -0.003921568 -0.794051
vn 0.6078385 -0.003921568 -0.794051
vn 0.8274447 0.003921509 -0.5615336
vn 0.8274447 0.003921509 -0.5615336
vn 0.0274508 0.003921509 -0.9996155
vn 0.0274508 0.003921509 -0.9996155
vn -0.5607799 0.003921509 -0.8279556
vn -0.5607799 0.003921509 -0.8279556
vn -0.2784292 0.003921509 -0.9604487
vn -0.2784292 0.003921509 -0.9604487
vn -0.7882292 0.003921509 -0.6153693
vn -0.7882292 0.003921509 -0.6153693
vn -0.9529338 -0.003921568 -0.3031532
vn -0.9529338 -0.003921568 -0.3031532
vn -0.9999923 -0.003921568 -0.0003442513
vn -0.9999923 -0.003921568 -0.0003442513
vn 0.0274508 0.003921509 -0.9996155
vn 0.0274508 0.003921509 -0.9996155
vn -0.8274446 0.003921509 0.5615337
vn -0.8274446 0.003921509 0.5615337
vn -0.9686199 0.003921509 0.2485156
vn -0.9686199 0.003921509 0.2485156
vn -0.9999923 -0.003921568 -0.0003442513
vn -0.9999923 -0.003921568 -0.0003442513
vn -0.6078384 0.003921509 0.7940511
vn -0.6078384 0.003921509 0.7940511
vn -0.3333308 0.003921509 0.9428018
vn -0.3333308 0.003921509 0.9428018
vn -0.02745068 -0.003921568 0.9996155
vn -0.02745068 -0.003921568 0.9996155
vn 0.960777 0.003921509 -0.2772944
vn 0.960777 0.003921509 -0.2772944
vn 0.9999924 0.003921509 0
vn 0.9999924 0.003921509 0
vn 0.8274447 0.003921509 -0.5615336
vn 0.8274447 0.003921509 -0.5615336
vn 0.003921568 -0.9999924 0
vn 0.003921568 -0.9999924 0
vn 0.003921568 -0.9999924 0
vn 0.003921568 -0.9999924 0
vn 0.003921568 -0.9999924 0
vn 0.003921568 -0.9999924 0
vn 0.003921568 -0.9999924 0
vn 0.003921568 -0.9999924 0
vn 0.003921568 -0.9999924 0
vn 0.003921568 -0.9999924 0
vn 0.003921568 -0.9999924 0
vn 0.003921568 -0.9999924 0
vn 0.003921568 -0.9999924 0
vn 0.003921568 -0.9999924 0
vn -0.003921509 -0.9999924 0
vn -0.003921509 -0.9999924 0
vn -0.003921509 -0.9999924 0
vn -0.003921509 -0.9999924 0
vn -0.003921509 -0.9999924 0
vn -0.003921509 -0.9999924 0
vn -0.003921509 -0.9999924 0
vn -0.003921509 -0.9999924 0
vn -0.003921509 -0.9999924 0
vn -0.003921509 -0.9999924 0
vn -0.003921509 -0.9999924 0
vn -0.003921509 -0.9999924 0
vn -0.003921509 -0.9999924 0
vn -0.003921509 -0.9999924 0
vn -0.003921509 -0.9999924 0
vn -0.003921509 -0.9999924 0
vn -0.003921509 -0.9999924 0
vn -0.003921509 -0.9999924 0
vn -0.003921509 -0.9999924 0
vn -0.003921509 -0.9999924 0
vn 0.003921568 -0.9999924 0
vn 0.003921568 -0.9999924 0
vn 0.003921568 -0.9999924 0
vn 0.003921568 -0.9999924 0
vn 0.003921568 -0.9999924 0
vn 0.003921568 -0.9999924 0
vn 0.003921568 -0.9999924 0
vn 0.003921568 -0.9999924 0
vn -0.1372538 -0.9843062 0.1109175
vn -0.1372538 -0.9843062 0.1109175
vn -0.1764692 -0.9843062 0
vn -0.1764692 -0.9843062 0
vn -0.0901953 -0.9843062 0.1516776
vn -0.0901953 -0.9843062 0.1516776
vn -0.1764692 -0.9843062 0
vn -0.1764692 -0.9843062 0
vn -0.1764692 -0.9843062 0
vn -0.1764692 -0.9843062 0
vn -0.01960766 -0.9843062 0.1753763
vn -0.01960766 -0.9843062 0.1753763
vn -0.0901953 -0.9843062 0.1516776
vn -0.0901953 -0.9843062 0.1516776
vn 0.05098003 -0.9843062 0.1689448
vn 0.05098003 -0.9843062 0.1689448
vn -0.01960766 -0.9843062 0.1753763
vn -0.01960766 -0.9843062 0.1753763
vn 0.09803849 -0.9843062 0.1467301
vn 0.09803849 -0.9843062 0.1467301
vn 0.05098003 -0.9843062 0.1689448
vn 0.05098003 -0.9843062 0.1689448
vn 0.09019542 -0.9921493 0.086629
vn 0.09019542 -0.9921493 0.086629
vn 0.05872205 -0.9982743 0
vn 0.05872205 -0.9982743 0
vn -0.05097997 -0.9921493 -0.1141965
vn -0.05097997 -0.9921493 -0.1141965
vn -0.03527213 -0.9993777 0
vn -0.03527213 -0.9993777 0
vn -0.1058815 -0.9843062 -0.1411752
vn -0.1058815 -0.9843062 -0.1411752
vn -0.05097997 -0.9921493 -0.1141965
vn -0.05097997 -0.9921493 -0.1141965
vn -0.1607831 -0.9843062 -0.07273301
vn -0.1607831 -0.9843062 -0.07273301
vn -0.1058815 -0.9843062 -0.1411752
vn -0.1058815 -0.9843062 -0.1411752
vn -0.1764692 -0.9843062 0
vn -0.1764692 -0.9843062 0
vn -0.003921509 -0.003921568 0.9999846
vn -0.003921509 -0.003921568 0.9999846
vn 0.003921568 0.003921509 0.9999846
vn 0.003921568 0.003921509 0.9999846
vn 0.003921568 0.003921509 0.9999846
vn 0.003921568 0.003921509 0.9999846
vn 0.003921568 0.003921509 0.9999846
vn 0.003921568 0.003921509 0.9999846
vn 0.003921568 0.003921509 0.9999846
vn 0.003921568 0.003921509 0.9999846
vn -0.003921509 -0.003921568 0.9999846
vn -0.003921509 -0.003921568 0.9999846
vn -0.003921509 -0.003921568 -0.9999846
vn -0.003921509 -0.003921568 -0.9999846
vn 0.003921568 0.003921509 -0.9999846
vn 0.003921568 0.003921509 -0.9999846
vn -0.003921509 -0.003921568 -0.9999846
vn -0.003921509 -0.003921568 -0.9999846
vn -0.003921509 -0.003921568 -0.9999846
vn -0.003921509 -0.003921568 -0.9999846
vn -0.003921509 0.003921509 -0.9999846
vn -0.003921509 0.003921509 -0.9999846
vn -0.003921509 -0.003921568 -0.9999846
vn -0.003921509 -0.003921568 -0.9999846
vn 0.1294108 -0.003921568 -0.9915833
vn 0.1294108 -0.003921568 -0.9915833
vn 0.1294108 -0.003921568 -0.9915833
vn 0.1294108 -0.003921568 -0.9915833
vn 0.9764631 0.003921509 0.2156487
vn 0.9764631 0.003921509 0.2156487
vn 0.9764631 0.003921509 0.2156487
vn 0.9764631 0.003921509 0.2156487
vn -0.9764631 -0.003921568 -0.215649
vn -0.9764631 -0.003921568 -0.215649
vn -0.9764631 -0.003921568 -0.215649
vn -0.9764631 -0.003921568 -0.215649
vn -0.3254876 -0.003921568 -0.9455382
vn -0.3254876 -0.003921568 -0.9455382
vn -0.3254876 -0.003921568 -0.9455382
vn -0.3254876 -0.003921568 -0.9455382
vn 0.9372478 0.003921509 -0.3486421
vn 0.9372478 0.003921509 -0.3486421
vn 0.9372478 0.003921509 -0.3486421
vn 0.9372478 0.003921509 -0.3486421
vn -0.9686199 -0.003921568 0.2485156
vn -0.9686199 -0.003921568 0.2485156
vn -0.9686199 -0.003921568 0.2485156
vn -0.9686199 -0.003921568 0.2485156
vn -0.8274446 0.003921509 -0.5615337
vn -0.8274446 0.003921509 -0.5615337
vn -0.8274446 0.003921509 -0.5615337
vn -0.8274446 0.003921509 -0.5615337
vn 0.6470539 0.003921509 -0.7624342
vn 0.6470539 0.003921509 -0.7624342
vn 0.6470539 0.003921509 -0.7624342
vn 0.6470539 0.003921509 -0.7624342
vn -0.5215646 -0.003921568 0.8532028
vn -0.5215646 -0.003921568 0.8532028
vn -0.5215646 -0.003921568 0.8532028
vn -0.5215646 -0.003921568 0.8532028
vn 0.7254847 0.003921509 -0.6882271
vn 0.7254847 0.003921509 -0.6882271
vn 0.7254847 0.003921509 -0.6882271
vn 0.7254847 0.003921509 -0.6882271
vn 0.5294077 -0.003921568 0.8483585
vn 0.5294077 -0.003921568 0.8483585
vn 0.5294077 -0.003921568 0.8483585
vn 0.5294077 -0.003921568 0.8483585
vn -0.7333276 -0.003921568 -0.6798641
vn -0.7333276 -0.003921568 -0.6798641
vn -0.7333276 -0.003921568 -0.6798641
vn -0.7333276 -0.003921568 -0.6798641
vn 0.6862693 0.003921509 -0.727337
vn 0.5137216 -0.003921568 -0.857948
vn 0.5137216 0.003921509 -0.857948
vn 0.6862693 0.003921509 -0.727337
vn 0.3019585 0.003921509 -0.953313
vn 0.5137216 0.003921509 -0.857948
vn 0.5137216 -0.003921568 -0.857948
vn 0.3019585 0.003921509 -0.953313
vn -0.04313684 0.003921509 -0.9990615
vn -0.03529382 -0.003921568 -0.9993693
vn 0.07450926 -0.003921568 -0.9972126
vn 0.07450926 -0.003921568 -0.9972126
vn 0.07450926 0.05882299 -0.9954839
vn 0.07450926 0.05882299 -0.9954839
vn 0.3019585 -0.003921568 -0.953313
vn 0.3725462 0.003921509 -0.9280053
vn 0.3019585 0.003921509 -0.953313
vn -0.03529382 0.003921509 -0.9993693
vn -0.04313684 0.003921509 -0.9990615
vn 0.3725462 0.003921509 -0.9280053
vn -0.3882322 -0.003921568 -0.9215532
vn -0.3254876 0.003921509 -0.9455382
vn -0.1450969 0.003921509 -0.9894097
vn -0.03529382 -0.003921568 -0.9993693
vn -0.1529399 0.003921509 -0.9882277
vn -0.1529399 -0.03529388 -0.987605
vn -0.1529399 -0.03529388 -0.987605
vn -0.04313684 0.003921509 -0.9990615
vn -0.03529382 0.003921509 -0.9993693
vn -0.3254876 -0.003921568 -0.9455382
vn -0.04313684 0.003921509 -0.9990615
vn -0.3882322 -0.003921568 -0.9215532
vn -0.3333308 -0.003921568 -0.9428018
vn -0.5294076 0.003921509 -0.8483585
vn -0.5294076 -0.003921568 -0.8483585
vn -0.3254876 -0.003921568 -0.9455382
vn -0.5294076 0.003921509 -0.8483585
vn -0.6392107 0.003921509 -0.7690216
vn -0.6392107 0.003921509 -0.7690216
vn -0.5294076 -0.003921568 -0.8483585
vn -0.6392107 0.003921509 -0.7690216
vn -0.8039154 0.003921509 -0.5947308
vn -0.8039154 0.003921509 -0.5947308
vn -0.6392107 0.003921509 -0.7690216
vn -0.8039154 0.003921509 -0.5947308
vn -0.9294046 0.003921509 -0.3690416
vn -0.9294046 0.003921509 -0.3690416
vn -0.8039154 0.003921509 -0.5947308
vn -0.9999923 0.003921509 -0.0003449296
vn -0.9999923 0.003921509 -0.0003449296
vn -0.9999923 0.003921509 -0.0003449296
vn -0.9686199 0.003921509 0.2485156
vn -0.9686199 0.003921509 0.2485156
vn -0.9999923 0.003921509 -0.0003449296
vn -0.8588169 -0.003921568 0.5122677
vn -0.8588169 0.003921509 0.5122677
vn -0.8588169 0.003921509 0.5122677
vn -0.670583 -0.003921568 0.7418242
vn -0.670583 -0.003921568 0.7418242
vn -0.8588169 -0.003921568 0.5122677
vn -0.670583 -0.003921568 0.7418242
vn -0.4352907 -0.003921568 0.9002814
vn -0.4352907 -0.003921568 0.9002814
vn -0.670583 -0.003921568 0.7418242
vn -0.4352907 -0.003921568 0.9002814
vn -0.1529399 -0.003921568 0.9882277
vn -0.1529399 -0.003921568 0.9882277
vn -0.4352907 -0.003921568 0.9002814
vn -0.1529399 -0.003921568 0.9882277
vn 0.1372539 -0.003921568 0.9905281
vn 0.1372539 -0.003921568 0.9905281
vn -0.1529399 -0.003921568 0.9882277
vn 0.1372539 -0.003921568 0.9905281
vn 0.450977 -0.003921568 0.892527
vn 0.450977 -0.003921568 0.892527
vn 0.1372539 -0.003921568 0.9905281
vn 0.450977 -0.003921568 0.892527
vn 0.7333277 -0.003921568 0.679864
vn 0.7333277 -0.003921568 0.679864
vn 0.450977 -0.003921568 0.892527
vn 0.7333277 -0.003921568 0.679864
vn 0.9372478 -0.003921568 0.3486421
vn 0.9372478 -0.003921568 0.3486421
vn 0.7333277 -0.003921568 0.679864
vn 0.9372478 -0.003921568 0.3486421
vn 0.9999924 0.003921509 0
vn 0.9999924 0.003921509 0
vn 0.9372478 -0.003921568 0.3486421
vn 0.9999924 0.003921509 0
vn 0.9137185 0.003921509 -0.4063288
vn 0.9137185 0.003921509 -0.4063288
vn 0.9999924 0.003921509 0
vn 0.6862693 0.003921509 -0.727337
vn 0.6862693 0.003921509 -0.727337
vn -0.03529382 0.003921509 -0.9993693
vn -0.03529382 0.003921509 -0.9993693
vn 0.3019585 0.003921509 -0.953313
vn 0.3019585 0.003921509 -0.953313
vn -0.3333308 -0.003921568 -0.9428018
vn -0.3254876 -0.003921568 -0.9455382
vn -0.03529382 0.003921509 -0.9993693
vn -0.03529382 0.003921509 -0.9993693
vn -0.3803892 0.003921509 -0.9248182
vn -0.3803892 0.003921509 -0.9248182
vn -0.003921509 0.003921509 -0.9999846
vn -0.003921509 0.003921509 -0.9999846
vn -0.3803892 0.003921509 -0.9248182
vn -0.003921509 0.003921509 -0.9999846
vn -0.003921509 0.003921509 -0.9999846
vn -0.3803892 0.003921509 -0.9248182
vn -0.003921509 0.003921509 -0.9999846
vn -0.003921509 0.003921509 -0.9999846
vn -0.003921509 0.003921509 -0.9999846
vn -0.003921509 0.003921509 -0.9999846
vn -0.003921509 0.003921509 -0.9999846
vn 0.3098016 0.003921509 -0.9507931
vn -0.003921509 0.003921509 -0.9999846
vn -0.003921509 0.003921509 -0.9999846
vn 0.3098016 0.003921509 -0.9507931
vn -0.003921509 0.003921509 -0.9999846
vn -0.7019553 0.003921509 -0.7122102
vn -0.7019553 0.003921509 -0.7122102
vn -0.3803892 0.003921509 -0.9248182
vn -0.3803892 0.003921509 -0.9248182
vn 0.3098016 0.003921509 -0.9507931
vn 0.3098016 0.003921509 -0.9507931
vn 0.5921524 0.003921509 -0.8058165
vn 0.5921524 0.003921509 -0.8058165
vn 0.3803893 -0.003921568 0.9248182
vn 0.3803893 -0.003921568 0.9248182
vn 0.003921568 -0.003921568 0.9999846
vn 0.003921568 0.003921509 0.9999846
vn 0.3803893 -0.003921568 0.9248182
vn 0.003921568 -0.003921568 0.9999846
vn 0.003921568 -0.003921568 0.9999846
vn 0.3803893 -0.003921568 0.9248182
vn 0.003921568 -0.003921568 0.9999846
vn 0.003921568 -0.003921568 0.9999846
vn 0.003921568 -0.003921568 0.9999846
vn 0.003921568 -0.003921568 0.9999846
vn 0.003921568 -0.003921568 0.9999846
vn -0.3176446 -0.003921568 0.9482017
vn 0.003921568 -0.003921568 0.9999846
vn 0.003921568 -0.003921568 0.9999846
vn -0.3176446 -0.003921568 0.9482017
vn 0.003921568 -0.003921568 0.9999846
vn 0.3803893 -0.003921568 0.9248182
vn 0.7019554 -0.003921568 0.7122101
vn 0.7019554 -0.003921568 0.7122101
vn 0.3803893 -0.003921568 0.9248182
vn -0.5999954 -0.003921568 0.7999939
vn -0.3176446 -0.003921568 0.9482017
vn -0.3176446 -0.003921568 0.9482017
vn -0.5999954 -0.003921568 0.7999939
vn 0.5137216 0.003921509 -0.857948
vn 0.3725462 0.003921509 -0.9280053
vn 0.3019585 -0.003921568 -0.953313
vn 0.5137216 0.003921509 -0.857948
vn 0.3725462 0.003921509 -0.9280053
vn 0.3019585 0.003921509 -0.953313
vn -0.3882322 -0.003921568 -0.9215532
vn -0.5294076 -0.003921568 -0.8483585
vn -0.3254876 0.003921509 -0.9455382
vn -0.5294076 -0.003921568 -0.8483585
vn -0.3882322 -0.003921568 -0.9215532
vn -0.3254876 -0.003921568 -0.9455382
vn 0.3019585 0.7960722 -0.5244902
vn 0.3019585 0.7960722 -0.5244902
vn 0.3019585 0.7960722 -0.5244902
vn 0.3019585 0.7960722 -0.5244902
vn 0.4980354 0.01176453 -0.8670769
vn 0.4980354 0.01176453 -0.8670769
vn 0.4980354 0.01176453 -0.8670769
vn 0.4980354 0.01176453 -0.8670769
vn 0.3098016 0.7725431 -0.5542564
vn 0.3098016 0.7725431 -0.5542564
vn 0.3098016 0.7725431 -0.5542564
vn 0.3098016 0.7725431 -0.5542564
vn 0.8509739 -0.06666619 0.5209597
vn 0.8274447 -0.03529388 0.560437
vn 0.8274447 -0.03529388 0.560437
vn 0.8509739 -0.06666619 0.5209597
vn 0.8274447 -0.0274508 0.5608759
vn 0.8274447 -0.0274508 0.5608759
vn 0.8352877 -0.05098003 0.5474444
vn 0.8352877 -0.05098003 0.5474444
vn -0.86666 -0.003921568 -0.4988838
vn -0.86666 0.003921509 -0.4988838
vn -0.86666 0.003921509 -0.4988838
vn -0.86666 -0.003921568 -0.4988838
vn -0.8588169 0.003921509 -0.5122677
vn -0.8588169 0.003921509 -0.5122677
vn -0.874503 -0.01176465 -0.4848773
vn -0.874503 -0.01176465 -0.4848773
vn 0.4431339 -0.4823493 -0.7556266
vn 0.4431339 -0.4823493 -0.7556266
vn 0.4431339 -0.4823493 -0.7556266
vn 0.4431339 -0.4823493 -0.7556266
vn -0.8588169 0.003921509 -0.5122677
vn -0.8588169 0.003921509 -0.5122677
vn -0.86666 -0.01176465 -0.4987605
vn -0.86666 -0.01176465 -0.4987605
vn -0.45882 0.4117615 0.7873605
vn -0.45882 0.4117615 0.7873605
vn -0.45882 0.4117615 0.7873605
vn -0.45882 0.4117615 0.7873605
vn -0.4431338 -0.450977 0.7747594
vn -0.4431338 -0.450977 0.7747594
vn -0.4431338 -0.450977 0.7747594
vn -0.4431338 -0.450977 0.7747594
vn -0.45882 0.3960754 0.7953669
vn -0.45882 0.3960754 0.7953669
vn -0.45882 0.3960754 0.7953669
vn -0.45882 0.3960754 0.7953669
vn 0.8823462 -0.04313695 0.4686196
vn 0.8823462 -0.03529388 0.4692755
vn 0.9058754 0.01960766 0.42309
vn 0.9058754 0.01176453 0.4233807
vn 0.9058754 0.01176453 0.4233807
vn 0.9058754 0.003921509 0.423526
vn 0.8980324 -0.01960772 0.4394922
vn 0.8980324 -0.01960772 0.4394922
vn -0.8588169 -0.003921568 -0.5122677
vn -0.86666 0.003921509 -0.4988838
vn -0.86666 -0.01176465 -0.4987605
vn -0.86666 -0.01176465 -0.4987605
vn -0.86666 -0.01176465 -0.4987605
vn -0.86666 -0.01176465 -0.4987605
vn -0.8588169 -0.003921568 -0.5122677
vn -0.8588169 -0.003921568 -0.5122677
vn -0.2705861 -0.8274447 0.4920554
vn -0.2705861 -0.8274447 0.4920554
vn -0.2705861 -0.8274447 0.4920554
vn -0.2705861 -0.8274447 0.4920554
vn -0.08235228 0.9843061 0.1560758
vn -0.08235228 0.9843061 0.1560758
vn -0.08235228 0.9843061 0.1560758
vn -0.08235228 0.9843061 0.1560758
vn 0.8509739 -0.06666619 0.5209597
vn 0.8509739 -0.06666619 0.5209597
vn 0.8823462 -0.03529388 0.4692755
vn 0.8823462 -0.04313695 0.4686196
vn 0.5372508 0.8352877 -0.116859
vn 0.5372508 0.8352877 -0.116859
vn 0.45882 0.8509738 0.2555927
vn 0.45882 0.8509738 0.2555927
vn 0.4196047 0.3333308 -0.8442882
vn 0.4196047 0.3333308 -0.8442882
vn 0.4196047 0.3333308 -0.8442882
vn 0.4196047 0.3333308 -0.8442882
vn 0.5058785 0.8588169 0.08074968
vn 0.5058785 0.8588169 0.08074968
vn 0.5058785 0.8588169 0.08074968
vn 0.5058785 0.8588169 0.08074968
vn 0.7960724 -0.5686231 0.2072114
vn 0.7882293 -0.56078 0.2534173
vn 0.7882293 -0.56078 0.2534173
vn 0.7960724 -0.5686231 0.2072114
vn 0.7960724 -0.5450939 0.2629476
vn 0.7960724 -0.5450939 0.2629476
vn 0.7960724 -0.552937 0.2460275
vn 0.7960724 -0.552937 0.2460275
vn -0.8274446 0.5058784 -0.2437673
vn -0.8274446 0.5215646 -0.2081006
vn -0.8274446 0.5215646 -0.2081006
vn -0.8274446 0.5058784 -0.2437673
vn -0.8274446 0.5137215 -0.2267725
vn -0.8274446 0.5137215 -0.2267725
vn -0.8274446 0.4980353 -0.2594154
vn -0.8274446 0.4980353 -0.2594154
vn 0.1137246 -0.2156847 -0.9698179
vn 0.1137246 -0.2156847 -0.9698179
vn 0.1137246 -0.2156847 -0.9698179
vn 0.1137246 -0.2156847 -0.9698179
vn -0.8274446 0.5137215 -0.2267725
vn -0.8274446 0.5137215 -0.2267725
vn -0.8274446 0.4980353 -0.2594154
vn -0.8352877 0.4980353 -0.2329277
vn -0.3333308 -0.15294 0.9303225
vn -0.1529399 0.1529399 0.9763293
vn -0.1529399 0.1529399 0.9763293
vn -0.3411738 -0.1686262 0.9247517
vn -0.3411738 -0.1686262 0.9247517
vn -0.4745061 -0.45882 0.7512177
vn -0.4745061 -0.45882 0.7512177
vn -0.3333308 -0.15294 0.9303225
vn 0.3647031 0.7882292 0.4956676
vn 0.3647031 0.7882292 0.4956676
vn 0.3647031 0.7882292 0.4956676
vn 0.3647031 0.7882292 0.4956676
vn 0.8196016 -0.5372508 0.1990346
vn 0.8274447 -0.5294077 0.1872506
vn 0.8666601 -0.4745062 0.1540916
vn 0.8666601 -0.4666631 0.1764253
vn 0.8509739 -0.4666631 0.2409751
vn 0.8509739 -0.4666631 0.2409751
vn 0.8196016 -0.5058785 0.2689612
vn 0.8196016 -0.5058785 0.2689612
vn -0.8274446 0.466663 -0.3123478
vn -0.8274446 0.466663 -0.3123478
vn -0.8274446 0.4901923 -0.2739471
vn -0.8274446 0.4901923 -0.2739471
vn -0.8352877 0.4980353 -0.2329277
vn -0.8274446 0.4980353 -0.2594154
vn -0.8352877 0.4431338 -0.3254641
vn -0.8352877 0.4431338 -0.3254641
vn -0.4196045 -0.349017 0.8379256
vn -0.4196045 -0.349017 0.8379256
vn -0.4196045 -0.349017 0.8379256
vn -0.4196045 -0.349017 0.8379256
vn 0.3176447 0.7568569 0.5712
vn 0.45882 0.8509738 0.2555927
vn 0.45882 0.8509738 0.2555927
vn 0.3176447 0.7568569 0.5712
vn 0.7960724 -0.5686231 0.2072114
vn 0.7960724 -0.5686231 0.2072114
vn 0.8274447 -0.5294077 0.1872506
vn 0.8196016 -0.5372508 0.1990346
vn -0.7097985 0.003921509 -0.7043939
vn -0.7097985 0.003921509 -0.7043939
vn -0.7097985 0.003921509 -0.7043939
vn -0.7097985 0.003921509 -0.7043939
vn -0.7411708 -0.003921568 0.6713051
vn -0.7411708 -0.003921568 0.6713051
vn -0.7411708 -0.003921568 0.6713051
vn -0.7411708 -0.003921568 0.6713051
vn -0.003921509 0.9999923 -0.000345267
vn -0.003921509 0.9999923 -0.000345267
vn -0.003921509 0.9999923 -0.000345267
vn -0.003921509 0.9999923 -0.000345267
vn 0.7411708 0.003921509 -0.6713051
vn 0.7411708 0.003921509 -0.6713051
vn 0.7411708 0.003921509 -0.6713051
vn 0.7411708 0.003921509 -0.6713051
vn 0.003921568 -0.9999924 0
vn 0.003921568 -0.9999924 0
vn 0.003921568 -0.9999924 0
vn 0.003921568 -0.9999924 0
vn -0.6392107 0.003921509 -0.7690216
vn -0.6392107 0.003921509 -0.7690216
vn -0.8039154 0.003921509 -0.5947308
vn -0.8039154 0.003921509 -0.5947308
vn -0.8039154 0.003921509 -0.5947308
vn -0.8039154 0.003921509 -0.5947308
vn -0.9294046 0.003921509 -0.3690416
vn -0.9294046 0.003921509 -0.3690416
vn -0.9999923 0.003921509 -0.0003449296
vn -0.9999923 0.003921509 -0.0003449296
vn -0.9999923 0.003921509 -0.0003449296
vn -0.9999923 0.003921509 -0.0003449296
vn -0.9686199 0.003921509 0.2485156
vn -0.9686199 -0.003921568 0.2485156
vn -0.8588169 -0.003921568 0.5122677
vn -0.8588169 -0.003921568 0.5122677
vn -0.8588169 -0.003921568 0.5122677
vn -0.8588169 -0.003921568 0.5122677
vn -0.670583 -0.003921568 0.7418242
vn -0.670583 -0.003921568 0.7418242
vn -0.670583 -0.003921568 0.7418242
vn -0.670583 -0.003921568 0.7418242
vn -0.4352907 -0.003921568 0.9002814
vn -0.4352907 -0.003921568 0.9002814
vn -0.4352907 -0.003921568 0.9002814
vn -0.4352907 -0.003921568 0.9002814
vn -0.1529399 -0.003921568 0.9882277
vn -0.1529399 -0.003921568 0.9882277
vn -0.1529399 -0.003921568 0.9882277
vn -0.1529399 -0.003921568 0.9882277
vn 0.1372539 -0.003921568 0.9905281
vn 0.1372539 -0.003921568 0.9905281
vn 0.1372539 -0.003921568 0.9905281
vn 0.1372539 -0.003921568 0.9905281
vn 0.450977 -0.003921568 0.892527
vn 0.450977 -0.003921568 0.892527
vn 0.7333277 -0.003921568 0.679864
vn 0.7333277 -0.003921568 0.679864
vn 0.7333277 -0.003921568 0.679864
vn 0.7333277 -0.003921568 0.679864
vn 0.9372478 -0.003921568 0.3486421
vn 0.9372478 0.003921509 0.3486421
vn 0.9372478 0.003921509 0.3486421
vn 0.9372478 -0.003921568 0.3486421
vn 0.9999924 0.003921509 0
vn 0.9999924 0.003921509 0
vn 0.9999924 0.003921509 0
vn 0.9999924 0.003921509 0
vn 0.9137185 0.003921509 -0.4063288
vn 0.9137185 0.003921509 -0.4063288
vn 0.6862693 0.003921509 -0.727337
vn 0.6862693 0.003921509 -0.727337
vn 0.6862693 0.003921509 -0.727337
vn 0.6862693 0.003921509 -0.727337
vn 0.5137216 0.003921509 -0.857948
vn 0.5137216 0.003921509 -0.857948
vn -0.5294076 -0.003921568 -0.8483585
vn -0.6392107 0.003921509 -0.7690216
vn -0.6392107 0.003921509 -0.7690216
vn -0.5294076 -0.003921568 -0.8483585
vn 0.3098016 0.003921509 -0.9507931
vn 0.3098016 0.003921509 -0.9507931
vn -0.003921509 0.003921509 -0.9999846
vn -0.003921509 0.003921509 -0.9999846
vn -0.7019553 0.003921509 -0.7122102
vn -0.7019553 0.003921509 -0.7122102
vn -0.3803892 0.003921509 -0.9248182
vn -0.3803892 0.003921509 -0.9248182
vn 0.3098016 0.003921509 -0.9507931
vn 0.3098016 0.003921509 -0.9507931
vn 0.5921524 0.003921509 -0.8058165
vn 0.5921524 0.003921509 -0.8058165
vn 0.003921568 -0.003921568 0.9999846
vn -0.3176446 -0.003921568 0.9482017
vn -0.3176446 -0.003921568 0.9482017
vn 0.003921568 0.003921509 0.9999846
vn 0.3803893 -0.003921568 0.9248182
vn 0.3803893 -0.003921568 0.9248182
vn 0.7019554 -0.003921568 0.7122101
vn 0.7019554 -0.003921568 0.7122101
vn -0.5999954 -0.003921568 0.7999939
vn -0.5999954 -0.003921568 0.7999939
vn -0.3176446 -0.003921568 0.9482017
vn -0.3176446 -0.003921568 0.9482017
vn -0.9921492 0.003921509 0.1249981
vn -0.9921492 0.003921509 0.1249981
vn -0.9921492 0.003921509 0.1249981
vn -0.9921492 0.003921509 0.1249981
vn 0.2156847 -0.003921568 0.9764552
vn 0.2156847 -0.003921568 0.9764552
vn 0.2156847 -0.003921568 0.9764552
vn 0.2156847 -0.003921568 0.9764552
vn 0.003921568 0.9999923 -0.000345267
vn 0.003921568 0.9999923 -0.000345267
vn 0.003921568 0.9999923 -0.000345267
vn 0.003921568 0.9999923 -0.000345267
vn -0.2156845 0.003921509 -0.9764552
vn -0.2156845 0.003921509 -0.9764552
vn -0.2156845 0.003921509 -0.9764552
vn -0.2156845 0.003921509 -0.9764552
vn -0.003921509 -0.9999924 0
vn -0.003921509 -0.9999924 0
vn -0.003921509 -0.9999924 0
vn -0.003921509 -0.9999924 0
vn 0.5764662 -0.003921568 0.8171116
vn 0.5764662 -0.003921568 0.8171116
vn 0.5764662 -0.003921568 0.8171116
vn 0.5764662 -0.003921568 0.8171116
vn 0.7411708 0.003921509 -0.6713051
vn 0.7411708 0.003921509 -0.6713051
vn 0.7411708 0.003921509 -0.6713051
vn 0.7411708 0.003921509 -0.6713051
vn 0.003921568 0.9999923 -0.000345267
vn 0.003921568 0.9999923 -0.000345267
vn 0.003921568 0.9999923 -0.000345267
vn 0.003921568 0.9999923 -0.000345267
vn -0.7411708 0.003921509 0.6713051
vn -0.7411708 0.003921509 0.6713051
vn -0.7411708 0.003921509 0.6713051
vn -0.7411708 0.003921509 0.6713051
vn -0.003921509 -0.9999924 0
vn -0.003921509 -0.9999924 0
vn -0.003921509 -0.9999924 0
vn -0.003921509 -0.9999924 0
vn 0.9686201 0.003921509 -0.2485151
vn 0.9686201 0.003921509 -0.2485151
vn 0.9686201 0.003921509 -0.2485151
vn 0.9686201 0.003921509 -0.2485151
vn -0.3647031 -0.003921568 -0.9311156
vn -0.3647031 -0.003921568 -0.9311156
vn -0.3647031 -0.003921568 -0.9311156
vn -0.3647031 -0.003921568 -0.9311156
vn -0.003921509 0.9999923 -0.000345267
vn -0.003921509 0.9999923 -0.000345267
vn -0.003921509 0.9999923 -0.000345267
vn -0.003921509 0.9999923 -0.000345267
vn 0.3647031 0.003921509 0.9311156
vn 0.3647031 0.003921509 0.9311156
vn 0.3647031 0.003921509 0.9311156
vn 0.3647031 0.003921509 0.9311156
vn 0.003921568 -0.9999924 0
vn 0.003921568 -0.9999924 0
vn 0.003921568 -0.9999924 0
vn 0.003921568 -0.9999924 0
vn -0.5686231 -0.003921568 0.8225889
vn -0.5686231 -0.003921568 0.8225889
vn -0.5686231 -0.003921568 0.8225889
vn -0.5686231 -0.003921568 0.8225889
vn 0.8823462 -0.003921568 0.4705845
vn 0.8823462 -0.003921568 0.4705845
vn 0.8823462 -0.003921568 0.4705845
vn 0.8823462 -0.003921568 0.4705845
vn 0.003921568 0.9999923 -0.000345267
vn 0.003921568 0.9999923 -0.000345267
vn 0.003921568 0.9999923 -0.000345267
vn 0.003921568 0.9999923 -0.000345267
vn -0.8823462 0.003921509 -0.4705847
vn -0.8823462 0.003921509 -0.4705847
vn -0.8823462 0.003921509 -0.4705847
vn -0.8823462 0.003921509 -0.4705847
vn -0.003921509 -0.9999924 0
vn -0.003921509 -0.9999924 0
vn -0.003921509 -0.9999924 0
vn -0.003921509 -0.9999924 0
vn -0.003921509 -0.9999924 0
vn 0.003921568 -0.9999924 0
vn -0.003921509 -0.9999924 0
vn -0.003921509 -0.9999924 0
vn -0.003921509 -0.9999924 0
vn -0.003921509 -0.9999924 0
vn -0.003921509 -0.9999924 0
vn -0.003921509 -0.9999924 0
vn -0.003921509 -0.9999924 0
vn -0.003921509 -0.9999924 0
vn -0.003921509 -0.9999924 0
vn -0.003921509 -0.9999924 0
vn -0.003921509 -0.9999924 0
vn 0.003921568 -0.9999924 0
vn -0.003921509 -0.9999924 0
vn -0.003921509 -0.9999924 0
vn -0.003921509 -0.9999924 0
vn -0.003921509 -0.9999924 0
vn 0.003921568 -0.9999924 0
vn 0.003921568 -0.9999924 0
vn 0.003921568 -0.9999924 0
vn -0.003921509 -0.9999924 0
vn -0.003921509 -0.9999924 0
vn -0.003921509 -0.9999924 0
vn 0.003921568 -0.9999924 0
vn -0.003921509 -0.9999924 0
vn -0.003921509 -0.9999924 0
vn -0.003921509 -0.9999924 0
vn -0.003921509 -0.9999924 0
vn -0.003921509 -0.9999924 0
vn -0.003921509 -0.9999924 0
vn -0.003921509 -0.9999924 0
vn -0.003921509 -0.9999924 0
vn -0.003921509 -0.9999924 0
vn -0.003921509 -0.9999924 0
vn -0.003921509 -0.9999924 0
vn -0.003921509 -0.9999924 0
vn -0.003921509 -0.9999924 0
vn -0.003921509 -0.9999924 0
vn -0.003921509 -0.9999924 0
vn 0.003921568 -0.9999924 0
vn 0.003921568 -0.9999924 0
vn -0.003921509 -0.9999924 0
vn -0.003921509 -0.9999924 0
vn 0.003921568 -0.9999924 0
vn -0.003921509 -0.9999924 0
vn -0.003921509 -0.9999924 0
vn -0.003921509 -0.9999924 0
vn -0.003921509 -0.9999924 0
vn -0.003921509 -0.9999924 0
vn -0.003921509 -0.9999924 0
vn -0.003921509 -0.9999924 0
vn -0.003921509 -0.9999924 0
vn -0.003921509 -0.9999924 0
vn -0.003921509 -0.9999924 0
vn -0.003921509 -0.9999924 0
vn 0.003921568 -0.9999924 0
vn 0.003921568 -0.9999924 0
vn 0.003921568 -0.9999924 0
vn 0.003921568 -0.9999924 0
vn 0.003921568 -0.9999924 0
vn -0.003921509 -0.9999924 0
vn -0.003921509 -0.9999924 0
vn 0.003921568 -0.9999924 0
vn 0.003921568 -0.9999924 0
vn -0.003921509 -0.9999924 0
vn -0.003921509 -0.9999924 0
vn -0.003921509 -0.9999924 0
vn -0.003921509 -0.9999924 0
vn -0.003921509 -0.9999924 0
vn -0.003921509 -0.9999924 0
vn -0.003921509 -0.9999924 0
vn -0.003921509 -0.9999924 0
vn -0.003921509 -0.9999924 0
vn -0.5686231 0.0901953 0.8176385
vn -0.7960722 0.0901953 0.5984428
vn -0.7960722 0.0901953 0.5984428
vn -0.5686231 0.0901953 0.8176385
vn -0.9372476 0.0901953 0.3367962
vn -0.9372476 0.0901953 0.3367962
vn -0.2862723 0.0901953 0.9538936
vn -0.5686231 0.0901953 0.8176385
vn -0.5686231 0.0901953 0.8176385
vn -0.2862723 0.0901953 0.9538936
vn 0.0274508 0.0901953 0.9955457
vn -0.2862723 0.0901953 0.9538936
vn -0.2862723 0.0901953 0.9538936
vn 0.01960772 0.0901953 0.9957311
vn 0.3254877 0.0901953 0.9412346
vn 0.3254877 0.0901953 0.9412346
vn 0.5764662 0.0901953 0.8121278
vn 0.3254877 0.0901953 0.9412346
vn 0.3254877 0.0901953 0.9412346
vn 0.5843093 0.0901953 0.8065032
vn 0.7960724 0.0901953 0.5984427
vn 0.7960724 0.0901953 0.5984427
vn 0.9372478 0.0901953 0.3367959
vn 0.7960724 0.0901953 0.5984427
vn 0.7960724 0.0901953 0.5984427
vn 0.9372478 0.0901953 0.3367959
vn 0.9921493 0.0901953 0.08662903
vn 0.9921493 0.0901953 0.08662903
vn 0.9686201 0.0901953 -0.231603
vn 0.9921493 0.0901953 0.08662903
vn 0.9921493 0.0901953 0.08662903
vn 0.9686201 0.0901953 -0.231603
vn 0.858817 0.0901953 -0.5042799
vn 0.858817 0.0901953 -0.5042799
vn 0.6705831 0.0901953 -0.7363308
vn 0.858817 0.0901953 -0.5042799
vn 0.858817 0.0901953 -0.5042799
vn 0.6705831 0.0901953 -0.7363308
vn 0.4352908 0.0901953 -0.8957604
vn 0.4352908 0.0901953 -0.8957604
vn 0.15294 0.0901953 -0.9841108
vn 0.4352908 0.0901953 -0.8957604
vn 0.4352908 0.0901953 -0.8957604
vn 0.15294 0.0901953 -0.9841108
vn -0.1372538 0.0901953 -0.9864209
vn 0.15294 0.0901953 -0.9841108
vn 0.15294 0.0901953 -0.9841108
vn -0.1372538 0.0901953 -0.9864209
vn -0.4196045 0.0901953 -0.9032148
vn -0.4196045 0.0901953 -0.9032148
vn -0.66274 0.0901953 -0.743398
vn -0.4196045 0.0901953 -0.9032148
vn -0.4196045 0.0901953 -0.9032148
vn -0.66274 0.0901953 -0.743398
vn -0.8509738 0.0901953 -0.5174053
vn -0.66274 0.0901953 -0.743398
vn -0.66274 0.0901953 -0.743398
vn -0.8509738 0.0901953 -0.5174053
vn -0.9607769 0.0901953 -0.2622451
vn -0.9607769 0.0901953 -0.2622451
vn -0.9921492 0.0901953 0.08662973
vn -0.9607769 0.0901953 -0.2622451
vn -0.9607769 0.0901953 -0.2622451
vn -0.9921492 0.0901953 0.08662973
vn -0.9372476 0.0901953 0.3367962
vn -0.9921492 0.0901953 0.08662973
vn -0.9921492 0.0901953 0.08662973
vn -0.9372476 0.0901953 0.3367962
vn 0.003921568 0.9999923 -0.000345267
vn 0.003921568 0.9999923 -0.000345267
vn 0.003921568 0.9999923 -0.000345267
vn 0.003921568 0.9999923 -0.000345267
vn 0.003921568 0.9999923 -0.000345267
vn 0.003921568 0.9999923 -0.000345267
vn 0.003921568 0.9999923 -0.000345267
vn 0.003921568 0.9999923 -0.000345267
vn -0.003921509 0.9999923 -0.000345267
vn -0.003921509 0.9999923 -0.000345267
vn -0.003921509 0.9999923 -0.000345267
vn -0.003921509 0.9999923 -0.000345267
vn -0.003921509 0.9999923 -0.000345267
vn -0.003921509 0.9999923 -0.000345267
vn -0.003921509 0.9999923 -0.000345267
vn -0.003921509 0.9999923 -0.000345267
vn -0.003921509 0.9999923 -0.000345267
vn -0.003921509 0.9999923 -0.000345267
vn -0.003921509 0.9999923 -0.000345267
vn -0.003921509 0.9999923 -0.000345267
vn 0.003921568 0.9999923 -0.000345267
vn 0.003921568 0.9999923 -0.000345267
vn 0.003921568 0.9999923 -0.000345267
vn 0.003921568 0.9999923 -0.000345267
vn 0.003921568 0.9999923 -0.000345267
vn 0.003921568 0.9999923 -0.000345267
vn 0.003921568 0.9999923 -0.000345267
vn 0.003921568 0.9999923 -0.000345267
vn 0.003921568 0.9999923 -0.000345267
vn 0.003921568 0.9999923 -0.000345267
vn -0.003921509 0.9999923 -0.000345267
vn -0.003921509 0.9999923 -0.000345267
vn 0.003921568 0.9999923 -0.000345267
vn 0.003921568 0.9999923 -0.000345267
vn 0.003921568 0.9999923 -0.000345267
vn 0.003921568 0.9999923 -0.000345267
vn 0.003921568 0.9999923 -0.000345267
vn 0.003921568 0.9999923 -0.000345267
vn 0.003921568 0.9999923 -0.000345267
vn 0.003921568 0.9999923 -0.000345267
vn 0.003921568 0.9999923 -0.000345267
vn 0.003921568 0.9999923 -0.000345267
vn 0.003921568 0.9999923 -0.000345267
vn 0.003921568 0.9999923 -0.000345267
vn 0.003921568 0.9999923 -0.000345267
vn 0.003921568 0.9999923 -0.000345267
vn 0.003921568 0.9999923 -0.000345267
vn 0.003921568 0.9999923 -0.000345267
vn -0.003921509 0.9999923 -0.000345267
vn 0.003921568 0.9999923 -0.000345267
vn 0.003921568 0.9999923 -0.000345267
vn 0.003921568 0.9999923 -0.000345267
vn 0.003921568 0.9999923 -0.000345267
vn 0.003921568 0.9999923 -0.000345267
vn -0.003921509 0.9999923 -0.000345267
vn -0.003921509 0.9999923 -0.000345267
vn 0.003921568 0.9999923 -0.000345267
vn 0.003921568 0.9999923 -0.000345267
vn -0.003921509 0.9999923 -0.000345267
vn 0.003921568 0.9999923 -0.000345267
vn 0.003921568 0.9999923 -0.000345267
vn 0.003921568 0.9999923 -0.000345267
vn 0.003921568 0.9999923 -0.000345267
vn 0.003921568 0.9999923 -0.000345267
vn 0.003921568 0.9999923 -0.000345267
vn 0.003921568 0.9999923 -0.000345267
vn 0.003921568 0.9999923 -0.000345267
vn 0.003921568 0.9999923 -0.000345267
vn -0.003921509 0.9999923 -0.000345267
vn 0.003921568 0.9999923 -0.000345267
vn 0.003921568 0.9999923 -0.000345267
vn 0.003921568 0.9999923 -0.000345267
vn 0.9372478 0.003921509 -0.3486421
vn 0.9372478 0.003921509 -0.3486421
vn 0.7803862 0.003921509 -0.6252855
vn 0.7803862 0.003921509 -0.6252855
vn 0.9999924 0.003921509 0
vn 0.9999924 0.003921509 0
vn 0.960777 -0.003921568 0.2772944
vn 0.960777 -0.003921568 0.2772944
vn 0.8352877 -0.003921568 0.549799
vn 0.8352877 -0.003921568 0.549799
vn 0.6235247 -0.003921568 0.7817939
vn 0.6235247 -0.003921568 0.7817939
vn -0.04313684 0.003921509 -0.9990615
vn -0.04313684 0.003921509 -0.9990615
vn -0.3333308 0.003921509 -0.9428018
vn -0.3333308 0.003921509 -0.9428018
vn 0.2549 -0.003921568 -0.9669595
vn 0.2549 -0.003921568 -0.9669595
vn 0.552937 0.003921509 -0.8332139
vn 0.552937 0.003921509 -0.8332139
vn 0.7803862 0.003921509 -0.6252855
vn 0.7803862 0.003921509 -0.6252855
vn -0.6235245 0.003921509 -0.781794
vn -0.6235245 0.003921509 -0.781794
vn -0.8352877 0.003921509 -0.5497991
vn -0.8352877 0.003921509 -0.5497991
vn -0.9607769 0.003921509 -0.2772946
vn -0.9607769 0.003921509 -0.2772946
vn -0.9999923 0.003921509 -0.0003449296
vn -0.9999923 0.003921509 -0.0003449296
vn -0.9294046 -0.003921568 0.3690416
vn -0.9294046 -0.003921568 0.3690416
vn -0.7882292 -0.003921568 0.6153693
vn -0.7882292 -0.003921568 0.6153693
vn -0.6235245 0.003921509 -0.781794
vn -0.6235245 0.003921509 -0.781794
vn -0.5764661 -0.003921568 0.8171117
vn -0.5764661 -0.003921568 0.8171117
vn -0.2705861 -0.003921568 0.9626878
vn -0.2705861 -0.003921568 0.9626878
vn -0.7882292 -0.003921568 0.6153693
vn -0.7882292 -0.003921568 0.6153693
vn 0.04313695 -0.003921568 0.9990615
vn 0.04313695 -0.003921568 0.9990615
vn 0.349017 -0.003921568 0.9371082
vn 0.349017 -0.003921568 0.9371082
vn 0.6235247 -0.003921568 0.7817939
vn 0.6235247 -0.003921568 0.7817939
vn -0.003921509 0.9999923 -0.000345267
vn -0.003921509 0.9999923 -0.000345267
vn -0.0117638 0.9999309 0
vn -0.0117638 0.9999309 0
vn -0.0117638 0.9999309 0
vn -0.0117638 0.9999309 0
vn -0.0117638 0.9999309 0
vn -0.0117638 0.9999309 0
vn -0.003921509 0.9999923 -0.000345267
vn -0.003921509 0.9999923 -0.000345267
vn -0.003921509 0.9999923 -0.000345267
vn -0.003921509 0.9999923 -0.000345267
vn -0.003921509 0.9999923 -0.000345267
vn -0.003921509 0.9999923 -0.000345267
vn -0.003921509 0.9999923 -0.000345267
vn -0.003921509 0.9999923 -0.000345267
vn 0.003921568 0.9999923 -0.000345267
vn 0.003921568 0.9999923 -0.000345267
vn 0.003921568 0.9999923 -0.000345267
vn 0.003921568 0.9999923 -0.000345267
vn 0.003921568 0.9999923 -0.000345267
vn 0.003921568 0.9999923 -0.000345267
vn 0.01176392 0.9999309 0
vn 0.01176392 0.9999309 0
vn 0.01176392 0.9999309 0
vn 0.01176392 0.9999309 0
vn 0.01176392 0.9999309 0
vn 0.01176392 0.9999309 0
vn 0.003921568 0.9999923 -0.000345267
vn 0.003921568 0.9999923 -0.000345267
vn 0.003921568 0.9999923 -0.000345267
vn 0.003921568 0.9999923 -0.000345267
vn 0.003921568 0.9999923 -0.000345267
vn 0.003921568 0.9999923 -0.000345267
vn 0.003921568 0.9999923 -0.000345267
vn 0.003921568 0.9999923 -0.000345267
vn -0.003921509 0.9999923 -0.000345267
vn -0.003921509 0.9999923 -0.000345267
vn -0.003921509 0.9999923 -0.000345267
vn -0.003921509 0.9999923 -0.000345267
vn -0.003921509 0.9999923 -0.000345267
vn -0.003921509 0.9999923 -0.000345267
vn -0.7803861 -0.003921568 0.6252857
vn -0.7803861 -0.003921568 0.6252857
vn -0.9372476 -0.003921568 0.3486424
vn -0.9372476 -0.003921568 0.3486424
vn -0.9999923 0.003921509 -0.0003449296
vn -0.9999923 0.003921509 -0.0003449296
vn -0.9607769 0.003921509 -0.2772946
vn -0.9607769 0.003921509 -0.2772946
vn -0.8352877 0.003921509 -0.5497991
vn -0.8352877 0.003921509 -0.5497991
vn -0.6235245 0.003921509 -0.781794
vn -0.6235245 0.003921509 -0.781794
vn 0.3333308 -0.003921568 0.9428018
vn 0.3333308 -0.003921568 0.9428018
vn 0.04313695 -0.003921568 0.9990615
vn 0.04313695 -0.003921568 0.9990615
vn -0.2549 -0.003921568 0.9669595
vn -0.2549 -0.003921568 0.9669595
vn -0.5529369 -0.003921568 0.8332139
vn -0.5529369 -0.003921568 0.8332139
vn -0.7803861 -0.003921568 0.6252857
vn -0.7803861 -0.003921568 0.6252857
vn 0.6235247 -0.003921568 0.7817939
vn 0.6235247 -0.003921568 0.7817939
vn 0.960777 -0.003921568 0.2772944
vn 0.960777 -0.003921568 0.2772944
vn 0.8352877 -0.003921568 0.549799
vn 0.8352877 -0.003921568 0.549799
vn 0.9999924 -0.003921568 0
vn 0.9999924 -0.003921568 0
vn 0.9294047 -0.003921568 -0.3690414
vn 0.9294047 -0.003921568 -0.3690414
vn 0.7882293 0.003921509 -0.6153691
vn 0.7882293 0.003921509 -0.6153691
vn 0.6235247 -0.003921568 0.7817939
vn 0.6235247 -0.003921568 0.7817939
vn 0.2705862 0.003921509 -0.9626877
vn 0.2705862 0.003921509 -0.9626877
vn 0.5764662 0.003921509 -0.8171116
vn 0.5764662 0.003921509 -0.8171116
vn 0.7882293 0.003921509 -0.6153691
vn 0.7882293 0.003921509 -0.6153691
vn -0.04313684 0.003921509 -0.9990615
vn -0.04313684 0.003921509 -0.9990615
vn -0.3490169 0.003921509 -0.9371082
vn -0.3490169 0.003921509 -0.9371082
vn -0.6235245 0.003921509 -0.781794
vn -0.6235245 0.003921509 -0.781794
vn 0.9137185 0.05097997 0.4031371
vn 0.9137185 0.05097997 0.4031371
vn 0.9137185 0.1137246 0.3901092
vn 0.9137185 0.1137246 0.3901092
vn 0.8980324 0.1921554 0.3957451
vn 0.8980324 0.1921554 0.3957451
vn 0.8980324 0.2156845 0.3834293
vn 0.8980324 0.2156845 0.3834293
vn -0.9137185 -0.03529388 -0.4048122
vn -0.9137185 0.05097997 -0.4031372
vn -0.9137185 0.05097997 -0.4031372
vn -0.9137185 -0.03529388 -0.4048122
vn -0.9058753 -0.15294 -0.3949674
vn -0.9058753 -0.15294 -0.3949674
vn -0.8980323 -0.1843123 -0.3994583
vn -0.8980323 -0.1843123 -0.3994583
vn 0.3960754 0.05097997 -0.9168017
vn 0.3960754 0.05097997 -0.9168017
vn 0.3960754 0.05097997 -0.9168017
vn 0.3960754 0.05097997 -0.9168017
vn 0.3960754 0.07450914 -0.9151899
vn 0.3960754 0.06666613 -0.9157947
vn 0.3960754 0.0901953 -0.9137774
vn 0.3960754 0.0901953 -0.9137774
vn 0.003921568 0.9999923 -0.000345267
vn 0.003921568 0.9999923 -0.000345267
vn 0.003921568 0.9999923 -0.000345267
vn 0.003921568 0.9999923 -0.000345267
vn -0.3960754 0.0901953 0.9137774
vn -0.3960754 0.0901953 0.9137774
vn -0.3960754 0.06666613 0.9157947
vn -0.3960754 0.07450914 0.9151899
vn -0.3960754 0.05097997 0.9168017
vn -0.3960754 0.05097997 0.9168017
vn -0.3960754 0.05097997 0.9168017
vn -0.3960754 0.05097997 0.9168017
vn 0.7647001 0.05097997 -0.6423666
vn 0.7647001 0.05097997 -0.6423666
vn 0.7647001 0.1137246 -0.6342717
vn 0.7647001 0.1137246 -0.6342717
vn 0.7490139 0.1921554 -0.6340777
vn 0.7490139 0.1921554 -0.6340777
vn 0.7490139 0.2156845 -0.626465
vn 0.7490139 0.2156845 -0.626465
vn -0.7646999 -0.03529388 0.6434193
vn -0.7646999 0.05097997 0.6423668
vn -0.7646999 0.05097997 0.6423668
vn -0.7646999 -0.03529388 0.6434193
vn -0.7568569 -0.15294 0.6354344
vn -0.7568569 -0.15294 0.6354344
vn -0.7490138 -0.1843123 0.6364019
vn -0.7490138 -0.1843123 0.6364019
vn -0.6392107 0.05097997 -0.7673401
vn -0.6392107 0.05097997 -0.7673401
vn -0.6392107 0.05097997 -0.7673401
vn -0.6392107 0.05097997 -0.7673401
vn -0.6392107 0.07450914 -0.7654136
vn -0.6392107 0.06666613 -0.7661366
vn -0.6392107 0.0901953 -0.7637241
vn -0.6392107 0.0901953 -0.7637241
vn -0.003921509 0.9999923 -0.000345267
vn -0.003921509 0.9999923 -0.000345267
vn -0.003921509 0.9999923 -0.000345267
vn -0.003921509 0.9999923 -0.000345267
vn 0.6392108 0.0901953 0.763724
vn 0.6392108 0.0901953 0.763724
vn 0.6392108 0.06666613 0.7661365
vn 0.6392108 0.07450914 0.7654136
vn 0.6392108 0.05097997 0.7673399
vn 0.6392108 0.05097997 0.7673399
vn 0.6392108 0.05097997 0.7673399
vn 0.6392108 0.05097997 0.7673399
vn -0.0901953 0.05097997 -0.9946185
vn -0.0901953 0.05097997 -0.9946185
vn -0.0901953 0.1137246 -0.9894097
vn -0.0901953 0.1137246 -0.9894097
vn -0.08235228 0.1921554 -0.9779031
vn -0.08235228 0.1921554 -0.9779031
vn -0.08235228 0.2156845 -0.9729843
vn -0.08235228 0.2156845 -0.9729843
vn 0.09019542 -0.03529388 0.9952985
vn 0.09019542 0.05097997 0.9946185
vn 0.09019542 0.05097997 0.9946185
vn 0.09019542 -0.03529388 0.9952985
vn 0.08235234 -0.15294 0.9847981
vn 0.08235234 -0.15294 0.9847981
vn 0.08235234 -0.1843123 0.9794115
vn 0.08235234 -0.1843123 0.9794115
vn -0.9921492 0.05097997 0.1141969
vn -0.9921492 0.05097997 0.1141969
vn -0.9921492 0.05097997 0.1141969
vn -0.9921492 0.05097997 0.1141969
vn -0.9921492 0.07450914 0.1004405
vn -0.9921492 0.06666613 0.1058089
vn -0.9921492 0.0901953 0.08662973
vn -0.9921492 0.0901953 0.08662973
vn -0.003921509 0.9999923 -0.000345267
vn -0.003921509 0.9999923 -0.000345267
vn -0.003921509 0.9999923 -0.000345267
vn -0.003921509 0.9999923 -0.000345267
vn 0.9921493 0.0901953 -0.08662903
vn 0.9921493 0.0901953 -0.08662903
vn 0.9921493 0.06666613 -0.1058084
vn 0.9921493 0.07450914 -0.1004399
vn 0.9921493 0.05097997 -0.1141964
vn 0.9921493 0.05097997 -0.1141964
vn 0.9921493 0.05097997 -0.1141964
vn 0.9921493 0.05097997 -0.1141964
vn -0.9058753 0.05097997 -0.4204651
vn -0.9058753 0.05097997 -0.4204651
vn -0.8980323 0.1137246 -0.4249761
vn -0.8980323 0.1137246 -0.4249761
vn -0.8901892 0.1921554 -0.4130854
vn -0.8901892 0.1921554 -0.4130854
vn -0.8823462 0.2156845 -0.4182648
vn -0.8823462 0.2156845 -0.4182648
vn 0.9058754 -0.03529388 0.4220711
vn 0.9058754 0.05097997 0.4204649
vn 0.9058754 0.05097997 0.4204649
vn 0.9058754 -0.03529388 0.4220711
vn 0.8980324 -0.15294 0.4124891
vn 0.8980324 -0.15294 0.4124891
vn 0.8901893 -0.1843123 0.4166437
vn 0.8901893 -0.1843123 0.4166437
vn -0.4196045 0.05097997 0.9062743
vn -0.4196045 0.05097997 0.9062743
vn -0.4196045 0.05097997 0.9062743
vn -0.4196045 0.05097997 0.9062743
vn -0.4196045 0.07450914 0.9046438
vn -0.4196045 0.06666613 0.9052556
vn -0.4196045 0.0901953 0.9032148
vn -0.4196045 0.0901953 0.9032148
vn -0.003921509 0.9999923 -0.000345267
vn -0.003921509 0.9999923 -0.000345267
vn -0.003921509 0.9999923 -0.000345267
vn -0.003921509 0.9999923 -0.000345267
vn 0.4196047 0.0901953 -0.9032147
vn 0.4196047 0.0901953 -0.9032147
vn 0.4196047 0.06666613 -0.9052556
vn 0.4196047 0.07450914 -0.9046437
vn 0.4196047 0.05097997 -0.9062743
vn 0.4196047 0.05097997 -0.9062743
vn 0.4196047 0.05097997 -0.9062743
vn 0.4196047 0.05097997 -0.9062743
vn -0.8117584 0.05097997 0.581764
vn -0.8117584 0.05097997 0.581764
vn -0.8039154 0.1137246 0.5837694
vn -0.8039154 0.1137246 0.5837694
vn -0.7960722 0.1921554 0.5738862
vn -0.7960722 0.1921554 0.5738862
vn -0.7882292 0.2156845 0.5763462
vn -0.7882292 0.2156845 0.5763462
vn 0.8117585 -0.03529388 -0.5829258
vn 0.8117585 0.05097997 -0.5817638
vn 0.8117585 0.05097997 -0.5817638
vn 0.8117585 -0.03529388 -0.5829258
vn 0.8039154 -0.15294 -0.5747428
vn 0.8039154 -0.15294 -0.5747428
vn 0.7960724 -0.1843123 -0.5764527
vn 0.7960724 -0.1843123 -0.5764527
vn 0.5843093 0.05097997 0.8099282
vn 0.5843093 0.05097997 0.8099282
vn 0.5843093 0.05097997 0.8099282
vn 0.5843093 0.05097997 0.8099282
vn 0.5843093 0.07450914 0.8081034
vn 0.5843093 0.06666613 0.8087882
vn 0.5843093 0.0901953 0.8065032
vn 0.5843093 0.0901953 0.8065032
vn -0.003921509 0.9999923 -0.000345267
vn -0.003921509 0.9999923 -0.000345267
vn -0.003921509 0.9999923 -0.000345267
vn -0.003921509 0.9999923 -0.000345267
vn -0.5843092 0.0901953 -0.8065033
vn -0.5843092 0.0901953 -0.8065033
vn -0.5843092 0.06666613 -0.8087882
vn -0.5843092 0.07450914 -0.8081034
vn -0.5843092 0.05097997 -0.8099283
vn -0.5843092 0.05097997 -0.8099283
vn -0.5843092 0.05097997 -0.8099283
vn -0.5843092 0.05097997 -0.8099283
vn 0.1764693 0.05097997 0.9829851
vn 0.1764693 0.05097997 0.9829851
vn 0.1764693 0.1137246 0.9777144
vn 0.1764693 0.1137246 0.9777144
vn 0.1686262 0.1921554 0.9667686
vn 0.1686262 0.1921554 0.9667686
vn 0.1686262 0.2156845 0.9617928
vn 0.1686262 0.2156845 0.9617928
vn -0.1764692 -0.03529388 -0.9836732
vn -0.1764692 0.05097997 -0.9829851
vn -0.1764692 0.05097997 -0.9829851
vn -0.1764692 -0.03529388 -0.9836732
vn -0.1686261 -0.15294 -0.9737425
vn -0.1686261 -0.15294 -0.9737425
vn -0.1686261 -0.1843123 -0.9682944
vn -0.1686261 -0.1843123 -0.9682944
vn 0.9843062 0.05097997 -0.1689447
vn 0.9843062 0.05097997 -0.1689447
vn 0.9843062 0.05097997 -0.1689447
vn 0.9843062 0.05097997 -0.1689447
vn 0.9843062 0.07450914 -0.1599677
vn 0.9843062 0.06666613 -0.1633919
vn 0.9843062 0.0901953 -0.1516776
vn 0.9843062 0.0901953 -0.1516776
vn 0.003921568 0.9999923 -0.000345267
vn 0.003921568 0.9999923 -0.000345267
vn 0.003921568 0.9999923 -0.000345267
vn 0.003921568 0.9999923 -0.000345267
vn -0.9843061 0.0901953 0.1516784
vn -0.9843061 0.0901953 0.1516784
vn -0.9843061 0.06666613 0.1633926
vn -0.9843061 0.07450914 0.1599685
vn -0.9843061 0.05097997 0.1689454
vn -0.9843061 0.05097997 0.1689454
vn -0.9843061 0.05097997 0.1689454
vn -0.9843061 0.05097997 0.1689454
vn 0.9999924 0.003921509 0
vn 0.9999924 0.003921509 0
vn 0.8116088 0.5842015 0
vn 0.8116088 0.5842015 0
vn 0.8116088 -0.5842015 0
vn 0.8116088 -0.5842015 0
vn 0.8116088 0.5842015 0
vn 0.8116088 0.5842015 0
vn 0.3091746 0.9510053 0
vn 0.3091746 0.9510053 0
vn -0.3091745 0.9510054 0
vn -0.3091745 0.9510054 0
vn -0.8116087 0.5842015 0
vn -0.8116087 0.5842015 0
vn -0.8116087 0.5842015 0
vn -0.8116087 0.5842015 0
vn -0.9999923 0.003921509 -0.0003449296
vn -0.9999923 -0.003921568 -0.0003442513
vn -0.8116087 -0.5842015 0
vn -0.8116087 -0.5842015 0
vn -0.8116087 -0.5842015 0
vn -0.8116087 -0.5842015 0
vn -0.3091745 -0.9510054 0
vn -0.3091745 -0.9510054 0
vn -0.3091745 -0.9510054 0
vn -0.3091745 -0.9510054 0
vn 0.3091746 -0.9510053 0
vn 0.3091746 -0.9510053 0
vn 0.3091746 -0.9510053 0
vn 0.3091746 -0.9510053 0
vn 0.8116088 -0.5842015 0
vn 0.8116088 -0.5842015 0
vn 0.1921554 -0.003921568 0.9813567
vn 0.1921554 -0.003921568 0.9813567
vn 0.15294 0.1137246 0.9816701
vn 0.15294 0.1137246 0.9816701
vn 0.05882311 0.1843122 0.9811059
vn 0.05882311 0.1843122 0.9811059
vn -0.05882299 0.1843122 0.9811059
vn -0.05882299 0.1843122 0.9811059
vn -0.1529399 0.1137246 0.9816701
vn -0.1529399 0.1137246 0.9816701
vn -0.1921554 -0.003921568 0.9813567
vn -0.1921554 -0.003921568 0.9813567
vn -0.1529399 -0.1137246 0.9816701
vn -0.1529399 -0.1137246 0.9816701
vn -0.05882299 -0.1843123 0.9811059
vn -0.05882299 -0.1843123 0.9811059
vn 0.05882311 -0.1843123 0.9811059
vn 0.05882311 -0.1843123 0.9811059
vn 0.15294 -0.1137246 0.98167
vn 0.15294 -0.1137246 0.98167
vn -0.003921509 0.003921509 0.9999846
vn -0.003921509 0.003921509 0.9999846
vn -0.003921509 0.003921509 0.9999846
vn -0.003921509 0.003921509 0.9999846
vn -0.003921509 0.003921509 0.9999846
vn -0.003921509 0.003921509 0.9999846
vn -0.003921509 0.003921509 0.9999846
vn -0.003921509 0.003921509 0.9999846
vn -0.003921509 0.003921509 0.9999846
vn -0.003921509 0.003921509 0.9999846
vn -0.9529338 -0.003921568 0.3031532
vn -0.9529338 0.003921509 0.3031532
vn -0.7725431 -0.56078 0.2978304
vn -0.7725431 -0.56078 0.2978304
vn -0.2941153 -0.9058754 0.3047718
vn -0.2941153 -0.9058754 0.3047718
vn 0.2941154 -0.9058754 0.3047717
vn 0.2941154 -0.9058754 0.3047717
vn 0.7725431 -0.56078 0.2978302
vn 0.7725431 -0.56078 0.2978302
vn 0.9529339 0.003921509 0.3031528
vn 0.9529339 -0.003921568 0.3031528
vn 0.7725431 0.5607799 0.2978304
vn 0.7725431 0.5607799 0.2978304
vn 0.2941154 0.9058753 0.3047721
vn 0.2941154 0.9058753 0.3047721
vn -0.2941153 0.9058753 0.3047722
vn -0.2941153 0.9058753 0.3047722
vn -0.7725431 0.5607799 0.2978306
vn -0.7725431 0.5607799 0.2978306
vn 0.4039185 0.003921509 -0.9147866
vn 0.4039185 0.003921509 -0.9147866
vn 0.4039185 0.003921509 -0.9147866
vn 0.4039185 0.003921509 -0.9147866
vn -0.7490138 0.003921509 -0.6625428
vn -0.7490138 0.003921509 -0.6625428
vn -0.7490138 0.003921509 -0.6625428
vn -0.7490138 0.003921509 -0.6625428
vn -0.86666 0.003921509 0.4988838
vn -0.86666 0.003921509 0.4988838
vn -0.86666 0.003921509 0.4988838
vn -0.86666 0.003921509 0.4988838
vn 0.2156847 0.003921509 0.9764552
vn 0.2156847 0.003921509 0.9764552
vn 0.2156847 0.003921509 0.9764552
vn 0.2156847 0.003921509 0.9764552
vn 0.9921493 0.003921509 0.1249976
vn 0.9921493 0.003921509 0.1249976
vn 0.9921493 0.003921509 0.1249976
vn 0.9921493 0.003921509 0.1249976
vn 0.003921568 -0.9999924 0
vn 0.003921568 -0.9999924 0
vn 0.003921568 -0.9999924 0
vn 0.003921568 -0.9999924 0
vn 0.003921568 -0.9999924 0
vn -0.003921509 0.9999923 -0.000345267
vn -0.003921509 0.9999923 -0.000345267
vn -0.003921509 0.9999923 -0.000345267
vn -0.003921509 0.9999923 -0.000345267
vn -0.003921509 0.9999923 -0.000345267
vn 0.06666619 0.003921509 -0.9977676
vn 0.06666619 0.003921509 -0.9977676
vn 0.06666619 0.003921509 -0.9977676
vn 0.06666619 0.003921509 -0.9977676
vn -0.9294046 0.003921509 -0.3690416
vn -0.9294046 0.003921509 -0.3690416
vn -0.9294046 0.003921509 -0.3690416
vn -0.9294046 0.003921509 -0.3690416
vn -0.6392107 0.003921509 0.7690216
vn -0.6392107 0.003921509 0.7690216
vn -0.6392107 0.003921509 0.7690216
vn -0.6392107 0.003921509 0.7690216
vn 0.5294077 0.003921509 0.8483585
vn 0.5294077 0.003921509 0.8483585
vn 0.5294077 0.003921509 0.8483585
vn 0.5294077 0.003921509 0.8483585
vn 0.9686201 0.003921509 -0.2485151
vn 0.9686201 0.003921509 -0.2485151
vn 0.9686201 0.003921509 -0.2485151
vn 0.9686201 0.003921509 -0.2485151
vn 0.003921568 -0.9999924 0
vn 0.003921568 -0.9999924 0
vn 0.003921568 -0.9999924 0
vn -0.003921509 -0.9999924 0
vn -0.003921509 -0.9999924 0
vn -0.003921509 0.9999923 -0.000345267
vn -0.003921509 0.9999923 -0.000345267
vn -0.003921509 0.9999923 -0.000345267
vn -0.003921509 0.9999923 -0.000345267
vn -0.003921509 0.9999923 -0.000345267
vn -0.348974 0.9371324 0
vn -0.348974 0.9371324 0
vn -0.5999954 0.7882292 0.136749
vn -0.6155679 0.7880838 0
vn -0.3254876 0.9372476 0.1249988
vn -0.5607799 0.7882292 0.2534178
vn -0.4901923 0.7882292 0.3720299
vn -0.5607799 0.7882292 0.2534178
vn -0.3254876 0.9372476 0.1249988
vn -0.2862723 0.9372476 0.1990354
vn -0.3960754 0.7882292 0.4709766
vn -0.2313707 0.9294046 0.2875319
vn -0.262743 0.7803861 0.5674184
vn -0.1529399 0.9372476 0.313331
vn -0.003921509 0.9372476 0.3486424
vn -0.003921509 0.7803861 0.6252857
vn -0.1215676 0.7803861 0.6133668
vn -0.06666613 0.9294046 0.3629913
vn -0.1529399 0.9372476 0.313331
vn -0.06666613 0.9294046 0.3629913
vn -0.1215676 0.7803861 0.6133668
vn -0.262743 0.7803861 0.5674184
vn -0.5921522 -0.7960724 0.1249983
vn -0.3091745 -0.9510054 0
vn -0.3019584 -0.9529339 0.02716771
vn -0.6068686 -0.7948023 0
vn -0.5450938 -0.7960724 0.2629478
vn -0.2784292 -0.9529339 0.1199757
vn -0.4823492 -0.7882293 0.3821438
vn -0.2470568 -0.9529339 0.1757268
vn -0.2784292 -0.9529339 0.1199757
vn -0.5450938 -0.7960724 0.2629478
vn -0.3882322 -0.7960724 0.4642677
vn -0.1999984 -0.9529339 0.2278544
vn -0.2549 -0.7882293 0.5601076
vn -0.1215676 -0.9529339 0.2777378
vn -0.003921509 -0.7882293 0.6153691
vn -0.003921509 -0.960777 0.2772944
vn -0.05882299 -0.9529339 0.2974169
vn -0.1215676 -0.7882293 0.6032544
vn -0.1215676 -0.7882293 0.6032544
vn -0.05882299 -0.9529339 0.2974169
vn -0.1215676 -0.9529339 0.2777378
vn -0.2549 -0.7882293 0.5601076
vn -0.3091745 -0.9510054 0
vn 0.06651904 -0.9977852 0
vn 0.06651904 -0.9977852 0
vn -0.3019584 -0.9529339 0.02716771
vn -0.2784292 -0.9529339 0.1199757
vn 0.06651904 -0.9977852 0
vn -0.2470568 -0.9529339 0.1757268
vn 0.05872205 -0.9982743 0
vn -0.1999984 -0.9529339 0.2278544
vn 0.04309721 -0.9990709 0
vn -0.003921509 -0.960777 0.2772944
vn -0.003921509 -0.9921493 -0.1249976
vn 0.0274508 -0.9921493 -0.1220093
vn -0.05882299 -0.9529339 0.2974169
vn 0.03527218 -0.9993777 0
vn -0.1215676 -0.9529339 0.2777378
vn 0.04309721 -0.9990709 0
vn -0.1999984 -0.9529339 0.2278544
vn -0.0117638 0.9999309 0
vn -0.01960405 0.9998079 0
vn -0.348974 0.9371324 0
vn -0.348974 0.9371324 0
vn -0.3254876 0.9372476 0.1249988
vn -0.348974 0.9371324 0
vn -0.01960405 0.9998079 0
vn -0.01960405 0.9998079 0
vn -0.01960405 0.9998079 0
vn -0.2862723 0.9372476 0.1990354
vn -0.2862723 0.9372476 0.1990354
vn -0.01960405 0.9998079 0
vn -0.01960405 0.9998079 0
vn -0.2313707 0.9294046 0.2875319
vn -0.1529399 0.9372476 0.313331
vn -0.0117638 0.9999309 0
vn -0.003921509 0.9999923 -0.000345267
vn -0.003921509 0.9372476 0.3486424
vn -0.06666613 0.9294046 0.3629913
vn -0.003921509 0.9999923 -0.000345267
vn -0.1529399 0.9372476 0.313331
vn -0.0117638 0.9999309 0
vn 0.3489741 0.9371324 0
vn 0.615568 0.7880838 0
vn 0.5999954 0.7882292 0.1367486
vn 0.3489741 0.9371324 0
vn 0.3254877 0.9372476 0.1249986
vn 0.56078 0.7882292 0.2534176
vn 0.4901924 0.7882292 0.3720298
vn 0.2862723 0.9372476 0.1990353
vn 0.3254877 0.9372476 0.1249986
vn 0.56078 0.7882292 0.2534176
vn 0.3960754 0.7882292 0.4709766
vn 0.2313708 0.9294046 0.2875319
vn 0.2627431 0.7803861 0.5674184
vn 0.15294 0.9372476 0.3133309
vn -0.003921509 0.9372476 0.3486424
vn 0.06666619 0.9294046 0.3629913
vn 0.1215677 0.7803861 0.6133668
vn -0.003921509 0.7803861 0.6252857
vn 0.15294 0.9372476 0.3133309
vn 0.2627431 0.7803861 0.5674184
vn 0.1215677 0.7803861 0.6133668
vn 0.06666619 0.9294046 0.3629913
vn 0.5921524 -0.7960724 0.1249976
vn 0.6068687 -0.7948022 0
vn 0.3019585 -0.9529339 0.02716661
vn 0.3019585 -0.9529339 0.02716661
vn 0.5450939 -0.7960724 0.2629476
vn 0.2784293 -0.9529339 0.1199754
vn 0.4823493 -0.7882293 0.3821436
vn 0.5450939 -0.7960724 0.2629476
vn 0.2784293 -0.9529339 0.1199754
vn 0.247057 -0.9529339 0.1757267
vn 0.3882324 -0.7960724 0.4642677
vn 0.1999985 -0.9529339 0.2278542
vn 0.2549 -0.7882293 0.5601076
vn 0.1215677 -0.9529339 0.2777377
vn -0.003921509 -0.7882293 0.6153691
vn 0.1215677 -0.7882293 0.6032544
vn 0.05882311 -0.960777 0.2710118
vn -0.003921509 -0.960777 0.2772944
vn 0.1215677 -0.7882293 0.6032544
vn 0.2549 -0.7882293 0.5601076
vn 0.1215677 -0.9529339 0.2777377
vn 0.05882311 -0.960777 0.2710118
vn 0.3019585 -0.9529339 0.02716661
vn 0.3019585 -0.9529339 0.02716661
vn -0.08207506 -0.9966261 0
vn -0.07430375 -0.9972357 0
vn 0.2784293 -0.9529339 0.1199754
vn -0.06651898 -0.9977852 0
vn 0.247057 -0.9529339 0.1757267
vn -0.05872193 -0.9982743 0
vn 0.1999985 -0.9529339 0.2278542
vn -0.05091424 -0.998703 0
vn -0.003921509 -0.960777 0.2772944
vn 0.05882311 -0.960777 0.2710118
vn -0.01960766 -0.9921493 -0.1235125
vn -0.003921509 -0.9921493 -0.1249976
vn -0.04313684 -0.9921493 -0.1173839
vn 0.1215677 -0.9529339 0.2777377
vn -0.04313684 -0.9921493 -0.1173839
vn -0.04309709 -0.9990709 0
vn -0.05091424 -0.998703 0
vn 0.1999985 -0.9529339 0.2278542
vn 0.01176392 0.9999309 0
vn 0.3489741 0.9371324 0
vn 0.3489741 0.9371324 0
vn 0.01960411 0.9998079 0
vn 0.3254877 0.9372476 0.1249986
vn 0.01960411 0.9998079 0
vn 0.01960411 0.9998079 0
vn 0.3489741 0.9371324 0
vn 0.01960411 0.9998079 0
vn 0.2862723 0.9372476 0.1990353
vn 0.2862723 0.9372476 0.1990353
vn 0.2313708 0.9294046 0.2875319
vn 0.01960411 0.9998079 0
vn 0.01960411 0.9998079 0
vn 0.15294 0.9372476 0.3133309
vn 0.01176392 0.9999309 0
vn -0.003921509 0.9999923 -0.000345267
vn 0.003921568 0.9999923 -0.000345267
vn 0.06666619 0.9294046 0.3629913
vn -0.003921509 0.9372476 0.3486424
vn 0.15294 0.9372476 0.3133309
vn 0.01176392 0.9999309 0
vn -0.348974 0.9371324 0
vn -0.6155679 0.7880838 0
vn -0.5999954 0.7882292 -0.136749
vn -0.348974 0.9371324 0
vn -0.3254876 0.9372476 -0.1249988
vn -0.5607799 0.7882292 -0.2534178
vn -0.4901923 0.7882292 -0.3720299
vn -0.2862723 0.9372476 -0.1990354
vn -0.3254876 0.9372476 -0.1249988
vn -0.5607799 0.7882292 -0.2534178
vn -0.3960754 0.7882292 -0.4709766
vn -0.2313707 0.9294046 -0.2875319
vn -0.262743 0.7803861 -0.5674184
vn -0.1529399 0.9372476 -0.313331
vn -0.003921509 0.9372476 -0.3486424
vn -0.06666613 0.9294046 -0.3629913
vn -0.1215676 0.7803861 -0.6133668
vn -0.003921509 0.7803861 -0.6252857
vn -0.1529399 0.9372476 -0.313331
vn -0.262743 0.7803861 -0.5674184
vn -0.1215676 0.7803861 -0.6133668
vn -0.06666613 0.9294046 -0.3629913
vn -0.5921522 -0.7960724 -0.1249983
vn -0.6068686 -0.7948023 0
vn -0.3019584 -0.9529339 0.02716771
vn -0.3098015 -0.9450908 -0.1040497
vn -0.5450938 -0.7960724 -0.2629478
vn -0.2784292 -0.9529339 -0.1199757
vn -0.4823492 -0.7882293 -0.3821438
vn -0.5450938 -0.7960724 -0.2629478
vn -0.2784292 -0.9529339 -0.1199757
vn -0.2470568 -0.9529339 -0.1757268
vn -0.3882322 -0.7960724 -0.4642677
vn -0.1999984 -0.9450908 -0.2584646
vn -0.2549 -0.7882293 -0.5601076
vn -0.1294107 -0.9450908 -0.3000936
vn -0.003921509 -0.7882293 -0.6153691
vn -0.1215676 -0.7882293 -0.6032544
vn -0.05882299 -0.9529339 -0.2974169
vn -0.003921509 -0.9529339 -0.3031528
vn -0.1215676 -0.7882293 -0.6032544
vn -0.2549 -0.7882293 -0.5601076
vn -0.1294107 -0.9450908 -0.3000936
vn -0.05882299 -0.9529339 -0.2974169
vn -0.3098015 -0.9450908 -0.1040497
vn -0.3019584 -0.9529339 0.02716771
vn 0.06651904 -0.9977852 0
vn 0.06651904 -0.9977852 0
vn -0.2784292 -0.9529339 -0.1199757
vn 0.05872205 -0.9982743 0
vn -0.2470568 -0.9529339 -0.1757268
vn 0.0509143 -0.998703 0
vn -0.1999984 -0.9450908 -0.2584646
vn 0.04309721 -0.9990709 0
vn -0.003921509 -0.9529339 -0.3031528
vn -0.05882299 -0.9529339 -0.2974169
vn 0.01176392 -0.9999309 0
vn -0.003921509 -0.9999924 0
vn 0.02744067 -0.9996234 0
vn -0.1294107 -0.9450908 -0.3000936
vn -0.1294107 -0.9450908 -0.3000936
vn -0.1999984 -0.9450908 -0.2584646
vn 0.04309721 -0.9990709 0
vn 0.02744067 -0.9996234 0
vn -0.0117638 0.9999309 0
vn -0.348974 0.9371324 0
vn -0.348974 0.9371324 0
vn -0.01960405 0.9998079 0
vn -0.3254876 0.9372476 -0.1249988
vn -0.01960405 0.9998079 0
vn -0.01960405 0.9998079 0
vn -0.348974 0.9371324 0
vn -0.01960405 0.9998079 0
vn -0.2862723 0.9372476 -0.1990354
vn -0.2862723 0.9372476 -0.1990354
vn -0.2313707 0.9294046 -0.2875319
vn -0.01960405 0.9998079 0
vn -0.01960405 0.9998079 0
vn -0.1529399 0.9372476 -0.313331
vn -0.0117638 0.9999309 0
vn -0.003921509 0.9999923 -0.000345267
vn -0.003921509 0.9999923 -0.000345267
vn -0.06666613 0.9294046 -0.3629913
vn -0.003921509 0.9372476 -0.3486424
vn -0.1529399 0.9372476 -0.313331
vn -0.0117638 0.9999309 0
vn 0.3489741 0.9371324 0
vn 0.3489741 0.9371324 0
vn 0.5999954 0.7882292 -0.1367486
vn 0.615568 0.7880838 0
vn 0.3254877 0.9372476 -0.1249986
vn 0.56078 0.7882292 -0.2534176
vn 0.4901924 0.7882292 -0.3720298
vn 0.56078 0.7882292 -0.2534176
vn 0.3254877 0.9372476 -0.1249986
vn 0.2862723 0.9372476 -0.1990353
vn 0.3960754 0.7882292 -0.4709766
vn 0.2313708 0.9294046 -0.2875319
vn 0.2627431 0.7803861 -0.5674184
vn 0.15294 0.9372476 -0.3133309
vn -0.003921509 0.9372476 -0.3486424
vn -0.003921509 0.7803861 -0.6252857
vn 0.1215677 0.7803861 -0.6133668
vn 0.06666619 0.9294046 -0.3629913
vn 0.15294 0.9372476 -0.3133309
vn 0.06666619 0.9294046 -0.3629913
vn 0.1215677 0.7803861 -0.6133668
vn 0.2627431 0.7803861 -0.5674184
vn 0.5921524 -0.7960724 -0.1249976
vn 0.3019585 -0.9529339 -0.02716661
vn 0.3019585 -0.9529339 0.02716661
vn 0.6068687 -0.7948022 0
vn 0.5450939 -0.7960724 -0.2629476
vn 0.2784293 -0.9529339 -0.1199754
vn 0.4823493 -0.7882293 -0.3821436
vn 0.247057 -0.9529339 -0.1757267
vn 0.2784293 -0.9529339 -0.1199754
vn 0.5450939 -0.7960724 -0.2629476
vn 0.3882324 -0.7960724 -0.4642677
vn 0.1999985 -0.9450908 -0.2584645
vn 0.2549 -0.7882293 -0.5601076
vn 0.1294108 -0.9450908 -0.3000935
vn -0.003921509 -0.7882293 -0.6153691
vn -0.003921509 -0.9529339 -0.3031528
vn 0.05882311 -0.9529339 -0.2974169
vn 0.1215677 -0.7882293 -0.6032544
vn 0.1215677 -0.7882293 -0.6032544
vn 0.05882311 -0.9529339 -0.2974169
vn 0.1294108 -0.9450908 -0.3000935
vn 0.2549 -0.7882293 -0.5601076
vn 0.3019585 -0.9529339 -0.02716661
vn -0.07430375 -0.9972357 0
vn -0.08207506 -0.9966261 0
vn 0.3019585 -0.9529339 0.02716661
vn 0.2784293 -0.9529339 -0.1199754
vn -0.06651898 -0.9977852 0
vn 0.247057 -0.9529339 -0.1757267
vn -0.05872193 -0.9982743 0
vn 0.1999985 -0.9450908 -0.2584645
vn -0.04309709 -0.9990709 0
vn -0.003921509 -0.9529339 -0.3031528
vn -0.003921509 -0.9999924 0
vn -0.0117638 -0.9999309 0
vn 0.05882311 -0.9529339 -0.2974169
vn -0.02744055 -0.9996234 0
vn 0.1294108 -0.9450908 -0.3000935
vn -0.04309709 -0.9990709 0
vn 0.1999985 -0.9450908 -0.2584645
vn 0.01176392 0.9999309 0
vn 0.01960411 0.9998079 0
vn 0.3489741 0.9371324 0
vn 0.3489741 0.9371324 0
vn 0.3254877 0.9372476 -0.1249986
vn 0.3489741 0.9371324 0
vn 0.01960411 0.9998079 0
vn 0.01960411 0.9998079 0
vn 0.01960411 0.9998079 0
vn 0.2862723 0.9372476 -0.1990353
vn 0.2862723 0.9372476 -0.1990353
vn 0.01960411 0.9998079 0
vn 0.01960411 0.9998079 0
vn 0.2313708 0.9294046 -0.2875319
vn 0.15294 0.9372476 -0.3133309
vn 0.01176392 0.9999309 0
vn -0.003921509 0.9999923 -0.000345267
vn -0.003921509 0.9372476 -0.3486424
vn 0.06666619 0.9294046 -0.3629913
vn 0.003921568 0.9999923 -0.000345267
vn 0.15294 0.9372476 -0.3133309
vn 0.01176392 0.9999309 0
vn 0.9921493 0.003921509 -0.1249976
vn 0.9372478 0.003921509 -0.3486421
vn 0.9372478 0.003921509 -0.3486421
vn 0.9921493 0.003921509 -0.1249976
vn 0.9372478 0.003921509 -0.3486421
vn 0.7333277 0.003921509 -0.679864
vn 0.7333277 0.003921509 -0.679864
vn 0.9372478 0.003921509 -0.3486421
vn 0.7333277 0.003921509 -0.679864
vn 0.4196047 0.003921509 -0.9076985
vn 0.4196047 0.003921509 -0.9076985
vn 0.7333277 0.003921509 -0.679864
vn -0.4196045 -0.003921568 0.9076986
vn -0.04313684 -0.003921568 0.9990615
vn -0.04313684 -0.003921568 0.9990615
vn -0.4196045 -0.003921568 0.9076986
vn -0.04313684 -0.003921568 0.9990615
vn 0.15294 -0.003921568 0.9882277
vn 0.15294 -0.003921568 0.9882277
vn -0.04313684 -0.003921568 0.9990615
vn -0.9058753 0.003921509 -0.4235263
vn -0.9058753 0.003921509 -0.4235263
vn -0.9999923 0.003921509 -0.0003449296
vn -0.9999923 0.003921509 -0.0003449296
vn -0.9999923 0.003921509 -0.0003449296
vn -0.9372476 -0.003921568 0.3486424
vn -0.9372476 -0.003921568 0.3486424
vn -0.9999923 0.003921509 -0.0003449296
vn -0.9372476 -0.003921568 0.3486424
vn -0.7333276 -0.003921568 0.6798641
vn -0.7333276 -0.003921568 0.6798641
vn -0.9372476 -0.003921568 0.3486424
vn -0.7333276 -0.003921568 0.6798641
vn -0.4196045 -0.003921568 0.9076986
vn -0.4196045 -0.003921568 0.9076986
vn -0.7333276 -0.003921568 0.6798641
vn 0.4196047 0.003921509 -0.9076985
vn 0.04313695 0.003921509 -0.9990615
vn 0.04313695 0.003921509 -0.9990615
vn 0.4196047 0.003921509 -0.9076985
vn 0.04313695 0.003921509 -0.9990615
vn -0.3411738 0.003921509 -0.9399921
vn -0.3411738 0.003921509 -0.9399921
vn 0.04313695 0.003921509 -0.9990615
vn -0.3411738 0.003921509 -0.9399921
vn -0.6784261 0.003921509 -0.7346581
vn -0.6784261 0.003921509 -0.7346581
vn -0.3411738 0.003921509 -0.9399921
vn -0.6784261 0.003921509 -0.7346581
vn -0.9058753 0.003921509 -0.4235263
vn -0.9058753 0.003921509 -0.4235263
vn -0.6784261 0.003921509 -0.7346581
vn -0.5999954 0.003921509 0.7999939
vn -0.5999954 0.003921509 0.7999939
vn -0.5999954 0.003921509 0.7999939
vn -0.5999954 0.003921509 0.7999939
vn -0.003921509 -0.9999924 0
vn -0.003921509 -0.9999924 0
vn -0.003921509 -0.9999924 0
vn -0.003921509 -0.9999924 0
vn 0.7490139 -0.003921568 0.6625427
vn 0.7490139 -0.003921568 0.6625427
vn 0.7490139 -0.003921568 0.6625427
vn 0.7490139 -0.003921568 0.6625427
vn 0.003921568 0.9999923 -0.000345267
vn 0.003921568 0.9999923 -0.000345267
vn 0.003921568 0.9999923 -0.000345267
vn 0.003921568 0.9999923 -0.000345267
vn -0.7490138 0.003921509 -0.6625428
vn -0.7490138 0.003921509 -0.6625428
vn -0.7490138 0.003921509 -0.6625428
vn -0.7490138 0.003921509 -0.6625428
vn -0.5607799 -0.003921568 0.8279556
vn -0.5607799 -0.003921568 0.8279556
vn -0.5607799 -0.003921568 0.8279556
vn -0.5607799 -0.003921568 0.8279556
vn -0.003921509 -0.9999924 0
vn -0.003921509 -0.9999924 0
vn -0.003921509 -0.9999924 0
vn -0.003921509 -0.9999924 0
vn 0.7803862 -0.003921568 0.6252855
vn 0.7803862 -0.003921568 0.6252855
vn 0.7803862 -0.003921568 0.6252855
vn 0.7803862 -0.003921568 0.6252855
vn 0.003921568 0.9999923 -0.000345267
vn 0.003921568 0.9999923 -0.000345267
vn 0.003921568 0.9999923 -0.000345267
vn 0.003921568 0.9999923 -0.000345267
vn -0.7803861 0.003921509 -0.6252857
vn -0.7803861 0.003921509 -0.6252857
vn -0.7803861 0.003921509 -0.6252857
vn -0.7803861 0.003921509 -0.6252857
vn -0.8509738 -0.003921568 0.5251934
vn -0.8509738 -0.003921568 0.5251934
vn -0.8509738 -0.003921568 0.5251934
vn -0.8509738 -0.003921568 0.5251934
vn -0.003921509 -0.9999924 0
vn -0.003921509 -0.9999924 0
vn -0.003921509 -0.9999924 0
vn -0.003921509 -0.9999924 0
vn 0.450977 -0.003921568 0.892527
vn 0.450977 -0.003921568 0.892527
vn 0.450977 -0.003921568 0.892527
vn 0.450977 -0.003921568 0.892527
vn 0.003921568 0.9999923 -0.000345267
vn 0.003921568 0.9999923 -0.000345267
vn 0.003921568 0.9999923 -0.000345267
vn 0.003921568 0.9999923 -0.000345267
vn -0.4509768 0.003921509 -0.892527
vn -0.4509768 0.003921509 -0.892527
vn -0.4509768 0.003921509 -0.892527
vn -0.4509768 0.003921509 -0.892527
vn -0.86666 0.003921509 0.4988838
vn -0.86666 0.003921509 0.4988838
vn -0.86666 0.003921509 0.4988838
vn -0.86666 0.003921509 0.4988838
vn -0.003921509 -0.9999924 0
vn -0.003921509 -0.9999924 0
vn -0.003921509 -0.9999924 0
vn -0.003921509 -0.9999924 0
vn 0.4196047 -0.003921568 0.9076985
vn 0.4196047 -0.003921568 0.9076985
vn 0.4196047 -0.003921568 0.9076985
vn 0.4196047 -0.003921568 0.9076985
vn -0.003921509 0.9999923 -0.000345267
vn -0.003921509 0.9999923 -0.000345267
vn -0.003921509 0.9999923 -0.000345267
vn -0.003921509 0.9999923 -0.000345267
vn -0.4196045 0.003921509 -0.9076986
vn -0.4196045 0.003921509 -0.9076986
vn -0.4196045 0.003921509 -0.9076986
vn -0.4196045 0.003921509 -0.9076986
vn -0.5921522 0.003921509 -0.8058166
vn -0.5921522 0.003921509 -0.8058166
vn -0.4196045 0.003921509 -0.9076986
vn -0.4196045 0.003921509 -0.9076986
vn -0.4196045 0.003921509 -0.9076986
vn -0.4196045 0.003921509 -0.9076986
vn -0.04313684 0.003921509 -0.9990615
vn -0.04313684 0.003921509 -0.9990615
vn -0.04313684 0.003921509 -0.9990615
vn -0.04313684 0.003921509 -0.9990615
vn 0.3411739 0.003921509 -0.939992
vn 0.3411739 0.003921509 -0.939992
vn 0.3411739 0.003921509 -0.939992
vn 0.3411739 0.003921509 -0.939992
vn 0.5215647 0.003921509 -0.8532028
vn 0.5215647 0.003921509 -0.8532028
vn -0.5921522 -0.003921568 -0.8058166
vn -0.4196045 -0.003921568 -0.9076986
vn -0.4196045 -0.003921568 -0.9076986
vn -0.5921522 -0.003921568 -0.8058166
vn -0.4196045 -0.003921568 -0.9076986
vn -0.04313684 -0.003921568 -0.9990615
vn -0.04313684 -0.003921568 -0.9990615
vn -0.4196045 -0.003921568 -0.9076986
vn -0.04313684 -0.003921568 -0.9990615
vn 0.3411739 -0.003921568 -0.939992
vn 0.3411739 -0.003921568 -0.939992
vn -0.04313684 -0.003921568 -0.9990615
vn 0.3411739 -0.003921568 -0.939992
vn 0.5215647 -0.003921568 -0.8532028
vn 0.5215647 -0.003921568 -0.8532028
vn 0.3411739 -0.003921568 -0.939992
vn -0.003921509 0.9999923 -0.000345267
vn -0.003921509 0.9999923 -0.000345267
vn -0.003921509 0.9999923 -0.000345267
vn -0.003921509 0.9999923 -0.000345267
vn -0.003921509 0.9999923 -0.000345267
vn -0.003921509 0.9999923 -0.000345267
vn -0.003921509 0.9999923 -0.000345267
vn -0.003921509 0.9999923 -0.000345267
vn 0.003921568 0.9999923 -0.000345267
vn 0.003921568 0.9999923 -0.000345267
vn -0.003921509 0.9999923 -0.000345267
vn -0.003921509 0.9999923 -0.000345267
vn 0.003921568 0.9999923 -0.000345267
vn 0.003921568 0.9999923 -0.000345267
vn 0.003921568 0.9999923 -0.000345267
vn 0.003921568 0.9999923 -0.000345267
vn -0.1999984 0.003921509 -0.9797884
vn -0.1999984 0.003921509 -0.9797884
vn -0.1999984 0.003921509 -0.9797884
vn -0.1999984 0.003921509 -0.9797884
vn -0.9764631 -0.003921568 0.215649
vn -0.9764631 -0.003921568 0.215649
vn -0.9764631 -0.003921568 0.215649
vn -0.9764631 -0.003921568 0.215649
vn 0.1999985 -0.003921568 0.9797884
vn 0.1999985 -0.003921568 0.9797884
vn 0.1999985 -0.003921568 0.9797884
vn 0.1999985 -0.003921568 0.9797884
vn -0.5999954 0.003921509 -0.7999939
vn -0.5999954 0.003921509 -0.7999939
vn -0.5999954 0.003921509 -0.7999939
vn -0.5999954 0.003921509 -0.7999939
vn -0.8039154 -0.003921568 0.5947308
vn -0.8039154 -0.003921568 0.5947308
vn -0.8039154 -0.003921568 0.5947308
vn -0.8039154 -0.003921568 0.5947308
vn 0.5999954 -0.003921568 0.7999938
vn 0.5999954 -0.003921568 0.7999938
vn 0.5999954 -0.003921568 0.7999938
vn 0.5999954 -0.003921568 0.7999938
vn -0.8352877 0.003921509 -0.5497991
vn -0.8352877 0.003921509 -0.5497991
vn -0.8352877 0.003921509 -0.5497991
vn -0.8352877 0.003921509 -0.5497991
vn -0.5529369 -0.003921568 0.8332139
vn -0.5529369 -0.003921568 0.8332139
vn -0.5529369 -0.003921568 0.8332139
vn -0.5529369 -0.003921568 0.8332139
vn 0.8352877 -0.003921568 0.549799
vn 0.8352877 -0.003921568 0.549799
vn 0.8352877 -0.003921568 0.549799
vn 0.8352877 -0.003921568 0.549799
vn -0.1999984 0.003921509 0.9797884
vn -0.1999984 0.003921509 0.9797884
vn -0.1999984 0.003921509 0.9797884
vn -0.1999984 0.003921509 0.9797884
vn -0.9764631 -0.003921568 -0.215649
vn -0.9764631 -0.003921568 -0.215649
vn -0.9764631 -0.003921568 -0.215649
vn -0.9764631 -0.003921568 -0.215649
vn 0.1999985 -0.003921568 -0.9797884
vn 0.1999985 -0.003921568 -0.9797884
vn 0.1999985 -0.003921568 -0.9797884
vn 0.1999985 -0.003921568 -0.9797884
vn -0.8352877 0.003921509 0.5497991
vn -0.8352877 0.003921509 0.5497991
vn -0.8352877 0.003921509 0.5497991
vn -0.8352877 0.003921509 0.5497991
vn -0.5529369 -0.003921568 -0.8332139
vn -0.5529369 -0.003921568 -0.8332139
vn -0.5529369 -0.003921568 -0.8332139
vn -0.5529369 -0.003921568 -0.8332139
vn 0.8352877 -0.003921568 -0.549799
vn 0.8352877 -0.003921568 -0.549799
vn 0.8352877 -0.003921568 -0.549799
vn 0.8352877 -0.003921568 -0.549799
vn 0.1999985 0.003921509 0.9797884
vn 0.1999985 0.003921509 0.9797884
vn 0.1999985 0.003921509 0.9797884
vn 0.1999985 0.003921509 0.9797884
vn 0.9764631 -0.003921568 -0.2156487
vn 0.9764631 -0.003921568 -0.2156487
vn 0.9764631 -0.003921568 -0.2156487
vn 0.9764631 -0.003921568 -0.2156487
vn -0.1999984 -0.003921568 -0.9797884
vn -0.1999984 -0.003921568 -0.9797884
vn -0.1999984 -0.003921568 -0.9797884
vn -0.1999984 -0.003921568 -0.9797884
vn 0.8352877 0.003921509 0.549799
vn 0.8352877 0.003921509 0.549799
vn 0.8352877 0.003921509 0.549799
vn 0.8352877 0.003921509 0.549799
vn 0.552937 -0.003921568 -0.8332139
vn 0.552937 -0.003921568 -0.8332139
vn 0.552937 -0.003921568 -0.8332139
vn 0.552937 -0.003921568 -0.8332139
vn -0.8352877 -0.003921568 -0.5497991
vn -0.8352877 -0.003921568 -0.5497991
vn -0.8352877 -0.003921568 -0.5497991
vn -0.8352877 -0.003921568 -0.5497991
vn 0.1999985 0.003921509 -0.9797884
vn 0.1999985 0.003921509 -0.9797884
vn 0.1999985 0.003921509 -0.9797884
vn 0.1999985 0.003921509 -0.9797884
vn 0.9764631 -0.003921568 0.2156487
vn 0.9764631 -0.003921568 0.2156487
vn 0.9764631 -0.003921568 0.2156487
vn 0.9764631 -0.003921568 0.2156487
vn -0.1999984 -0.003921568 0.9797884
vn -0.1999984 -0.003921568 0.9797884
vn -0.1999984 -0.003921568 0.9797884
vn -0.1999984 -0.003921568 0.9797884
vn 0.5999954 0.003921509 -0.7999938
vn 0.5999954 0.003921509 -0.7999938
vn 0.5999954 0.003921509 -0.7999938
vn 0.5999954 0.003921509 -0.7999938
vn 0.8039154 -0.003921568 0.5947307
vn 0.8039154 -0.003921568 0.5947307
vn 0.8039154 -0.003921568 0.5947307
vn 0.8039154 -0.003921568 0.5947307
vn -0.5999954 -0.003921568 0.7999939
vn -0.5999954 -0.003921568 0.7999939
vn -0.5999954 -0.003921568 0.7999939
vn -0.5999954 -0.003921568 0.7999939
vn 0.8352877 0.003921509 -0.549799
vn 0.8352877 0.003921509 -0.549799
vn 0.8352877 0.003921509 -0.549799
vn 0.8352877 0.003921509 -0.549799
vn 0.552937 -0.003921568 0.8332139
vn 0.552937 -0.003921568 0.8332139
vn 0.552937 -0.003921568 0.8332139
vn 0.552937 -0.003921568 0.8332139
vn -0.8352877 -0.003921568 0.5497991
vn -0.8352877 -0.003921568 0.5497991
vn -0.8352877 -0.003921568 0.5497991
vn -0.8352877 -0.003921568 0.5497991
vn 0.7960724 -0.003921568 0.6051888
vn 0.7960724 -0.003921568 0.6051888
vn 0.7960724 -0.003921568 0.6051888
vn 0.7960724 -0.003921568 0.6051888
vn 0.7960724 -0.003921568 0.6051888
vn 0.7960724 -0.003921568 0.6051888
vn 0.7960724 -0.003921568 0.6051888
vn 0.7960724 -0.003921568 0.6051888
vn 0.8196016 -0.003921568 0.5729204
vn 0.8196016 -0.003921568 0.5729204
vn 0.8196016 -0.003921568 0.5729204
vn 0.8196016 -0.003921568 0.5729204
vn 0.8039154 -0.003921568 0.5947307
vn 0.8039154 -0.003921568 0.5947307
vn 0.8039154 -0.003921568 0.5947307
vn 0.8039154 -0.003921568 0.5947307
vn 0.858817 -0.003921568 0.5122675
vn 0.858817 -0.003921568 0.5122675
vn 0.858817 -0.003921568 0.5122675
vn 0.858817 -0.003921568 0.5122675
vn 0.8352877 -0.003921568 0.549799
vn 0.8352877 -0.003921568 0.549799
vn 0.8352877 -0.003921568 0.549799
vn 0.8352877 -0.003921568 0.549799
vn 0.9372478 -0.003921568 0.3486421
vn 0.9372478 -0.003921568 0.3486421
vn 0.9372478 -0.003921568 0.3486421
vn 0.9372478 -0.003921568 0.3486421
vn 0.9372478 -0.003921568 0.3486421
vn 0.9372478 -0.003921568 0.3486421
vn 0.9372478 -0.003921568 0.3486421
vn 0.9372478 -0.003921568 0.3486421
vn 0.9450908 -0.003921568 0.3267842
vn 0.9450908 -0.003921568 0.3267842
vn 0.9450908 -0.003921568 0.3267842
vn 0.9450908 -0.003921568 0.3267842
vn 0.9450908 -0.003921568 0.3267842
vn 0.9450908 -0.003921568 0.3267842
vn 0.9450908 -0.003921568 0.3267842
vn 0.9450908 -0.003921568 0.3267842
vn 0.9999924 -0.003921568 0
vn 0.9999924 -0.003921568 0
vn 0.9999924 -0.003921568 0
vn 0.9999924 -0.003921568 0
vn 0.9999924 -0.003921568 0
vn 0.9999924 -0.003921568 0
vn 0.9999924 -0.003921568 0
vn 0.9999924 -0.003921568 0
vn -0.1686261 -0.003921568 -0.9856723
vn -0.1686261 -0.003921568 -0.9856723
vn -0.1686261 -0.003921568 -0.9856723
vn -0.1686261 -0.003921568 -0.9856723
vn 0.003921568 -0.9999924 0
vn 0.003921568 -0.9999924 0
vn 0.003921568 -0.9999924 0
vn 0.003921568 -0.9999924 0
vn -0.9921492 -0.003921568 0.1249981
vn -0.9921492 -0.003921568 0.1249981
vn -0.9921492 -0.003921568 0.1249981
vn -0.9921492 -0.003921568 0.1249981
vn -0.003921509 0.9999923 -0.000345267
vn -0.003921509 0.9999923 -0.000345267
vn -0.003921509 0.9999923 -0.000345267
vn -0.003921509 0.9999923 -0.000345267
vn 0.9921493 0.003921509 -0.1249976
vn 0.9921493 0.003921509 -0.1249976
vn 0.9921493 0.003921509 -0.1249976
vn 0.9921493 0.003921509 -0.1249976
vn -0.1607831 -0.003921568 -0.986982
vn -0.1607831 -0.003921568 -0.986982
vn -0.1607831 -0.003921568 -0.986982
vn -0.1607831 -0.003921568 -0.986982
vn 0.003921568 -0.9999924 0
vn 0.003921568 -0.9999924 0
vn 0.003921568 -0.9999924 0
vn 0.003921568 -0.9999924 0
vn -0.9999923 -0.003921568 -0.0003442513
vn -0.9999923 -0.003921568 -0.0003442513
vn -0.9999923 -0.003921568 -0.0003442513
vn -0.9999923 -0.003921568 -0.0003442513
vn -0.003921509 0.9999923 -0.000345267
vn -0.003921509 0.9999923 -0.000345267
vn -0.003921509 0.9999923 -0.000345267
vn -0.003921509 0.9999923 -0.000345267
vn 0.9999924 0.003921509 0
vn 0.9999924 0.003921509 0
vn 0.9999924 0.003921509 0
vn 0.9999924 0.003921509 0
vn 0.2784293 -0.003921568 -0.9604487
vn 0.2784293 -0.003921568 -0.9604487
vn 0.2784293 -0.003921568 -0.9604487
vn 0.2784293 -0.003921568 -0.9604487
vn 0.003921568 -0.9999924 0
vn 0.003921568 -0.9999924 0
vn 0.003921568 -0.9999924 0
vn 0.003921568 -0.9999924 0
vn -0.9372476 -0.003921568 -0.3486424
vn -0.9372476 -0.003921568 -0.3486424
vn -0.9372476 -0.003921568 -0.3486424
vn -0.9372476 -0.003921568 -0.3486424
vn -0.003921509 0.9999923 -0.000345267
vn -0.003921509 0.9999923 -0.000345267
vn -0.003921509 0.9999923 -0.000345267
vn -0.003921509 0.9999923 -0.000345267
vn 0.9372478 0.003921509 0.3486421
vn 0.9372478 0.003921509 0.3486421
vn 0.9372478 0.003921509 0.3486421
vn 0.9372478 0.003921509 0.3486421
vn 0.2941154 -0.003921568 -0.9557618
vn 0.2941154 -0.003921568 -0.9557618
vn 0.2941154 -0.003921568 -0.9557618
vn 0.2941154 -0.003921568 -0.9557618
vn 0.003921568 -0.9999924 0
vn 0.003921568 -0.9999924 0
vn 0.003921568 -0.9999924 0
vn 0.003921568 -0.9999924 0
vn -0.9294046 -0.003921568 -0.3690416
vn -0.9294046 -0.003921568 -0.3690416
vn -0.9294046 -0.003921568 -0.3690416
vn -0.9294046 -0.003921568 -0.3690416
vn -0.003921509 0.9999923 -0.000345267
vn -0.003921509 0.9999923 -0.000345267
vn -0.003921509 0.9999923 -0.000345267
vn -0.003921509 0.9999923 -0.000345267
vn 0.9294047 0.003921509 0.3690414
vn 0.9294047 0.003921509 0.3690414
vn 0.9294047 0.003921509 0.3690414
vn 0.9294047 0.003921509 0.3690414
vn -0.8509738 -0.003921568 -0.5251934
vn -0.8509738 -0.003921568 -0.5251934
vn -0.8509738 -0.003921568 -0.5251934
vn -0.8509738 -0.003921568 -0.5251934
vn -0.003921509 -0.9999924 0
vn -0.003921509 -0.9999924 0
vn -0.003921509 -0.9999924 0
vn -0.003921509 -0.9999924 0
vn -0.5921522 -0.003921568 0.8058166
vn -0.5921522 -0.003921568 0.8058166
vn -0.5921522 -0.003921568 0.8058166
vn -0.5921522 -0.003921568 0.8058166
vn -0.003921509 0.9999923 -0.000345267
vn -0.003921509 0.9999923 -0.000345267
vn -0.003921509 0.9999923 -0.000345267
vn -0.003921509 0.9999923 -0.000345267
vn 0.5921524 0.003921509 -0.8058165
vn 0.5921524 0.003921509 -0.8058165
vn 0.5921524 0.003921509 -0.8058165
vn 0.5921524 0.003921509 -0.8058165
vn -0.7646999 -0.003921568 -0.6443746
vn -0.7646999 -0.003921568 -0.6443746
vn -0.7646999 -0.003921568 -0.6443746
vn -0.7646999 -0.003921568 -0.6443746
vn 0.003921568 -0.9999924 0
vn 0.003921568 -0.9999924 0
vn 0.003921568 -0.9999924 0
vn 0.003921568 -0.9999924 0
vn -0.7019553 -0.003921568 0.7122102
vn -0.7019553 -0.003921568 0.7122102
vn -0.7019553 -0.003921568 0.7122102
vn -0.7019553 -0.003921568 0.7122102
vn -0.003921509 0.9999923 -0.000345267
vn -0.003921509 0.9999923 -0.000345267
vn -0.003921509 0.9999923 -0.000345267
vn -0.003921509 0.9999923 -0.000345267
vn 0.7019554 0.003921509 -0.7122101
vn 0.7019554 0.003921509 -0.7122101
vn 0.7019554 0.003921509 -0.7122101
vn 0.7019554 0.003921509 -0.7122101
vn -0.5215646 -0.003921568 -0.8532028
vn -0.5215646 -0.003921568 -0.8532028
vn -0.5215646 -0.003921568 -0.8532028
vn -0.5215646 -0.003921568 -0.8532028
vn 0.003921568 -0.9999924 0
vn 0.003921568 -0.9999924 0
vn 0.003921568 -0.9999924 0
vn 0.003921568 -0.9999924 0
vn -0.8901892 -0.003921568 0.4555742
vn -0.8901892 -0.003921568 0.4555742
vn -0.8901892 -0.003921568 0.4555742
vn -0.8901892 -0.003921568 0.4555742
vn -0.003921509 0.9999923 -0.000345267
vn -0.003921509 0.9999923 -0.000345267
vn -0.003921509 0.9999923 -0.000345267
vn -0.003921509 0.9999923 -0.000345267
vn 0.8901893 0.003921509 -0.455574
vn 0.8901893 0.003921509 -0.455574
vn 0.8901893 0.003921509 -0.455574
vn 0.8901893 0.003921509 -0.455574
vn -0.4980353 -0.003921568 -0.8671479
vn -0.4980353 -0.003921568 -0.8671479
vn -0.4980353 -0.003921568 -0.8671479
vn -0.4980353 -0.003921568 -0.8671479
vn 0.003921568 -0.9999924 0
vn 0.003921568 -0.9999924 0
vn 0.003921568 -0.9999924 0
vn 0.003921568 -0.9999924 0
vn -0.9058753 -0.003921568 0.4235263
vn -0.9058753 -0.003921568 0.4235263
vn -0.9058753 -0.003921568 0.4235263
vn -0.9058753 -0.003921568 0.4235263
vn -0.003921509 0.9999923 -0.000345267
vn -0.003921509 0.9999923 -0.000345267
vn -0.003921509 0.9999923 -0.000345267
vn -0.003921509 0.9999923 -0.000345267
vn 0.9058754 0.003921509 -0.423526
vn 0.9058754 0.003921509 -0.423526
vn 0.9058754 0.003921509 -0.423526
vn 0.9058754 0.003921509 -0.423526
vn 0.9843062 -0.003921568 -0.1764254
vn 0.9843062 -0.003921568 -0.1764254
vn 0.9843062 -0.003921568 -0.1764254
vn 0.9843062 -0.003921568 -0.1764254
vn 0.003921568 -0.9999924 0
vn 0.003921568 -0.9999924 0
vn 0.003921568 -0.9999924 0
vn 0.003921568 -0.9999924 0
vn -0.09803843 -0.003921568 -0.9951749
vn -0.09803843 -0.003921568 -0.9951749
vn -0.09803843 -0.003921568 -0.9951749
vn -0.09803843 -0.003921568 -0.9951749
vn -0.003921509 0.9999923 -0.000345267
vn -0.003921509 0.9999923 -0.000345267
vn -0.003921509 0.9999923 -0.000345267
vn -0.003921509 0.9999923 -0.000345267
vn 0.09803849 0.003921509 0.9951749
vn 0.09803849 0.003921509 0.9951749
vn 0.09803849 0.003921509 0.9951749
vn 0.09803849 0.003921509 0.9951749
vn 0.9843062 -0.003921568 0.1764254
vn 0.9843062 -0.003921568 0.1764254
vn 0.9843062 -0.003921568 0.1764254
vn 0.9843062 -0.003921568 0.1764254
vn -0.003921509 -0.9999924 0
vn -0.003921509 -0.9999924 0
vn -0.003921509 -0.9999924 0
vn -0.003921509 -0.9999924 0
vn 0.2549 -0.003921568 -0.9669595
vn 0.2549 -0.003921568 -0.9669595
vn 0.2549 -0.003921568 -0.9669595
vn 0.2549 -0.003921568 -0.9669595
vn 0.003921568 0.9999923 -0.000345267
vn 0.003921568 0.9999923 -0.000345267
vn 0.003921568 0.9999923 -0.000345267
vn 0.003921568 0.9999923 -0.000345267
vn -0.2549 0.003921509 0.9669595
vn -0.2549 0.003921509 0.9669595
vn -0.2549 0.003921509 0.9669595
vn -0.2549 0.003921509 0.9669595
vn 0.9843062 -0.003921568 0.1764254
vn 0.9843062 -0.003921568 0.1764254
vn 0.9843062 -0.003921568 0.1764254
vn 0.9843062 -0.003921568 0.1764254
vn -0.003921509 -0.9999924 0
vn -0.003921509 -0.9999924 0
vn -0.003921509 -0.9999924 0
vn -0.003921509 -0.9999924 0
vn 0.2549 -0.003921568 -0.9669595
vn 0.2549 -0.003921568 -0.9669595
vn 0.2549 -0.003921568 -0.9669595
vn 0.2549 -0.003921568 -0.9669595
vn 0.003921568 0.9999923 -0.000345267
vn 0.003921568 0.9999923 -0.000345267
vn 0.003921568 0.9999923 -0.000345267
vn 0.003921568 0.9999923 -0.000345267
vn -0.2549 0.003921509 0.9669595
vn -0.2549 0.003921509 0.9669595
vn -0.2549 0.003921509 0.9669595
vn -0.2549 0.003921509 0.9669595
vn 0.8352877 -0.003921568 0.549799
vn 0.8352877 -0.003921568 0.549799
vn 0.8352877 -0.003921568 0.549799
vn 0.8352877 -0.003921568 0.549799
vn -0.003921509 -0.9999924 0
vn -0.003921509 -0.9999924 0
vn -0.003921509 -0.9999924 0
vn -0.003921509 -0.9999924 0
vn 0.6156816 -0.003921568 -0.7879853
vn 0.6156816 -0.003921568 -0.7879853
vn 0.6156816 -0.003921568 -0.7879853
vn 0.6156816 -0.003921568 -0.7879853
vn 0.003921568 0.9999923 -0.000345267
vn 0.003921568 0.9999923 -0.000345267
vn 0.003921568 0.9999923 -0.000345267
vn 0.003921568 0.9999923 -0.000345267
vn -0.6156815 0.003921509 0.7879853
vn -0.6156815 0.003921509 0.7879853
vn -0.6156815 0.003921509 0.7879853
vn -0.6156815 0.003921509 0.7879853
vn 0.9999924 -0.003921568 0
vn 0.9999924 -0.003921568 0
vn 0.9999924 -0.003921568 0
vn 0.9999924 -0.003921568 0
vn 0.145097 -0.05882311 0.9876673
vn -0.06666613 0.9843061 0.1633926
vn -0.02744056 0.9996234 0
vn 0.4274477 0.01960766 0.9038274
vn -0.4274477 0.05097997 -0.9026015
vn -0.1450969 0.01960766 -0.9892231
vn 0.07430387 -0.9972357 0
vn 0.09019542 -0.9921493 0.086629
vn 0.09019542 -0.9921493 0.086629
vn 0.07430387 -0.9972357 0
vn -0.2235277 -0.05882311 0.972921
vn -0.05882299 0.9921492 0.1103618
vn 0.2156847 0.05882299 -0.9746897
vn 0.01960411 -0.9998079 0
vn 0.01960411 -0.9998079 0
vn 0.4274477 0.01960766 0.9038274
vn -0.02744056 0.9996234 0
vn 0.08207513 0.9966261 0
vn 0.5999954 0.003921509 0.7999938
vn -0.5921522 0.04313684 -0.8046708
vn -0.4274477 0.05097997 -0.9026015
vn -0.03527213 -0.9993777 0
vn 0.07430387 -0.9972357 0
vn 0.07430387 -0.9972357 0
vn -0.03527213 -0.9993777 0
vn 0.1447058 0.9894747 0
vn 0.756857 -0.03529388 0.6526269
vn -0.7568569 0.03529382 -0.6526269
vn -0.05882299 -0.9921493 0.1103613
vn -0.05882299 -0.9921493 0.1103613
vn 0.756857 -0.03529388 0.6526269
vn 0.1447058 0.9894747 0
vn 0.1764693 0.9843061 -0.000345267
vn 0.9294047 -0.08235234 0.3597569
vn -0.9294046 0.04313684 -0.3665327
vn -0.7568569 0.03529382 -0.6526269
vn 0.003921568 -0.9999924 0
vn -0.05882299 -0.9921493 0.1103613
vn -0.05882299 -0.9921493 0.1103613
vn 0.003921568 -0.9999924 0
vn 0.1058816 0.9921492 -0.0665506
vn 0.9990709 -0.04309721 0
vn -0.9921492 0.1058815 -0.06655087
vn -0.04309709 -0.9990709 0
vn -0.04309709 -0.9990709 0
vn 0.9990709 -0.04309721 0
vn 0.1058816 0.9921492 -0.0665506
vn 0.145097 0.9764631 -0.159583
vn 0.9843062 -0.09019542 -0.1516775
vn -0.9843061 0.1058815 0.1411759
vn -0.9921492 0.1058815 -0.06655087
vn -0.003921509 -0.9921493 0.1249976
vn -0.04309709 -0.9990709 0
vn -0.04309709 -0.9990709 0
vn -0.003921509 -0.9921493 0.1249976
vn 0.1764693 0.9764631 -0.12401
vn 0.8509739 -0.15294 -0.5024468
vn -0.8588169 0.0901953 0.5042801
vn -0.01960405 -0.9998079 0
vn -0.01960405 -0.9998079 0
vn 0.1999985 0.9686199 -0.1475668
vn 0.5921524 -0.2235277 -0.7742034
vn -0.5999954 0.1137246 0.791879
vn -0.1293392 -0.9916005 0
vn -0.1293392 -0.9916005 0
vn 0.5921524 -0.2235277 -0.7742034
vn 0.1999985 0.9686199 -0.1475668
vn 0.1607831 0.9607769 -0.2259569
vn 0.2313708 -0.3019585 -0.9248181
vn -0.2470568 0.09803843 0.9640287
vn -0.5999954 0.1137246 0.791879
vn -0.1450969 -0.9764631 0.1595826
vn -0.1293392 -0.9916005 0
vn -0.1293392 -0.9916005 0
vn -0.1450969 -0.9764631 0.1595826
vn 0.1058816 0.9764631 -0.1879068
vn -0.1215676 -0.1607831 -0.9794744
vn 0.09803849 0.04313684 0.9942473
vn -0.1215676 -0.9921493 0.02934465
vn -0.1215676 -0.9921493 0.02934465
vn -0.1215676 -0.1607831 -0.9794744
vn 0.1058816 0.9764631 -0.1879068
vn 0.06666619 0.9921492 -0.105809
vn -0.2941153 -0.003921568 -0.9557619
vn 0.2941154 0.04313684 0.954796
vn 0.09803849 0.04313684 0.9942473
vn -0.08207506 -0.9966261 0
vn -0.1215676 -0.9921493 0.02934465
vn -0.1215676 -0.9921493 0.02934465
vn -0.08207506 -0.9966261 0
vn -0.05872194 0.9982743 0
vn -0.4117615 0.01960766 -0.9110807
vn 0.4039185 0.05882299 0.9129018
vn 0.03527218 -0.9993777 0
vn 0.03527218 -0.9993777 0
vn -0.4117615 0.01960766 -0.9110807
vn -0.05872194 0.9982743 0
vn -0.1607831 0.9843061 -0.07273465
vn -0.6235245 -0.05098003 -0.7801399
vn 0.6313677 0.02745068 0.7749976
vn 0.4039185 0.05882299 0.9129018
vn 0.04313695 -0.9921493 -0.1173839
vn 0.03527218 -0.9993777 0
vn 0.03527218 -0.9993777 0
vn 0.04313695 -0.9921493 -0.1173839
vn -0.1607831 0.9843061 -0.07273465
vn -0.8901892 -0.06666619 -0.4506871
vn 0.8980324 0.05882299 0.4359791
vn -0.0117638 -0.9999309 0
vn -0.0117638 -0.9999309 0
vn -0.8901892 -0.06666619 -0.4506871
vn -0.1607831 0.9843061 -0.07273465
vn -0.1293392 0.9916004 0
vn -0.9921492 -0.05882311 -0.1103619
vn 0.9843062 0.0901953 0.1516776
vn 0.8980324 0.05882299 0.4359791
vn 0.02744067 -0.9996234 0
vn -0.0117638 -0.9999309 0
vn -0.0117638 -0.9999309 0
vn 0.02744067 -0.9996234 0
vn -0.1529399 0.9843061 0.08803935
vn -0.9843061 -0.09019542 0.1516783
vn 0.9843062 0.08235228 -0.1560749
vn 0.01176392 -0.9999309 0
vn 0.01176392 -0.9999309 0
vn -0.9843061 -0.09019542 0.1516783
vn -0.1529399 0.9843061 0.08803935
vn -0.1686261 0.9843061 0.05202659
vn -0.874503 -0.09803849 0.4750083
vn 0.8745031 0.07450914 -0.4792626
vn 0.9843062 0.08235228 -0.1560749
vn 0.01960411 -0.9998079 0
vn 0.01176392 -0.9999309 0
vn 0.01176392 -0.9999309 0
vn 0.01960411 -0.9998079 0
vn -0.1215676 0.9921492 0.02934668
vn -0.7019553 -0.06666619 0.7090941
vn 0.7097985 0.0901953 -0.6986064
vn 0.06651904 -0.9977852 0
vn 0.06651904 -0.9977852 0
vn -0.7019553 -0.06666619 0.7090941
vn -0.1215676 0.9921492 0.02934668
vn -0.09803843 0.9921492 0.07764248
vn -0.5137215 -0.05882311 0.8559381
vn 0.5137216 0.08235228 -0.8539954
vn 0.7097985 0.0901953 -0.6986064
vn 0.02744067 -0.9996234 0
vn 0.06651904 -0.9977852 0
vn 0.06651904 -0.9977852 0
vn 0.02744067 -0.9996234 0
vn -0.05882299 0.9921492 0.1103618
vn -0.2235277 -0.05882311 0.972921
vn 0.2156847 0.05882299 -0.9746897
vn 0.01960411 -0.9998079 0
vn 0.01960411 -0.9998079 0
vn -0.8352877 -0.0274508 0.5491275
vn -0.1058815 0.9921492 -0.06655105
vn -0.2941153 0.8588169 -0.4194399
vn -0.7725431 -0.1921554 0.6051888
vn 0.1058816 -0.9921493 0.0665497
vn 0.3254877 -0.8509739 0.4121907
vn 0.8352877 0.04313684 -0.5481182
vn 0.8901893 -0.09019542 -0.4465734
vn -0.1058815 0.9921492 -0.06655105
vn -0.2941153 0.8588169 -0.4194399
vn -0.5764661 -0.1137246 -0.8091684
vn -0.6941123 0.01960766 0.7195997
vn 0.960777 0.05882299 -0.2710119
vn -0.5764661 -0.1137246 -0.8091684
vn 0.4901924 0.1215676 0.8630949
vn -0.1921554 -0.7019554 -0.6858096
vn -0.7176415 -0.2392139 0.6540393
vn 0.7097985 0.2313707 -0.6653222
vn -0.1921554 -0.7019554 -0.6858096
vn 0.4039185 0.7725431 0.4899255
vn -0.2705861 -0.6705831 -0.6907253
vn -0.262743 -0.56078 0.78517
vn 0.2705862 0.5450938 -0.7935086
vn -0.2705861 -0.6705831 -0.6907253
vn 0.3333308 0.7803861 0.5290445
vn -0.2705861 -0.6941124 -0.6670766
vn 0.08235234 -0.6392108 0.7646095
vn -0.06666613 0.670583 -0.7388329
vn -0.2705861 -0.6941124 -0.6670766
vn 0.2627431 0.7725431 0.5780513
vn 0.08235234 -0.6392108 0.7646095
vn -0.2705861 -0.6941124 -0.6670766
vn -0.1764692 -0.8039154 -0.56796
vn 0.0274508 -0.6392108 0.7685415
vn 0.2627431 0.7725431 0.5780513
vn 0.1843123 0.6941123 0.6958714
vn -0.06666613 0.670583 -0.7388329
vn -0.01176453 0.66274 -0.7487572
vn -0.2705861 -0.6941124 -0.6670766
vn -0.1764692 -0.8039154 -0.56796
vn -0.1999984 -0.7411708 -0.6408327
vn -0.1764692 -0.6313677 0.755138
vn 0.145097 0.5999954 -0.7867353
vn -0.1999984 -0.7411708 -0.6408327
vn 0.1843123 0.7490138 0.6364018
vn -0.06666613 -0.7725431 -0.6314529
vn -0.1607831 -0.5450939 0.8228132
vn 0.145097 0.6862692 -0.7127283
vn -0.06666613 -0.7725431 -0.6314529
vn 0.03529388 0.7803861 0.6243011
vn 0.09019542 -0.7725431 -0.6285236
vn -0.09803843 -0.6392108 0.7627568
vn 0.1137246 0.5999954 -0.7918789
vn 0.09019542 -0.7725431 -0.6285236
vn -0.08235228 0.7960722 0.5995724
vn -0.09803843 -0.6392108 0.7627568
vn 0.09019542 -0.7725431 -0.6285236
vn 0.1215677 -0.8196016 -0.5598879
vn -0.1607831 -0.5843093 0.7954442
vn -0.08235228 0.7960722 0.5995724
vn -0.1294107 0.7568569 0.6406407
vn 0.1137246 0.5999954 -0.7918789
vn 0.1607831 0.6548969 -0.7384165
vn 0.09019542 -0.7725431 -0.6285236
vn 0.1215677 -0.8196016 -0.5598879
vn 0.2862723 -0.8274447 -0.4830978
vn -0.4117615 -0.5843093 0.6993104
vn 0.3803893 0.66274 -0.6450424
vn 0.2862723 -0.8274447 -0.4830978
vn -0.3333308 0.7490138 0.5725985
vn -0.4117615 -0.5843093 0.6993104
vn 0.2862723 -0.8274447 -0.4830978
vn 0.4352908 -0.8196016 -0.3725253
vn -0.6235245 -0.5843093 0.5194226
vn -0.3333308 0.7490138 0.5725985
vn -0.5058784 0.7490138 0.4278614
vn 0.3803893 0.66274 -0.6450424
vn 0.5764662 0.6548969 -0.4886684
vn 0.2862723 -0.8274447 -0.4830978
vn 0.4352908 -0.8196016 -0.3725253
vn 0.5294077 -0.8274447 -0.1872506
vn -0.7568569 -0.5843093 0.2928315
vn 0.7019554 0.66274 -0.2608337
vn 0.5294077 -0.8274447 -0.1872506
vn -0.6235245 0.7490138 0.2240436
vn -0.7568569 -0.5843093 0.2928315
vn 0.5294077 -0.8274447 -0.1872506
vn 0.5752995 -0.8179428 0
vn -0.8039154 -0.5921524 0.05545863
vn -0.6235245 0.7490138 0.2240436
vn -0.6543336 0.756206 0
vn 0.7019554 0.66274 -0.2608337
vn 0.756206 0.6543336 0
vn 0.5294077 -0.8274447 -0.1872506
vn 0.5752995 -0.8179428 0
vn -0.8039154 -0.5921524 0.05545863
vn 0.5752995 -0.8179428 0
vn 0.5372508 -0.8274447 0.1633917
vn -0.7803861 -0.5764662 -0.2422483
vn -0.6543336 0.756206 0
vn -0.6392107 0.7490138 -0.1743217
vn 0.756206 0.6543336 0
vn 0.7176416 0.66274 0.2139304
vn 0.5752995 -0.8179428 0
vn 0.5372508 -0.8274447 0.1633917
vn 0.5215647 -0.7960724 0.3069839
vn -0.6862692 -0.6078385 -0.3994583
vn 0.6705831 0.6313677 0.3894779
vn 0.5215647 -0.7960724 0.3069839
vn -0.5450938 0.7725431 -0.3256531
vn -0.6862692 -0.6078385 -0.3994583
vn 0.5215647 -0.7960724 0.3069839
vn 0.45882 -0.8117585 0.3612925
vn -0.6156815 -0.5921524 -0.519896
vn -0.5450938 0.7725431 -0.3256531
vn -0.4980353 0.7646999 -0.4088947
vn 0.6705831 0.6313677 0.3894779
vn 0.5921524 0.6470538 0.4802884
vn 0.5215647 -0.7960724 0.3069839
vn 0.45882 -0.8117585 0.3612925
vn 0.450977 -0.8039154 0.3877367
vn -0.4901923 -0.6235247 -0.609039
vn 0.5215647 0.5999954 0.6066101
vn 0.450977 -0.8039154 0.3877367
vn -0.466663 0.7646999 -0.4443643
vn 0.4117616 -0.7725431 0.4833523
vn -0.5215646 -0.5686231 -0.6361117
vn 0.4901924 0.6470538 0.5839801
vn 0.4117616 -0.7725431 0.4833523
vn -0.3803892 0.8039154 -0.4571916
vn 0.2392139 -0.8196016 0.5206054
vn -0.4431338 -0.6078385 -0.6589118
vn 0.4274477 0.6392107 0.639295
vn 0.2392139 -0.8196016 0.5206054
vn -0.2941153 0.7411708 -0.6034585
vn -0.4431338 -0.6078385 -0.6589118
vn 0.2392139 -0.8196016 0.5206054
vn 0.1372539 -0.7803862 0.6100481
vn -0.3019584 -0.5921524 -0.7471122
vn -0.2941153 0.7411708 -0.6034585
vn -0.1372538 0.7725431 -0.6199505
vn 0.4274477 0.6392107 0.639295
vn 0.2862723 0.66274 0.691971
vn 0.2392139 -0.8196016 0.5206054
vn 0.1372539 -0.7803862 0.6100481
vn 0.07450926 -0.8274447 0.5565822
vn -0.05882299 -0.654897 -0.7534254
vn 0.05882311 0.6235245 0.7795877
vn 0.07450926 -0.8274447 0.5565822
vn -0.0901953 0.6941123 -0.7141939
vn -0.05882299 -0.654897 -0.7534254
vn 0.07450926 -0.8274447 0.5565822
vn -0.02745068 -0.7882293 0.6147691
vn 0.1764693 -0.5686231 -0.8034465
vn -0.0901953 0.6941123 -0.7141939
vn 0.01960772 0.7803861 -0.6249905
vn 0.05882311 0.6235245 0.7795877
vn -0.1764692 0.670583 0.7205394
vn 0.07450926 -0.8274447 0.5565822
vn -0.02745068 -0.7882293 0.6147691
vn -0.1843122 -0.8274447 0.5304379
vn 0.3333308 -0.5999954 -0.7272524
vn -0.3254876 0.6313677 0.7038698
vn -0.1843122 -0.8274447 0.5304379
vn 0.2313708 0.7490138 -0.6208429
vn 0.3333308 -0.5999954 -0.7272524
vn -0.1843122 -0.8274447 0.5304379
vn -0.3490169 -0.8352877 0.4248312
vn 0.5843093 -0.5450939 -0.6012115
vn 0.2313708 0.7490138 -0.6208429
vn 0.4196047 0.7725431 -0.4765597
vn -0.3254876 0.6313677 0.7038698
vn -0.5137215 0.66274 0.544854
vn -0.1843122 -0.8274447 0.5304379
vn -0.3490169 -0.8352877 0.4248312
vn -0.4980353 -0.7960724 0.3438454
vn 0.6313677 -0.5999954 -0.4913046
vn -0.6235245 0.5999954 0.5012212
vn -0.4980353 -0.7960724 0.3438454
vn 0.5137216 0.7960722 -0.3199361
vn 0.03529388 0.6862692 0.7264909
vn 0.03529388 0.6862692 0.7264909
vn 0.2941154 0.6862692 0.6652299
vn 0.2941154 0.6862692 0.6652299
vn 0.5294077 0.6862692 0.4987606
vn 0.5294077 0.6862692 0.4987606
vn -0.03529382 0.7333276 -0.6789587
vn -0.03529382 0.7333276 -0.6789587
vn -0.2784292 0.7411708 -0.6108544
vn -0.2784292 0.7411708 -0.6108544
vn -0.4901923 0.7411708 -0.4586692
vn -0.4901923 0.7411708 -0.4586692
vn -0.03529382 -0.6862693 -0.7264907
vn -0.03529382 -0.6862693 -0.7264907
vn -0.3019584 -0.6862693 -0.6617066
vn -0.3019584 -0.6862693 -0.6617066
vn -0.5294076 -0.6862693 -0.4987605
vn -0.5294076 -0.6862693 -0.4987605
vn 0.03529388 -0.7333277 0.6789586
vn 0.03529388 -0.7333277 0.6789586
vn 0.2784293 -0.7411708 0.6108543
vn 0.2784293 -0.7411708 0.6108543
vn 0.4901924 -0.7411708 0.458669
vn 0.4901924 -0.7411708 0.458669
vn 0.5294077 0.6862692 0.4987606
vn 0.5294077 0.6862692 0.4987606
vn 0.6705831 0.6862692 0.2816964
vn 0.6705831 0.6862692 0.2816964
vn 0.7254847 0.6862692 0.05202516
vn 0.7254847 0.6862692 0.05202516
vn -0.4901923 0.7411708 -0.4586692
vn -0.4901923 0.7411708 -0.4586692
vn -0.6235245 0.7411708 -0.248763
vn -0.6235245 0.7411708 -0.248763
vn -0.6784261 0.7333276 -0.04436782
vn -0.6784261 0.7333276 -0.04436782
vn -0.5294076 -0.6862693 -0.4987605
vn -0.5294076 -0.6862693 -0.4987605
vn -0.670583 -0.6862693 -0.2816964
vn -0.670583 -0.6862693 -0.2816964
vn -0.7254846 -0.6862693 -0.05202458
vn -0.7254846 -0.6862693 -0.05202458
vn 0.4901924 -0.7411708 0.458669
vn 0.4901924 -0.7411708 0.458669
vn 0.6235247 -0.7411708 0.2487627
vn 0.6235247 -0.7411708 0.2487627
vn 0.6784262 -0.7333277 0.0443658
vn 0.6784262 -0.7333277 0.0443658
vn 0.7254847 0.6862692 0.05202516
vn 0.7254847 0.6862692 0.05202516
vn 0.7019554 0.6862692 -0.1905077
vn 0.7019554 0.6862692 -0.1905077
vn 0.6235247 0.6862692 -0.3745019
vn 0.6235247 0.6862692 -0.3745019
vn -0.6784261 0.7333276 -0.04436782
vn -0.6784261 0.7333276 -0.04436782
vn -0.6548969 0.7333276 0.1825943
vn -0.6548969 0.7333276 0.1825943
vn -0.5764661 0.7333276 0.3604406
vn -0.5764661 0.7333276 0.3604406
vn -0.7254846 -0.6862693 -0.05202458
vn -0.7254846 -0.6862693 -0.05202458
vn -0.7019553 -0.6862693 0.1905078
vn -0.7019553 -0.6862693 0.1905078
vn -0.6235245 -0.6862693 0.3745018
vn -0.6235245 -0.6862693 0.3745018
vn 0.6784262 -0.7333277 0.0443658
vn 0.6784262 -0.7333277 0.0443658
vn 0.654897 -0.7411708 -0.1475662
vn 0.654897 -0.7411708 -0.1475662
vn 0.5764662 -0.7333277 -0.3604402
vn 0.5764662 -0.7333277 -0.3604402
vn 0.6235247 0.6862692 -0.3745019
vn 0.6235247 0.6862692 -0.3745019
vn 0.4980354 0.6862692 -0.5300899
vn 0.4980354 0.6862692 -0.5300899
vn 0.3254877 0.6862692 -0.6504555
vn 0.3254877 0.6862692 -0.6504555
vn 0.1372539 0.6862692 -0.71428
vn 0.1294108 0.6862692 -0.7157426
vn -0.5764661 0.7333276 0.3604406
vn -0.5764661 0.7333276 0.3604406
vn -0.45882 0.7411708 0.4900511
vn -0.45882 0.7411708 0.4900511
vn -0.2941153 0.7333276 0.6129655
vn -0.2941153 0.7333276 0.6129655
vn -0.1294107 0.7333276 0.6674455
vn -0.1294107 0.7333276 0.6674455
vn -0.6235245 -0.6862693 0.3745018
vn -0.6235245 -0.6862693 0.3745018
vn -0.4901923 -0.6862693 0.5373509
vn -0.4901923 -0.6862693 0.5373509
vn -0.3176446 -0.6862693 0.6543213
vn -0.3176446 -0.6862693 0.6543213
vn -0.1372538 -0.6862693 0.7142799
vn -0.1372538 -0.6862693 0.7142799
vn 0.5764662 -0.7333277 -0.3604402
vn 0.5764662 -0.7333277 -0.3604402
vn 0.4666631 -0.7333277 -0.4944249
vn 0.4666631 -0.7333277 -0.4944249
vn 0.3019585 -0.7333277 -0.60914
vn 0.3019585 -0.7333277 -0.60914
vn 0.1215677 -0.7333277 -0.6689183
vn 0.1215677 -0.7333277 -0.6689183
vn 0.1294108 0.6862692 -0.7157426
vn 0.1372539 0.6862692 -0.71428
vn -0.09803843 0.6862692 -0.7207102
vn -0.09803843 0.6862692 -0.7207102
vn -0.3254876 0.6862692 -0.6504556
vn -0.3254876 0.6862692 -0.6504556
vn -0.5215646 0.6862692 -0.5069566
vn -0.5137215 0.6862692 -0.5149028
vn -0.1294107 0.7333276 0.6674455
vn -0.1294107 0.7333276 0.6674455
vn 0.08235234 0.7411708 0.6662462
vn 0.08235234 0.7411708 0.6662462
vn 0.3019585 0.7333276 0.60914
vn 0.2941154 0.7333276 0.6129655
vn 0.4823493 0.7411708 0.4669101
vn 0.4823493 0.7411708 0.4669101
vn -0.1372538 -0.6862693 0.7142799
vn -0.1372538 -0.6862693 0.7142799
vn 0.09019542 -0.6862693 0.7217335
vn 0.09019542 -0.6862693 0.7217335
vn 0.3176447 -0.6862693 0.6543213
vn 0.3254877 -0.6862693 0.6504554
vn 0.5137216 -0.6862693 0.5149025
vn 0.5215647 -0.6862693 0.5069564
vn 0.1215677 -0.7333277 -0.6689183
vn 0.1215677 -0.7333277 -0.6689183
vn -0.09803843 -0.7411708 -0.6641192
vn -0.0901953 -0.7411708 -0.6652297
vn -0.3019584 -0.7333277 -0.60914
vn -0.3019584 -0.7333277 -0.60914
vn -0.4823492 -0.7411708 -0.4669102
vn -0.4823492 -0.7411708 -0.4669102
vn -0.5137215 0.6862692 -0.5149028
vn -0.5215646 0.6862692 -0.5069566
vn -0.670583 0.6862692 -0.2816968
vn -0.670583 0.6862692 -0.2816968
vn 0.4823493 0.7411708 0.4669101
vn 0.4823493 0.7411708 0.4669101
vn 0.6235247 0.7411708 0.2487628
vn 0.6235247 0.7411708 0.2487628
vn 0.5215647 -0.6862693 0.5069564
vn 0.5137216 -0.6862693 0.5149025
vn 0.6705831 -0.6862693 0.2816961
vn 0.6705831 -0.6862693 0.2816961
vn -0.4823492 -0.7411708 -0.4669102
vn -0.4823492 -0.7411708 -0.4669102
vn -0.6235245 -0.7411708 -0.2487629
vn -0.6235245 -0.7411708 -0.2487629
vn -0.670583 0.6862692 -0.2816968
vn -0.670583 0.6862692 -0.2816968
vn -0.7254846 0.6862692 -0.05202631
vn -0.7254846 0.6862692 -0.05202631
vn -0.7176415 0.6862692 0.1184287
vn -0.7176415 0.6862692 0.1184287
vn 0.6235247 0.7411708 0.2487628
vn 0.6235247 0.7411708 0.2487628
vn 0.6784262 0.7333276 0.04436714
vn 0.6784262 0.7333276 0.04436714
vn 0.6627401 0.7333276 -0.151678
vn 0.6627401 0.7333276 -0.151678
vn 0.6705831 -0.6862693 0.2816961
vn 0.6705831 -0.6862693 0.2816961
vn 0.7254847 -0.6862693 0.05202344
vn 0.7254847 -0.6862693 0.05202344
vn 0.7176416 -0.6862693 -0.1184272
vn 0.7176416 -0.6862693 -0.1184272
vn -0.6235245 -0.7411708 -0.2487629
vn -0.6235245 -0.7411708 -0.2487629
vn -0.6784261 -0.7333277 -0.04436647
vn -0.6784261 -0.7333277 -0.04436647
vn -0.66274 -0.7333277 0.1516778
vn -0.66274 -0.7333277 0.1516778
vn -0.7176415 0.6862692 0.1184287
vn -0.7176415 0.6862692 0.1184287
vn -0.6470538 0.6862692 0.3321987
vn -0.6470538 0.6862692 0.3321987
vn -0.5450938 0.6784261 0.4925553
vn -0.5450938 0.6784261 0.4925553
vn 0.6627401 0.7333276 -0.151678
vn 0.6627401 0.7333276 -0.151678
vn 0.5999954 0.7333276 -0.3197437
vn 0.5999954 0.7333276 -0.3197437
vn 0.5058785 0.7333276 -0.4542218
vn 0.5058785 0.7333276 -0.4542218
vn 0.7176416 -0.6862693 -0.1184272
vn 0.7176416 -0.6862693 -0.1184272
vn 0.6470539 -0.6862693 -0.3321983
vn 0.6470539 -0.6862693 -0.3321983
vn 0.5450939 -0.6784262 -0.4925551
vn 0.5450939 -0.6784262 -0.4925551
vn -0.66274 -0.7333277 0.1516778
vn -0.66274 -0.7333277 0.1516778
vn -0.5999954 -0.7333277 0.3197437
vn -0.5999954 -0.7333277 0.3197437
vn -0.5058784 -0.7333277 0.4542218
vn -0.5058784 -0.7333277 0.4542218
vn -0.5450938 0.6784261 0.4925553
vn -0.5450938 0.6784261 0.4925553
vn -0.4039184 0.6862692 0.6048839
vn -0.4039184 0.6862692 0.6048839
vn -0.1999984 0.6862692 0.6993106
vn -0.1999984 0.6862692 0.6993106
vn 0.03529388 0.6862692 0.7264909
vn 0.03529388 0.6862692 0.7264909
vn 0.5058785 0.7333276 -0.4542218
vn 0.5058785 0.7333276 -0.4542218
vn 0.3803893 0.7333276 -0.5635021
vn 0.3803893 0.7333276 -0.5635021
vn 0.1843123 0.7411708 -0.645519
vn 0.1843123 0.7411708 -0.645519
vn -0.03529382 0.7333276 -0.6789587
vn -0.03529382 0.7333276 -0.6789587
vn 0.5450939 -0.6784262 -0.4925551
vn 0.5450939 -0.6784262 -0.4925551
vn 0.4039185 -0.6862693 -0.6048837
vn 0.4039185 -0.6862693 -0.6048837
vn 0.1999985 -0.6862693 -0.6993104
vn 0.1999985 -0.6862693 -0.6993104
vn -0.03529382 -0.6862693 -0.7264907
vn -0.03529382 -0.6862693 -0.7264907
vn -0.5058784 -0.7333277 0.4542218
vn -0.5058784 -0.7333277 0.4542218
vn -0.3725461 -0.7333277 0.5687177
vn -0.3725461 -0.7333277 0.5687177
vn -0.1843122 -0.7411708 0.645519
vn -0.1843122 -0.7411708 0.645519
vn 0.03529388 -0.7333277 0.6789586
vn 0.03529388 -0.7333277 0.6789586
vn -0.6078384 0.6862692 0.3994586
vn -0.6156815 0.6862692 0.3872608
vn -0.3568599 0.6941123 0.6251873
vn -0.3568599 0.6941123 0.6251873
vn -0.06666613 0.6862692 0.724286
vn -0.06666613 0.6862692 0.724286
vn 0.1921554 0.6862692 0.7015062
vn 0.1921554 0.6862692 0.7015062
vn 0.5137216 0.7333276 -0.4453321
vn 0.5137216 0.7333276 -0.4453321
vn 0.35686 0.7333276 -0.5786895
vn 0.35686 0.7333276 -0.5786895
vn 0.09803849 0.7411708 -0.6641192
vn 0.09803849 0.7411708 -0.6641192
vn -0.1686261 0.7411708 -0.6497931
vn -0.1686261 0.7411708 -0.6497931
vn 0.6078385 -0.6862693 -0.3994582
vn 0.6078385 -0.6862693 -0.3994582
vn 0.35686 -0.6941124 -0.6251872
vn 0.35686 -0.6941124 -0.6251872
vn 0.06666619 -0.6862693 -0.724286
vn 0.06666619 -0.6862693 -0.724286
vn -0.1843122 -0.6862693 -0.7036074
vn -0.1843122 -0.6862693 -0.7036074
vn -0.5137215 -0.7333277 0.4453321
vn -0.5137215 -0.7333277 0.4453321
vn -0.3568599 -0.7333277 0.5786894
vn -0.3568599 -0.7333277 0.5786894
vn -0.0901953 -0.7411708 0.6652297
vn -0.0901953 -0.7411708 0.6652297
vn 0.1764693 -0.7411708 0.647707
vn 0.1764693 -0.7411708 0.647707
vn 0.1921554 0.6862692 0.7015062
vn 0.1921554 0.6862692 0.7015062
vn 0.450977 0.6862692 0.5706614
vn 0.450977 0.6862692 0.5706614
vn 0.6392108 0.6862692 0.3470507
vn 0.6392108 0.6862692 0.3470507
vn -0.1686261 0.7411708 -0.6497931
vn -0.1686261 0.7411708 -0.6497931
vn -0.4117615 0.7411708 -0.5302059
vn -0.4117615 0.7411708 -0.5302059
vn -0.5843092 0.7411708 -0.3305278
vn -0.5843092 0.7411708 -0.3305278
vn -0.1843122 -0.6862693 -0.7036074
vn -0.1843122 -0.6862693 -0.7036074
vn -0.4509768 -0.6862693 -0.5706613
vn -0.4509768 -0.6862693 -0.5706613
vn -0.6392107 -0.6862693 -0.3470506
vn -0.6392107 -0.6862693 -0.3470506
vn 0.1764693 -0.7411708 0.647707
vn 0.1764693 -0.7411708 0.647707
vn 0.4117616 -0.7411708 0.5302058
vn 0.4117616 -0.7411708 0.5302058
vn 0.5843093 -0.7411708 0.3305276
vn 0.5843093 -0.7411708 0.3305276
vn 0.6392108 0.6862692 0.3470507
vn 0.6392108 0.6862692 0.3470507
vn 0.7254847 0.6784261 0.1158013
vn 0.7254847 0.6784261 0.1158013
vn 0.7097985 0.6784261 -0.1895364
vn 0.7097985 0.6784261 -0.1895364
vn -0.5843092 0.7411708 -0.3305278
vn -0.5843092 0.7411708 -0.3305278
vn -0.66274 0.7411708 -0.1069654
vn -0.66274 0.7411708 -0.1069654
vn -0.6470538 0.7411708 0.1788498
vn -0.6470538 0.7411708 0.1788498
vn -0.6392107 -0.6862693 -0.3470506
vn -0.6392107 -0.6862693 -0.3470506
vn -0.7254846 -0.6862693 -0.05202458
vn -0.7254846 -0.6862693 -0.05202458
vn -0.7097985 -0.6784262 0.1895363
vn -0.7097985 -0.6784262 0.1895363
vn 0.5843093 -0.7411708 0.3305276
vn 0.5843093 -0.7411708 0.3305276
vn 0.6627401 -0.7411708 0.1069648
vn 0.6627401 -0.7411708 0.1069648
vn 0.6470539 -0.7411708 -0.1788493
vn 0.6470539 -0.7411708 -0.1788493
vn 0.7097985 0.6784261 -0.1895364
vn 0.7097985 0.6784261 -0.1895364
vn 0.5921524 0.6862692 -0.4223627
vn 0.5921524 0.6862692 -0.4223627
vn 0.3725462 0.6784261 -0.633204
vn 0.3725462 0.6784261 -0.633204
vn -0.6470538 0.7411708 0.1788498
vn -0.6470538 0.7411708 0.1788498
vn -0.5372508 0.7490138 0.3877371
vn -0.5372508 0.7490138 0.3877371
vn -0.3333308 0.7411708 0.5827148
vn -0.3333308 0.7411708 0.5827148
vn -0.7097985 -0.6784262 0.1895363
vn -0.7097985 -0.6784262 0.1895363
vn -0.5843092 -0.6862693 0.433148
vn -0.5843092 -0.6862693 0.433148
vn -0.3647031 -0.6784262 0.6377535
vn -0.3647031 -0.6784262 0.6377535
vn 0.6470539 -0.7411708 -0.1788493
vn 0.6470539 -0.7411708 -0.1788493
vn 0.5372508 -0.7490139 -0.3877367
vn 0.5372508 -0.7490139 -0.3877367
vn 0.3411739 -0.7411708 -0.5781576
vn 0.3411739 -0.7411708 -0.5781576
vn 0.3725462 0.6784261 -0.633204
vn 0.3725462 0.6784261 -0.633204
vn 0.09803849 0.6784261 -0.7280979
vn 0.09803849 0.6784261 -0.7280979
vn -0.1999984 0.66274 -0.7216483
vn -0.1999984 0.66274 -0.7216483
vn -0.3333308 0.7411708 0.5827148
vn -0.3333308 0.7411708 0.5827148
vn -0.1215676 0.7490138 0.6513062
vn -0.1215676 0.7490138 0.6513062
vn 0.1137246 0.7568569 0.6436104
vn 0.1137246 0.7568569 0.6436104
vn -0.3647031 -0.6784262 0.6377535
vn -0.3647031 -0.6784262 0.6377535
vn -0.0901953 -0.6784262 0.7291109
vn -0.0901953 -0.6784262 0.7291109
vn 0.2078416 -0.6627401 0.7194286
vn 0.2078416 -0.6627401 0.7194286
vn 0.3411739 -0.7411708 -0.5781576
vn 0.3411739 -0.7411708 -0.5781576
vn 0.1215677 -0.7490139 -0.651306
vn 0.1215677 -0.7490139 -0.651306
vn -0.1058815 -0.756857 -0.6449471
vn -0.1058815 -0.756857 -0.6449471
vn -0.1999984 0.66274 -0.7216483
vn -0.1999984 0.66274 -0.7216483
vn -0.4823492 0.6470538 -0.5904749
vn -0.4823492 0.6470538 -0.5904749
vn -0.670583 0.6313677 -0.3894782
vn -0.670583 0.6313677 -0.3894782
vn 0.1137246 0.7568569 0.6436104
vn 0.1137246 0.7568569 0.6436104
vn 0.3176447 0.7725431 0.5497991
vn 0.3176447 0.7725431 0.5497991
vn 0.5137216 0.7882292 0.3387991
vn 0.5137216 0.7882292 0.3387991
vn 0.2078416 -0.6627401 0.7194286
vn 0.2078416 -0.6627401 0.7194286
vn 0.4823493 -0.6470539 0.5904747
vn 0.4823493 -0.6470539 0.5904747
vn 0.6705831 -0.6313677 0.3894779
vn 0.6705831 -0.6313677 0.3894779
vn -0.1058815 -0.756857 -0.6449471
vn -0.1058815 -0.756857 -0.6449471
vn -0.3176446 -0.7725431 -0.549799
vn -0.3176446 -0.7725431 -0.549799
vn -0.5137215 -0.7882293 -0.3387991
vn -0.5137215 -0.7882293 -0.3387991
vn -0.670583 0.6313677 -0.3894782
vn -0.670583 0.6313677 -0.3894782
vn -0.7568569 0.6392107 -0.1362985
vn -0.7568569 0.6392107 -0.1362985
vn -0.7411708 0.66274 0.1069654
vn -0.7411708 0.66274 0.1069654
vn -0.6156815 0.6862692 0.3872608
vn -0.6078384 0.6862692 0.3994586
vn 0.5137216 0.7882292 0.3387991
vn 0.5137216 0.7882292 0.3387991
vn 0.6235247 0.7803861 0.04705901
vn 0.6235247 0.7803861 0.04705901
vn 0.5999954 0.7646999 -0.2350308
vn 0.5999954 0.7646999 -0.2350308
vn 0.5137216 0.7333276 -0.4453321
vn 0.5137216 0.7333276 -0.4453321
vn 0.6705831 -0.6313677 0.3894779
vn 0.6705831 -0.6313677 0.3894779
vn 0.756857 -0.6392108 0.1362977
vn 0.756857 -0.6392108 0.1362977
vn 0.7333277 -0.6627401 -0.1516776
vn 0.7333277 -0.6627401 -0.1516776
vn 0.6078385 -0.6862693 -0.3994582
vn 0.6078385 -0.6862693 -0.3994582
vn -0.5137215 -0.7882293 -0.3387991
vn -0.5137215 -0.7882293 -0.3387991
vn -0.6235245 -0.7803862 -0.04705838
vn -0.6235245 -0.7803862 -0.04705838
vn -0.5999954 -0.7647001 0.2350307
vn -0.5999954 -0.7647001 0.2350307
vn -0.5137215 -0.7333277 0.4453321
vn -0.5137215 -0.7333277 0.4453321
vn -0.7960722 -0.003921568 0.6051889
vn -0.7960722 -0.003921568 0.6051889
vn -0.7960722 -0.003921568 0.6051889
vn -0.7960722 -0.003921568 0.6051889
vn -0.7960722 -0.003921568 0.6051889
vn -0.7960722 -0.003921568 0.6051889
vn -0.7960722 -0.003921568 0.6051889
vn -0.7960722 -0.003921568 0.6051889
vn -0.7960722 -0.003921568 0.6051889
vn -0.7960722 -0.003921568 0.6051889
vn -0.7960722 -0.003921568 0.6051889
vn -0.7960722 -0.003921568 0.6051889
vn -0.7960722 -0.003921568 0.6051889
vn -0.7960722 -0.003921568 0.6051889
vn -0.7960722 -0.003921568 0.6051889
vn -0.7960722 -0.003921568 0.6051889
vn -0.9294046 -0.003921568 0.3690416
vn -0.9294046 -0.003921568 0.3690416
vn -0.9294046 -0.003921568 0.3690416
vn -0.9294046 -0.003921568 0.3690416
vn -0.9294046 -0.003921568 0.3690416
vn -0.9294046 -0.003921568 0.3690416
vn -0.9294046 -0.003921568 0.3690416
vn -0.9294046 -0.003921568 0.3690416
vn -0.9294046 -0.003921568 0.3690416
vn -0.9294046 -0.003921568 0.3690416
vn -0.9294046 -0.003921568 0.3690416
vn -0.9294046 -0.003921568 0.3690416
vn -0.9294046 -0.003921568 0.3690416
vn -0.9294046 -0.003921568 0.3690416
vn -0.9294046 -0.003921568 0.3690416
vn -0.9294046 -0.003921568 0.3690416
vn -0.9921492 -0.003921568 0.1249981
vn -0.9921492 -0.003921568 0.1249981
vn -0.9921492 -0.003921568 0.1249981
vn -0.9921492 -0.003921568 0.1249981
vn -0.9450908 -0.003921568 0.3267844
vn -0.9450908 -0.003921568 0.3267844
vn -0.9450908 -0.003921568 0.3267844
vn -0.9450908 -0.003921568 0.3267844
vn -0.9921492 -0.003921568 0.1249981
vn -0.9921492 -0.003921568 0.1249981
vn -0.9921492 -0.003921568 0.1249981
vn -0.9921492 -0.003921568 0.1249981
vn -0.9999923 -0.003921568 -0.0003442513
vn -0.9999923 -0.003921568 -0.0003442513
vn -0.9999923 -0.003921568 -0.0003442513
vn -0.9999923 -0.003921568 -0.0003442513
vn -0.9921492 -0.003921568 0.1249981
vn -0.9921492 -0.003921568 0.1249981
vn -0.9921492 -0.003921568 0.1249981
vn -0.9921492 -0.003921568 0.1249981
vn -0.02745068 -0.003921568 0.9996155
vn -0.02745068 -0.003921568 0.9996155
vn -0.02745068 -0.003921568 0.9996155
vn -0.02745068 -0.003921568 0.9996155
vn 0.9999924 0.003921509 0
vn 0.9999924 0.003921509 0
vn 0.9999924 0.003921509 0
vn 0.9999924 0.003921509 0
vn 0.003921568 0.9999923 -0.000345267
vn 0.003921568 0.9999923 -0.000345267
vn 0.003921568 0.9999923 -0.000345267
vn 0.003921568 0.9999923 -0.000345267
vn -0.9999923 0.003921509 -0.0003449296
vn -0.9999923 0.003921509 -0.0003449296
vn -0.9999923 0.003921509 -0.0003449296
vn -0.9999923 0.003921509 -0.0003449296
vn -0.003921509 -0.9999924 0
vn -0.003921509 -0.9999924 0
vn -0.003921509 -0.9999924 0
vn -0.003921509 -0.9999924 0
vn -0.9999923 0.003921509 -0.0003449296
vn -0.9999923 0.003921509 -0.0003449296
vn -0.9999923 0.003921509 -0.0003449296
vn -0.9999923 0.003921509 -0.0003449296
vn 0.3333308 0.9294046 -0.1584222
vn 0.3333308 0.9294046 -0.1584222
vn 0.3333308 0.9294046 -0.1584222
vn 0.3333308 0.9294046 -0.1584222
vn 0.3411739 0.9294046 -0.1407388
vn 0.3411739 0.9294046 -0.1407388
vn 0.3411739 0.9294046 -0.1407388
vn 0.3411739 0.9294046 -0.1407388
vn 0.349017 0.9294046 -0.1199759
vn 0.349017 0.9294046 -0.1199759
vn 0.35686 0.9294046 -0.09411676
vn 0.35686 0.9294046 -0.09411676
vn 0.35686 0.9294046 -0.09411676
vn 0.35686 0.9294046 -0.09411676
vn 0.3647031 0.9294046 -0.0565569
vn 0.3647031 0.9294046 -0.0565569
vn 0.3647031 0.9215615 -0.1331017
vn 0.3647031 0.9215615 -0.1331017
vn 0.3725462 0.9215615 -0.1092417
vn 0.3725462 0.9215615 -0.1092417
vn 0.3725462 0.9215615 -0.1092417
vn 0.3725462 0.9215615 -0.1092417
vn 0.3725462 0.9215615 -0.1092417
vn 0.3725462 0.9215615 -0.1092417
vn 0.3803893 0.9215615 -0.07764286
vn 0.3803893 0.9215615 -0.07764286
vn 0.3720658 0.9282063 0
vn 0.3720658 0.9282063 0
vn 0.3720658 0.9282063 0
vn 0.3787849 0.9254847 0
vn 0.3803893 0.9215615 -0.07764286
vn 0.3803893 0.9215615 -0.07764286
vn 0.3803893 0.9215615 -0.07764286
vn 0.3803893 0.9215615 -0.07764286
vn 0.1999985 0.9294046 -0.3101735
vn 0.1999985 0.9294046 -0.3101735
vn 0.2078416 0.9294046 -0.3049737
vn 0.2078416 0.9294046 -0.3049737
vn 0.2156847 0.9294046 -0.2994782
vn 0.2156847 0.9294046 -0.2994782
vn 0.2235277 0.9294046 -0.2936705
vn 0.2235277 0.9294046 -0.2936705
vn 0.2313708 0.9294046 -0.2875319
vn 0.2313708 0.9294046 -0.2875319
vn 0.247057 0.9294046 -0.2741713
vn 0.247057 0.9294046 -0.2741713
vn 0.2549 0.9294046 -0.2668952
vn 0.2549 0.9294046 -0.2668952
vn 0.2627431 0.9294046 -0.2591778
vn 0.2627431 0.9294046 -0.2591778
vn 0.2705862 0.9294046 -0.2509784
vn 0.2705862 0.9294046 -0.2509784
vn 0.2784293 0.9294046 -0.2422482
vn 0.2784293 0.9294046 -0.2422482
vn 0.2862723 0.9294046 -0.2329274
vn 0.2862723 0.9294046 -0.2329274
vn 0.2941154 0.9294046 -0.2229421
vn 0.2941154 0.9294046 -0.2229421
vn 0.3019585 0.9294046 -0.2121982
vn 0.3019585 0.9294046 -0.2121982
vn 0.3098016 0.9294046 -0.2005743
vn 0.3098016 0.9294046 -0.2005743
vn 0.3176447 0.9294046 -0.1879066
vn 0.3176447 0.9294046 -0.1879066
vn 0.3254877 0.9294046 -0.1739678
vn 0.3254877 0.9294046 -0.1739678
vn 0.3333308 0.9294046 -0.1584222
vn 0.3333308 0.9294046 -0.1584222
vn 0.0274508 0.9294046 -0.3680401
vn 0.0274508 0.9294046 -0.3680401
vn 0.0274508 0.9294046 -0.3680401
vn 0.0274508 0.9294046 -0.3680401
vn 0.04313695 0.9294046 -0.3665327
vn 0.04313695 0.9294046 -0.3665327
vn 0.05882311 0.9294046 -0.3643444
vn 0.05882311 0.9294046 -0.3643444
vn 0.06666619 0.9294046 -0.3629913
vn 0.06666619 0.9294046 -0.3629913
vn 0.08235234 0.9294046 -0.359757
vn 0.08235234 0.9294046 -0.359757
vn 0.09019542 0.9294046 -0.3578713
vn 0.09019542 0.9294046 -0.3578713
vn 0.09803849 0.9294046 -0.3558026
vn 0.09803849 0.9294046 -0.3558026
vn 0.1137246 0.9294046 -0.3511036
vn 0.1137246 0.9294046 -0.3511036
vn 0.1215677 0.9294046 -0.3484657
vn 0.1215677 0.9294046 -0.3484657
vn 0.1372539 0.9294046 -0.3425907
vn 0.1372539 0.9294046 -0.3425907
vn 0.145097 0.9294046 -0.3393433
vn 0.145097 0.9294046 -0.3393433
vn 0.15294 0.9294046 -0.3358815
vn 0.15294 0.9294046 -0.3358815
vn 0.1686262 0.9294046 -0.3282868
vn 0.1686262 0.9294046 -0.3282868
vn 0.1764693 0.9294046 -0.3241383
vn 0.1764693 0.9294046 -0.3241383
vn 0.1843123 0.9294046 -0.3197436
vn 0.1843123 0.9294046 -0.3197436
vn 0.1999985 0.9294046 -0.3101735
vn 0.1999985 0.9294046 -0.3101735
vn -0.04313684 -0.003921568 0.9990615
vn -0.04313684 -0.003921568 0.9990615
vn -0.04313684 -0.003921568 0.9990615
vn -0.04313684 -0.003921568 0.9990615
vn -0.6862692 -0.003921568 0.7273371
vn -0.6862692 -0.003921568 0.7273371
vn -0.4823492 -0.003921568 0.8759702
vn -0.4823492 -0.003921568 0.8759702
vn -0.4823492 -0.003921568 0.8759702
vn -0.2941153 -0.003921568 0.9557619
vn -0.2941153 -0.003921568 0.9557619
vn -0.4823492 -0.003921568 0.8759702
vn -0.2392138 0.003921509 0.970959
vn -0.2392138 -0.003921568 0.970959
vn 0.04313695 0.003921509 0.9990615
vn 0.04313695 -0.003921568 0.9990615
vn -0.07450914 0.003921509 0.9972126
vn 0.15294 0.003921509 0.9882277
vn -0.07450914 0.003921509 0.9972126
vn -0.07450914 -0.01176465 0.9971509
vn -0.07450914 -0.01176465 0.9971509
vn -0.2392138 0.003921509 0.970959
vn -0.2941153 -0.003921568 0.9557619
vn 0.04313695 -0.003921568 0.9990615
vn 0.04313695 -0.003921568 0.9990615
vn -0.2392138 -0.003921568 0.970959
vn -0.2941153 -0.003921568 0.9557619
vn 0.15294 0.003921509 0.9882277
vn 0.15294 0.003921509 0.9882277
vn 0.15294 0.003921509 0.9882277
vn 0.04313695 -0.003921568 0.9990615
vn 0.04313695 -0.003921568 0.9990615
vn 0.2862723 0.003921509 0.9581403
vn 0.3333308 0.003921509 0.9428018
vn 0.2862723 0.003921509 0.9581403
vn 0.3333308 0.003921509 0.9428018
vn 0.3333308 0.003921509 0.9428018
vn 0.5294077 0.003921509 0.8483585
vn 0.5294077 0.003921509 0.8483585
vn 0.3333308 0.003921509 0.9428018
vn 0.2862723 0.003921509 0.9581403
vn 0.2862723 0.003921509 0.9581403
vn 0.5294077 0.003921509 0.8483585
vn 0.5294077 0.003921509 0.8483585
vn 0.7254847 -0.003921568 0.6882271
vn 0.7254847 -0.003921568 0.6882271
vn 0.8901893 -0.003921568 0.455574
vn 0.8901893 -0.003921568 0.455574
vn 0.8901893 -0.003921568 0.455574
vn 0.8901893 -0.003921568 0.455574
vn 0.9843062 0.003921509 0.1764254
vn 0.9843062 0.003921509 0.1764254
vn 0.9843062 0.003921509 0.1764254
vn 0.9843062 0.003921509 0.1764254
vn 0.9999924 0.003921509 0
vn 0.9999924 0.003921509 0
vn 0.9999924 0.003921509 0
vn 0.9999924 0.003921509 0
vn 0.9529339 0.003921509 -0.3031528
vn 0.9529339 0.003921509 -0.3031528
vn 0.9529339 0.003921509 -0.3031528
vn 0.9529339 0.003921509 -0.3031528
vn 0.8431308 0.003921509 -0.5376942
vn 0.8431308 0.003921509 -0.5376942
vn 0.8431308 0.003921509 -0.5376942
vn 0.8431308 0.003921509 -0.5376942
vn 0.6705831 0.003921509 -0.741824
vn 0.6705831 0.003921509 -0.741824
vn 0.6705831 0.003921509 -0.741824
vn 0.6705831 0.003921509 -0.741824
vn 0.45882 0.003921509 -0.8885205
vn 0.45882 0.003921509 -0.8885205
vn 0.45882 0.003921509 -0.8885205
vn 0.45882 0.003921509 -0.8885205
vn 0.1921554 0.003921509 -0.9813567
vn 0.1921554 0.003921509 -0.9813567
vn 0.1921554 0.003921509 -0.9813567
vn 0.1921554 0.003921509 -0.9813567
vn -0.05097997 0.003921509 -0.998692
vn -0.05097997 0.003921509 -0.998692
vn -0.05097997 0.003921509 -0.998692
vn -0.05097997 0.003921509 -0.998692
vn -0.3098015 0.003921509 -0.9507932
vn -0.3098015 0.003921509 -0.9507932
vn -0.3098015 0.003921509 -0.9507932
vn -0.3098015 0.003921509 -0.9507932
vn -0.6235245 0.003921509 -0.781794
vn -0.6235245 0.003921509 -0.781794
vn -0.6235245 0.003921509 -0.781794
vn -0.6235245 0.003921509 -0.781794
vn -0.8352877 0.003921509 -0.5497991
vn -0.8352877 0.003921509 -0.5497991
vn -0.8352877 0.003921509 -0.5497991
vn -0.8352877 0.003921509 -0.5497991
vn -0.9529338 0.003921509 -0.3031532
vn -0.9529338 0.003921509 -0.3031532
vn -0.9529338 0.003921509 -0.3031532
vn -0.9529338 0.003921509 -0.3031532
vn -0.9999923 -0.003921568 -0.0003442513
vn -0.9999923 -0.003921568 -0.0003442513
vn -0.9999923 -0.003921568 -0.0003442513
vn -0.9999923 -0.003921568 -0.0003442513
vn -0.9686199 -0.003921568 0.2485156
vn -0.9686199 -0.003921568 0.2485156
vn -0.9686199 -0.003921568 0.2485156
vn -0.9686199 -0.003921568 0.2485156
vn -0.874503 -0.003921568 0.4850042
vn -0.874503 -0.003921568 0.4850042
vn -0.6862692 -0.003921568 0.7273371
vn -0.6862692 -0.003921568 0.7273371
vn -0.003921509 0.003921509 0.9999846
vn -0.003921509 0.003921509 0.9999846
vn -0.03529382 0.003921509 0.9993693
vn -0.03529382 0.003921509 0.9993693
vn 0.1294108 -0.003921568 0.9915833
vn 0.1294108 -0.003921568 0.9915833
vn 0.003921568 0.003921509 0.9999846
vn 0.003921568 0.003921509 0.9999846
vn 0.003921568 0.003921509 0.9999846
vn -0.003921509 0.003921509 0.9999846
vn -0.03529382 0.003921509 0.9993693
vn 0.1294108 0.003921509 0.9915833
vn -0.03529382 -0.003921568 0.9993693
vn 0.1294108 -0.003921568 0.9915833
vn 0.9999924 0.003921509 0
vn 0.9999924 0.003921509 0
vn 0.9999924 -0.003921568 0
vn 0.9999924 -0.003921568 0
vn 0.9999309 -0.01176392 0
vn 0.9999309 -0.01176392 0
vn -0.9999923 0.003921509 -0.0003449296
vn -0.9999923 0.003921509 -0.0003449296
vn -0.9999923 0.003921509 -0.0003449296
vn -0.9999923 0.003921509 -0.0003449296
vn -0.9999923 0.003921509 -0.0003449296
vn -0.9999923 0.003921509 -0.0003449296
vn 0.003921568 -0.9999924 0
vn 0.003921568 -0.9999924 0
vn 0.003921568 -0.9999924 0
vn 0.003921568 -0.9999924 0
vn -0.9058753 0.003921509 0.4235263
vn -0.9058753 0.003921509 0.4235263
vn -0.9999923 0.003921509 -0.0003449296
vn -0.9999923 0.003921509 -0.0003449296
vn -0.9921492 0.003921509 -0.1249981
vn -0.9999923 0.003921509 -0.0003449296
vn -0.9999923 0.003921509 -0.0003449296
vn -0.9921492 0.003921509 -0.1249981
vn -0.03529382 0.003921509 0.9993693
vn -0.03529382 -0.003921568 0.9993693
vn -0.3098015 -0.003921568 0.9507932
vn -0.3098015 -0.003921568 0.9507932
vn -0.03529382 -0.003921568 0.9993693
vn -0.3098015 -0.003921568 0.9507932
vn -0.3098015 -0.003921568 0.9507932
vn -0.6784261 -0.003921568 0.7346581
vn -0.6784261 -0.003921568 0.7346581
vn -0.9058753 0.003921509 0.4235263
vn -0.6784261 -0.003921568 0.7346581
vn -0.6784261 -0.003921568 0.7346581
vn -0.9058753 0.003921509 0.4235263
vn 0.9999924 0.003921509 0
vn 0.9686201 0.003921509 -0.2485151
vn 0.9686201 0.003921509 -0.2485151
vn 0.9999924 0.003921509 0
vn 0.9999924 0.003921509 0
vn 0.9999924 0.003921509 0
vn 0.9372478 -0.003921568 0.3486421
vn 0.9372478 -0.003921568 0.3486421
vn 0.9372478 -0.003921568 0.3486421
vn 0.9372478 -0.003921568 0.3486421
vn 0.7333277 -0.003921568 0.679864
vn 0.7333277 -0.003921568 0.679864
vn 0.4274477 -0.003921568 0.9040315
vn 0.7333277 -0.003921568 0.679864
vn 0.7333277 -0.003921568 0.679864
vn 0.4274477 -0.003921568 0.9040315
vn -0.9058753 -0.003921568 0.4235263
vn -0.9999923 -0.003921568 -0.0003442513
vn -0.9999923 -0.003921568 -0.0003442513
vn -0.9058753 -0.003921568 0.4235263
vn -0.9921492 -0.003921568 -0.1249981
vn -0.9999923 -0.003921568 -0.0003442513
vn -0.9999923 -0.003921568 -0.0003442513
vn -0.9921492 -0.003921568 -0.1249981
vn 0.1294108 -0.003921568 0.9915833
vn 0.4274477 0.003921509 0.9040315
vn 0.4274477 0.003921509 0.9040315
vn 0.1294108 -0.003921568 0.9915833
vn -0.3098015 0.003921509 0.9507932
vn -0.6784261 -0.003921568 0.7346581
vn -0.6784261 -0.003921568 0.7346581
vn -0.3098015 0.003921509 0.9507932
vn -0.6784261 -0.003921568 0.7346581
vn -0.9058753 -0.003921568 0.4235263
vn -0.9058753 -0.003921568 0.4235263
vn -0.6784261 -0.003921568 0.7346581
vn 0.9686201 -0.003921568 -0.2485151
vn 0.9999924 0.003921509 0
vn 0.9999924 0.003921509 0
vn 0.9686201 -0.003921568 -0.2485151
vn 0.9999924 0.003921509 0
vn 0.9372478 0.003921509 0.3486421
vn 0.9372478 0.003921509 0.3486421
vn 0.9999924 0.003921509 0
vn 0.9372478 0.003921509 0.3486421
vn 0.7333277 0.003921509 0.679864
vn 0.7333277 0.003921509 0.679864
vn 0.9372478 0.003921509 0.3486421
vn 0.7333277 0.003921509 0.679864
vn 0.4274477 0.003921509 0.9040315
vn 0.4274477 0.003921509 0.9040315
vn 0.7333277 0.003921509 0.679864
vn 0.1294108 -0.003921568 0.9915833
vn 0.1294108 0.003921509 0.9915833
vn 0.4274477 -0.003921568 0.9040315
vn 0.4274477 -0.003921568 0.9040315
vn 0.1294108 -0.003921568 0.9915833
vn -0.3098015 0.003921509 0.9507932
vn -0.03529382 0.003921509 0.9993693
vn -0.03529382 0.003921509 0.9993693
vn -0.3098015 0.003921509 0.9507932
vn -0.03529382 -0.003921568 0.9993693
vn -0.03529382 -0.003921568 0.9993693
vn -0.003921509 0.003921509 0.9999846
vn -0.003921509 -0.003921568 0.9999846
vn -0.003921509 0.003921509 0.9999846
vn 0.003921568 0.003921509 0.9999846
vn 0.003921568 0.003921509 0.9999846
vn 0.1294108 -0.003921568 0.9915833
vn 0.1294108 -0.003921568 0.9915833
vn 0.003921568 -0.003921568 0.9999846
vn 0.003921568 0.9999923 -0.000345267
vn 0.003921568 0.9999923 -0.000345267
vn 0.003921568 0.9999923 -0.000345267
vn 0.003921568 0.9999923 -0.000345267
vn 0.003921568 0.9999923 -0.000345267
vn 0.003921568 0.9999923 -0.000345267
vn 0.003921568 0.9999923 -0.000345267
vn 0.003921568 0.9999923 -0.000345267
vn -0.003921509 0.9999923 -0.000345267
vn -0.003921509 0.9999923 -0.000345267
vn 0.003921568 0.9999923 -0.000345267
vn 0.003921568 0.9999923 -0.000345267
vn -0.003921509 0.9999923 -0.000345267
vn -0.003921509 0.9999923 -0.000345267
vn -0.003921509 0.9999923 -0.000345267
vn -0.003921509 0.9999923 -0.000345267
vn -0.003921509 0.9999923 -0.000345267
vn -0.003921509 0.9999923 -0.000345267
vn -0.003921509 0.9999923 -0.000345267
vn -0.003921509 0.9999923 -0.000345267
vn -0.003921509 0.9999923 -0.000345267
vn -0.003921509 0.9999923 -0.000345267
vn -0.003921509 0.9999923 -0.000345267
vn -0.003921509 0.9999923 -0.000345267
vn 0.003921568 0.9999923 -0.000345267
vn 0.003921568 0.9999923 -0.000345267
vn -0.003921509 0.9999923 -0.000345267
vn -0.003921509 0.9999923 -0.000345267
vn -0.003921509 0.9999923 -0.000345267
vn -0.003921509 0.9999923 -0.000345267
vn -0.003921509 0.9999923 -0.000345267
vn -0.003921509 0.9999923 -0.000345267
vn -0.003921509 0.9999923 -0.000345267
vn -0.003921509 0.9999923 -0.000345267
vn -0.003921509 0.9999923 -0.000345267
vn -0.003921509 0.9999923 -0.000345267
vn -0.003921509 0.9999923 -0.000345267
vn -0.003921509 0.9999923 -0.000345267
vn -0.003921509 0.9999923 -0.000345267
vn -0.003921509 0.9999923 -0.000345267
vn 0.003921568 0.9999923 -0.000345267
vn 0.003921568 0.9999923 -0.000345267
vn -0.003921509 0.9999923 -0.000345267
vn -0.003921509 0.9999923 -0.000345267
vn 0.003921568 0.9999923 -0.000345267
vn 0.003921568 0.9999923 -0.000345267
vn 0.003921568 0.9999923 -0.000345267
vn 0.003921568 0.9999923 -0.000345267
vn 0.06666619 0.003921509 0.9977676
vn 0.06666619 0.003921509 0.9977676
vn 0.06666619 0.003921509 0.9977676
vn 0.06666619 0.003921509 0.9977676
vn 0.4745062 0.874503 -0.1004407
vn 0.4745062 0.874503 -0.1004407
vn 0.4745062 0.874503 -0.1004407
vn 0.4745062 0.874503 -0.1004407
vn -0.06666613 -0.01176465 -0.997706
vn -0.06666613 -0.01176465 -0.997706
vn -0.06666613 -0.01176465 -0.997706
vn -0.06666613 -0.01176465 -0.997706
vn 0.5999954 0.003921509 -0.7999938
vn 0.5999954 0.003921509 -0.7999938
vn 0.5999954 0.003921509 -0.7999938
vn 0.5999954 0.003921509 -0.7999938
vn 0.003921568 0.9999923 -0.000345267
vn 0.003921568 0.9999923 -0.000345267
vn 0.003921568 0.9999923 -0.000345267
vn 0.003921568 0.9999923 -0.000345267
vn -0.5999954 -0.003921568 0.7999939
vn -0.5999954 -0.003921568 0.7999939
vn -0.5999954 -0.003921568 0.7999939
vn -0.5999954 -0.003921568 0.7999939
vn -0.003921509 -0.9999924 0
vn -0.003921509 -0.9999924 0
vn -0.003921509 -0.9999924 0
vn -0.003921509 -0.9999924 0
vn 0.5999954 0.003921509 -0.7999938
vn 0.5999954 0.003921509 -0.7999938
vn 0.5999954 0.003921509 -0.7999938
vn 0.5999954 0.003921509 -0.7999938
vn -0.003921509 0.9999923 -0.000345267
vn -0.003921509 0.9999923 -0.000345267
vn -0.003921509 0.9999923 -0.000345267
vn -0.003921509 0.9999923 -0.000345267
vn -0.5999954 -0.003921568 0.7999939
vn -0.5999954 -0.003921568 0.7999939
vn -0.5999954 -0.003921568 0.7999939
vn -0.5999954 -0.003921568 0.7999939
vn 0.003921568 -0.9999924 0
vn 0.003921568 -0.9999924 0
vn 0.003921568 -0.9999924 0
vn 0.003921568 -0.9999924 0
vn 0.5764662 0.003921509 -0.8171116
vn 0.5764662 0.003921509 -0.8171116
vn 0.5764662 0.003921509 -0.8171116
vn 0.5764662 0.003921509 -0.8171116
vn 0.003921568 0.9999923 -0.000345267
vn 0.003921568 0.9999923 -0.000345267
vn 0.003921568 0.9999923 -0.000345267
vn 0.003921568 0.9999923 -0.000345267
vn -0.5764661 -0.003921568 0.8171117
vn -0.5764661 -0.003921568 0.8171117
vn -0.5764661 -0.003921568 0.8171117
vn -0.5764661 -0.003921568 0.8171117
vn -0.003921509 -0.9999924 0
vn -0.003921509 -0.9999924 0
vn -0.003921509 -0.9999924 0
vn -0.003921509 -0.9999924 0
vn 0.5999954 0.003921509 -0.7999938
vn 0.5999954 0.003921509 -0.7999938
vn 0.5999954 0.003921509 -0.7999938
vn 0.5999954 0.003921509 -0.7999938
vn 0.003921568 0.9999923 -0.000345267
vn 0.003921568 0.9999923 -0.000345267
vn 0.003921568 0.9999923 -0.000345267
vn 0.003921568 0.9999923 -0.000345267
vn -0.5999954 -0.003921568 0.7999939
vn -0.5999954 -0.003921568 0.7999939
vn -0.5999954 -0.003921568 0.7999939
vn -0.5999954 -0.003921568 0.7999939
vn -0.003921509 -0.9999924 0
vn -0.003921509 -0.9999924 0
vn -0.003921509 -0.9999924 0
vn -0.003921509 -0.9999924 0
vn 0.5058785 0.003921509 -0.8625958
vn 0.5058785 0.003921509 -0.8625958
vn 0.5058785 0.003921509 -0.8625958
vn 0.5058785 0.003921509 -0.8625958
vn 0.003921568 0.9999923 -0.000345267
vn 0.003921568 0.9999923 -0.000345267
vn 0.003921568 0.9999923 -0.000345267
vn 0.003921568 0.9999923 -0.000345267
vn -0.5058784 -0.003921568 0.8625959
vn -0.5058784 -0.003921568 0.8625959
vn -0.5058784 -0.003921568 0.8625959
vn -0.5058784 -0.003921568 0.8625959
vn -0.003921509 -0.9999924 0
vn -0.003921509 -0.9999924 0
vn -0.003921509 -0.9999924 0
vn -0.003921509 -0.9999924 0
vn 0.552937 0.003921509 -0.8332139
vn 0.552937 0.003921509 -0.8332139
vn 0.552937 0.003921509 -0.8332139
vn 0.552937 0.003921509 -0.8332139
vn 0.003921568 0.9999923 -0.000345267
vn 0.003921568 0.9999923 -0.000345267
vn 0.003921568 0.9999923 -0.000345267
vn 0.003921568 0.9999923 -0.000345267
vn -0.5529369 -0.003921568 0.8332139
vn -0.5529369 -0.003921568 0.8332139
vn -0.5529369 -0.003921568 0.8332139
vn -0.5529369 -0.003921568 0.8332139
vn -0.003921509 -0.9999924 0
vn -0.003921509 -0.9999924 0
vn -0.003921509 -0.9999924 0
vn -0.003921509 -0.9999924 0
vn 0.3411739 0.003921509 -0.939992
vn 0.3411739 0.003921509 -0.939992
vn 0.3411739 0.003921509 -0.939992
vn 0.3411739 0.003921509 -0.939992
vn -0.003921509 0.9999923 -0.000345267
vn -0.003921509 0.9999923 -0.000345267
vn -0.003921509 0.9999923 -0.000345267
vn -0.003921509 0.9999923 -0.000345267
vn -0.3411738 -0.003921568 0.9399921
vn -0.3411738 -0.003921568 0.9399921
vn -0.3411738 -0.003921568 0.9399921
vn -0.3411738 -0.003921568 0.9399921
vn 0.003921568 -0.9999924 0
vn 0.003921568 -0.9999924 0
vn 0.003921568 -0.9999924 0
vn 0.003921568 -0.9999924 0
vn 0.3411739 0.003921509 -0.939992
vn 0.3411739 0.003921509 -0.939992
vn 0.3411739 0.003921509 -0.939992
vn 0.3411739 0.003921509 -0.939992
vn -0.003921509 0.9999923 -0.000345267
vn -0.003921509 0.9999923 -0.000345267
vn -0.003921509 0.9999923 -0.000345267
vn -0.003921509 0.9999923 -0.000345267
vn -0.3411738 -0.003921568 0.9399921
vn -0.3411738 -0.003921568 0.9399921
vn -0.3411738 -0.003921568 0.9399921
vn -0.3411738 -0.003921568 0.9399921
vn 0.003921568 -0.9999924 0
vn 0.003921568 -0.9999924 0
vn 0.003921568 -0.9999924 0
vn 0.003921568 -0.9999924 0
vn 0.3176447 0.003921509 -0.9482017
vn 0.3176447 0.003921509 -0.9482017
vn 0.3176447 0.003921509 -0.9482017
vn 0.3176447 0.003921509 -0.9482017
vn 0.003921568 0.9999923 -0.000345267
vn 0.003921568 0.9999923 -0.000345267
vn 0.003921568 0.9999923 -0.000345267
vn 0.003921568 0.9999923 -0.000345267
vn -0.3176446 -0.003921568 0.9482017
vn -0.3176446 -0.003921568 0.9482017
vn -0.3176446 -0.003921568 0.9482017
vn -0.3176446 -0.003921568 0.9482017
vn -0.003921509 -0.9999924 0
vn -0.003921509 -0.9999924 0
vn -0.003921509 -0.9999924 0
vn -0.003921509 -0.9999924 0
vn 0.3254877 0.003921509 -0.9455382
vn 0.3254877 0.003921509 -0.9455382
vn 0.3254877 0.003921509 -0.9455382
vn 0.3254877 0.003921509 -0.9455382
vn 0.003921568 0.9999923 -0.000345267
vn 0.003921568 0.9999923 -0.000345267
vn 0.003921568 0.9999923 -0.000345267
vn 0.003921568 0.9999923 -0.000345267
vn -0.3254876 -0.003921568 0.9455382
vn -0.3254876 -0.003921568 0.9455382
vn -0.3254876 -0.003921568 0.9455382
vn -0.3254876 -0.003921568 0.9455382
vn -0.003921509 -0.9999924 0
vn -0.003921509 -0.9999924 0
vn -0.003921509 -0.9999924 0
vn -0.003921509 -0.9999924 0
vn 0.06666619 0.003921509 -0.9977676
vn 0.06666619 0.003921509 -0.9977676
vn 0.06666619 0.003921509 -0.9977676
vn 0.06666619 0.003921509 -0.9977676
vn 0.003921568 0.9999923 -0.000345267
vn 0.003921568 0.9999923 -0.000345267
vn 0.003921568 0.9999923 -0.000345267
vn 0.003921568 0.9999923 -0.000345267
vn -0.06666613 -0.003921568 0.9977676
vn -0.06666613 -0.003921568 0.9977676
vn -0.06666613 -0.003921568 0.9977676
vn -0.06666613 -0.003921568 0.9977676
vn -0.003921509 -0.9999924 0
vn -0.003921509 -0.9999924 0
vn -0.003921509 -0.9999924 0
vn -0.003921509 -0.9999924 0
vn 0.05882311 0.003921509 -0.9982607
vn 0.05882311 0.003921509 -0.9982607
vn 0.05882311 0.003921509 -0.9982607
vn 0.05882311 0.003921509 -0.9982607
vn 0.003921568 0.9999923 -0.000345267
vn 0.003921568 0.9999923 -0.000345267
vn 0.003921568 0.9999923 -0.000345267
vn 0.003921568 0.9999923 -0.000345267
vn -0.05882299 -0.003921568 0.9982607
vn -0.05882299 -0.003921568 0.9982607
vn -0.05882299 -0.003921568 0.9982607
vn -0.05882299 -0.003921568 0.9982607
vn -0.003921509 -0.9999924 0
vn -0.003921509 -0.9999924 0
vn -0.003921509 -0.9999924 0
vn -0.003921509 -0.9999924 0
vn 0.01176465 0.003921509 -0.9999231
vn 0.01176465 0.003921509 -0.9999231
vn 0.01176465 0.003921509 -0.9999231
vn 0.01176465 0.003921509 -0.9999231
vn -0.003921509 0.9999923 -0.000345267
vn -0.003921509 0.9999923 -0.000345267
vn -0.003921509 0.9999923 -0.000345267
vn -0.003921509 0.9999923 -0.000345267
vn -0.01176453 -0.003921568 0.9999231
vn -0.01176453 -0.003921568 0.9999231
vn -0.01176453 -0.003921568 0.9999231
vn -0.01176453 -0.003921568 0.9999231
vn 0.003921568 -0.9999924 0
vn 0.003921568 -0.9999924 0
vn 0.003921568 -0.9999924 0
vn 0.003921568 -0.9999924 0
vn -0.003921509 0.9999923 -0.000345267
vn -0.003921509 0.9999923 -0.000345267
vn -0.003921509 0.9999923 -0.000345267
vn -0.003921509 0.9999923 -0.000345267
vn -0.5999954 0.003921509 -0.7999939
vn -0.5999954 0.003921509 -0.7999939
vn -0.5999954 0.003921509 -0.7999939
vn -0.5999954 0.003921509 -0.7999939
vn 0.003921568 -0.9999924 0
vn 0.003921568 -0.9999924 0
vn 0.003921568 -0.9999924 0
vn 0.003921568 -0.9999924 0
vn 0.5999954 -0.003921568 0.7999938
vn 0.5999954 -0.003921568 0.7999938
vn 0.5999954 -0.003921568 0.7999938
vn 0.5999954 -0.003921568 0.7999938
vn 0.003921568 0.9999923 -0.000345267
vn 0.003921568 0.9999923 -0.000345267
vn 0.003921568 0.9999923 -0.000345267
vn 0.003921568 0.9999923 -0.000345267
vn -0.5999954 0.003921509 -0.7999939
vn -0.5999954 0.003921509 -0.7999939
vn -0.5999954 0.003921509 -0.7999939
vn -0.5999954 0.003921509 -0.7999939
vn -0.003921509 -0.9999924 0
vn -0.003921509 -0.9999924 0
vn -0.003921509 -0.9999924 0
vn -0.003921509 -0.9999924 0
vn 0.5999954 -0.003921568 0.7999938
vn 0.5999954 -0.003921568 0.7999938
vn 0.5999954 -0.003921568 0.7999938
vn 0.5999954 -0.003921568 0.7999938
vn -0.003921509 0.9999923 -0.000345267
vn -0.003921509 0.9999923 -0.000345267
vn -0.003921509 0.9999923 -0.000345267
vn -0.003921509 0.9999923 -0.000345267
vn -0.5999954 0.003921509 -0.7999939
vn -0.5999954 0.003921509 -0.7999939
vn -0.5999954 0.003921509 -0.7999939
vn -0.5999954 0.003921509 -0.7999939
vn 0.003921568 -0.9999924 0
vn 0.003921568 -0.9999924 0
vn 0.003921568 -0.9999924 0
vn 0.003921568 -0.9999924 0
vn 0.5999954 -0.003921568 0.7999938
vn 0.5999954 -0.003921568 0.7999938
vn 0.5999954 -0.003921568 0.7999938
vn 0.5999954 -0.003921568 0.7999938
vn -0.003921509 0.9999923 -0.000345267
vn -0.003921509 0.9999923 -0.000345267
vn -0.003921509 0.9999923 -0.000345267
vn -0.003921509 0.9999923 -0.000345267
vn -0.5999954 0.003921509 -0.7999939
vn -0.5999954 0.003921509 -0.7999939
vn -0.5999954 0.003921509 -0.7999939
vn -0.5999954 0.003921509 -0.7999939
vn 0.003921568 -0.9999924 0
vn 0.003921568 -0.9999924 0
vn 0.003921568 -0.9999924 0
vn 0.003921568 -0.9999924 0
vn 0.5999954 -0.003921568 0.7999938
vn 0.5999954 -0.003921568 0.7999938
vn 0.5999954 -0.003921568 0.7999938
vn 0.5999954 -0.003921568 0.7999938
vn -0.003921509 0.9999923 -0.000345267
vn -0.003921509 0.9999923 -0.000345267
vn -0.003921509 0.9999923 -0.000345267
vn -0.003921509 0.9999923 -0.000345267
vn -0.3725461 0.003921509 -0.9280054
vn -0.3725461 0.003921509 -0.9280054
vn -0.3725461 0.003921509 -0.9280054
vn -0.3725461 0.003921509 -0.9280054
vn 0.003921568 -0.9999924 0
vn 0.003921568 -0.9999924 0
vn 0.003921568 -0.9999924 0
vn 0.003921568 -0.9999924 0
vn 0.3725462 -0.003921568 0.9280053
vn 0.3725462 -0.003921568 0.9280053
vn 0.3725462 -0.003921568 0.9280053
vn 0.3725462 -0.003921568 0.9280053
vn 0.003921568 0.9999923 -0.000345267
vn 0.003921568 0.9999923 -0.000345267
vn 0.003921568 0.9999923 -0.000345267
vn 0.003921568 0.9999923 -0.000345267
vn -0.3725461 0.003921509 -0.9280054
vn -0.3725461 0.003921509 -0.9280054
vn -0.3725461 0.003921509 -0.9280054
vn -0.3725461 0.003921509 -0.9280054
vn -0.003921509 -0.9999924 0
vn -0.003921509 -0.9999924 0
vn -0.003921509 -0.9999924 0
vn -0.003921509 -0.9999924 0
vn 0.3725462 -0.003921568 0.9280053
vn 0.3725462 -0.003921568 0.9280053
vn 0.3725462 -0.003921568 0.9280053
vn 0.3725462 -0.003921568 0.9280053
vn 0.003921568 0.9999923 -0.000345267
vn 0.003921568 0.9999923 -0.000345267
vn 0.003921568 0.9999923 -0.000345267
vn 0.003921568 0.9999923 -0.000345267
vn -0.3725461 0.003921509 -0.9280054
vn -0.3725461 0.003921509 -0.9280054
vn -0.3725461 0.003921509 -0.9280054
vn -0.3725461 0.003921509 -0.9280054
vn -0.003921509 -0.9999924 0
vn -0.003921509 -0.9999924 0
vn -0.003921509 -0.9999924 0
vn -0.003921509 -0.9999924 0
vn 0.3725462 -0.003921568 0.9280053
vn 0.3725462 -0.003921568 0.9280053
vn 0.3725462 -0.003921568 0.9280053
vn 0.3725462 -0.003921568 0.9280053
vn 0.003921568 0.9999923 -0.000345267
vn 0.003921568 0.9999923 -0.000345267
vn 0.003921568 0.9999923 -0.000345267
vn 0.003921568 0.9999923 -0.000345267
vn -0.3725461 0.003921509 -0.9280054
vn -0.3725461 0.003921509 -0.9280054
vn -0.3725461 0.003921509 -0.9280054
vn -0.3725461 0.003921509 -0.9280054
vn -0.003921509 -0.9999924 0
vn -0.003921509 -0.9999924 0
vn -0.003921509 -0.9999924 0
vn -0.003921509 -0.9999924 0
vn 0.3725462 -0.003921568 0.9280053
vn 0.3725462 -0.003921568 0.9280053
vn 0.3725462 -0.003921568 0.9280053
vn 0.3725462 -0.003921568 0.9280053
vn -0.003921509 0.9999923 -0.000345267
vn -0.003921509 0.9999923 -0.000345267
vn -0.003921509 0.9999923 -0.000345267
vn -0.003921509 0.9999923 -0.000345267
vn -0.1058815 0.003921509 -0.9943711
vn -0.1058815 0.003921509 -0.9943711
vn -0.1058815 0.003921509 -0.9943711
vn -0.1058815 0.003921509 -0.9943711
vn 0.003921568 -0.9999924 0
vn 0.003921568 -0.9999924 0
vn 0.003921568 -0.9999924 0
vn 0.003921568 -0.9999924 0
vn 0.1058816 -0.003921568 0.994371
vn 0.1058816 -0.003921568 0.994371
vn 0.1058816 -0.003921568 0.994371
vn 0.1058816 -0.003921568 0.994371
vn -0.003921509 0.9999923 -0.000345267
vn -0.003921509 0.9999923 -0.000345267
vn -0.003921509 0.9999923 -0.000345267
vn -0.003921509 0.9999923 -0.000345267
vn -0.3333308 0.003921509 -0.9428018
vn -0.3333308 0.003921509 -0.9428018
vn -0.3333308 0.003921509 -0.9428018
vn -0.3333308 0.003921509 -0.9428018
vn 0.003921568 -0.9999924 0
vn 0.003921568 -0.9999924 0
vn 0.003921568 -0.9999924 0
vn 0.003921568 -0.9999924 0
vn 0.3333308 -0.003921568 0.9428018
vn 0.3333308 -0.003921568 0.9428018
vn 0.3333308 -0.003921568 0.9428018
vn 0.3333308 -0.003921568 0.9428018
vn -0.003921509 0.9999923 -0.000345267
vn -0.003921509 0.9999923 -0.000345267
vn -0.003921509 0.9999923 -0.000345267
vn -0.003921509 0.9999923 -0.000345267
vn -0.1215676 0.003921509 -0.9925754
vn -0.1215676 0.003921509 -0.9925754
vn -0.1215676 0.003921509 -0.9925754
vn -0.1215676 0.003921509 -0.9925754
vn 0.003921568 -0.9999924 0
vn 0.003921568 -0.9999924 0
vn 0.003921568 -0.9999924 0
vn 0.003921568 -0.9999924 0
vn 0.1215677 -0.003921568 0.9925754
vn 0.1215677 -0.003921568 0.9925754
vn 0.1215677 -0.003921568 0.9925754
vn 0.1215677 -0.003921568 0.9925754
vn -0.003921509 0.9999923 -0.000345267
vn -0.003921509 0.9999923 -0.000345267
vn -0.003921509 0.9999923 -0.000345267
vn -0.003921509 0.9999923 -0.000345267
vn -0.08235228 0.003921509 -0.9965956
vn -0.08235228 0.003921509 -0.9965956
vn -0.08235228 0.003921509 -0.9965956
vn -0.08235228 0.003921509 -0.9965956
vn 0.003921568 -0.9999924 0
vn 0.003921568 -0.9999924 0
vn 0.003921568 -0.9999924 0
vn 0.003921568 -0.9999924 0
vn 0.08235234 -0.003921568 0.9965956
vn 0.08235234 -0.003921568 0.9965956
vn 0.08235234 -0.003921568 0.9965956
vn 0.08235234 -0.003921568 0.9965956
vn -0.003921509 0.9999923 -0.000345267
vn -0.003921509 0.9999923 -0.000345267
vn -0.003921509 0.9999923 -0.000345267
vn -0.003921509 0.9999923 -0.000345267
vn -0.0901953 0.003921509 -0.9959164
vn -0.0901953 0.003921509 -0.9959164
vn -0.0901953 0.003921509 -0.9959164
vn -0.0901953 0.003921509 -0.9959164
vn 0.003921568 -0.9999924 0
vn 0.003921568 -0.9999924 0
vn 0.003921568 -0.9999924 0
vn 0.003921568 -0.9999924 0
vn 0.09019542 -0.003921568 0.9959164
vn 0.09019542 -0.003921568 0.9959164
vn 0.09019542 -0.003921568 0.9959164
vn 0.09019542 -0.003921568 0.9959164
g NB_GP_Building001_LOD0_0
f 3/3/3 2/2/2 1/1/1
f 4/4/4 3/3/3 1/1/1
f 7/7/7 6/6/6 5/5/5
f 8/8/8 7/7/7 5/5/5
f 11/11/11 10/10/10 9/9/9
f 12/12/12 11/11/11 9/9/9
f 12/12/12 9/9/9 13/13/13
f 14/14/14 12/12/12 13/13/13
f 17/17/17 16/16/16 15/15/15
f 18/18/18 17/17/17 15/15/15
f 19/19/19 17/17/17 18/18/18
f 20/20/20 19/19/19 18/18/18
f 18/18/18 15/15/15 21/21/21
f 22/22/22 18/18/18 21/21/21
f 20/20/20 18/18/18 22/22/22
f 23/23/23 20/20/20 22/22/22
f 26/26/26 25/25/25 24/24/24
f 27/27/27 26/26/26 24/24/24
f 28/28/28 26/26/26 27/27/27
f 29/29/29 28/28/28 27/27/27
f 27/27/27 24/24/24 30/30/30
f 31/31/31 27/27/27 30/30/30
f 29/29/29 27/27/27 31/31/31
f 31/31/31 30/30/30 32/32/32
f 33/33/33 31/31/31 32/32/32
f 34/34/34 31/31/31 33/33/33
f 34/34/34 29/29/29 31/31/31
f 35/35/35 34/34/34 33/33/33
f 38/38/38 37/37/37 36/36/36
f 39/39/39 38/38/38 36/36/36
f 40/40/40 38/38/38 39/39/39
f 41/41/41 40/40/40 39/39/39
f 39/39/39 36/36/36 42/42/42
f 43/43/43 39/39/39 42/42/42
f 41/41/41 39/39/39 43/43/43
f 43/43/43 42/42/42 44/44/44
f 45/45/45 43/43/43 44/44/44
f 46/46/46 43/43/43 45/45/45
f 46/46/46 41/41/41 43/43/43
f 47/47/47 46/46/46 45/45/45
f 50/50/50 49/49/49 48/48/48
f 51/51/51 50/50/50 48/48/48
f 51/51/51 48/48/48 52/52/52
f 53/53/53 51/51/51 52/52/52
f 56/56/56 55/55/55 54/54/54
f 57/57/57 56/56/56 54/54/54
f 60/60/60 59/59/59 58/58/58
f 61/61/61 60/60/60 58/58/58
f 64/64/64 63/63/63 62/62/62
f 65/65/65 64/64/64 62/62/62
f 68/68/68 67/67/67 66/66/66
f 69/69/69 68/68/68 66/66/66
f 72/72/72 71/71/71 70/70/70
f 73/73/73 72/72/72 70/70/70
f 76/76/76 75/75/75 74/74/74
f 77/77/77 76/76/76 74/74/74
f 80/80/80 79/79/79 78/78/78
f 81/81/81 80/80/80 78/78/78
f 84/84/84 83/83/83 82/82/82
f 85/85/85 84/84/84 82/82/82
f 88/88/88 87/87/87 86/86/86
f 89/89/89 88/88/88 86/86/86
f 92/92/92 91/91/91 90/90/90
f 93/93/93 92/92/92 90/90/90
f 96/96/96 95/95/95 94/94/94
f 97/97/97 96/96/96 94/94/94
f 100/100/100 99/99/99 98/98/98
f 101/101/101 100/100/100 98/98/98
f 102/102/102 99/99/99 100/100/100
f 103/103/103 102/102/102 100/100/100
f 100/100/100 101/101/101 104/104/104
f 105/105/105 100/100/100 104/104/104
f 103/103/103 100/100/100 105/105/105
f 106/106/106 103/103/103 105/105/105
f 109/109/109 108/108/108 107/107/107
f 110/110/110 109/109/109 107/107/107
f 111/111/111 109/109/109 110/110/110
f 112/112/112 111/111/111 110/110/110
f 110/110/110 113/113/113 112/112/112
f 113/113/113 114/114/114 112/112/112
f 115/115/115 113/113/113 110/110/110
f 107/107/107 115/115/115 110/110/110
f 118/118/118 117/117/117 116/116/116
f 119/119/119 118/118/118 116/116/116
f 122/122/122 121/121/121 120/120/120
f 123/123/123 122/122/122 120/120/120
f 126/126/126 125/125/125 124/124/124
f 127/127/127 126/126/126 124/124/124
f 130/130/130 129/129/129 128/128/128
f 131/131/131 130/130/130 128/128/128
f 134/134/134 133/133/133 132/132/132
f 135/135/135 134/134/134 132/132/132
f 138/138/138 137/137/137 136/136/136
f 139/139/139 138/138/138 136/136/136
f 142/142/142 141/141/141 140/140/140
f 143/143/143 142/142/142 140/140/140
f 146/146/146 145/145/145 144/144/144
f 147/147/147 146/146/146 144/144/144
f 150/150/150 149/149/149 148/148/148
f 151/151/151 150/150/150 148/148/148
f 154/154/154 153/153/153 152/152/152
f 155/155/155 154/154/154 152/152/152
f 158/158/158 157/157/157 156/156/156
f 159/159/159 158/158/158 156/156/156
f 162/162/162 161/161/161 160/160/160
f 163/163/163 162/162/162 160/160/160
f 163/163/163 160/160/160 164/164/164
f 165/165/165 163/163/163 164/164/164
f 165/165/165 166/166/166 163/163/163
f 166/166/166 167/167/167 163/163/163
f 167/167/167 168/168/168 163/163/163
f 171/171/171 170/170/170 169/169/169
f 172/172/172 171/171/171 169/169/169
f 172/172/172 169/169/169 173/173/173
f 174/174/174 172/172/172 173/173/173
f 176/176/176 175/175/175 174/174/174
f 177/177/177 176/176/176 174/174/174
f 179/179/179 176/176/176 178/178/178
f 180/180/180 179/179/179 178/178/178
f 183/183/183 182/182/182 181/181/181
f 184/184/184 183/183/183 181/181/181
f 187/187/187 186/186/186 185/185/185
f 188/188/188 187/187/187 185/185/185
f 191/191/191 190/190/190 189/189/189
f 192/192/192 191/191/191 189/189/189
f 195/195/195 194/194/194 193/193/193
f 196/196/196 195/195/195 193/193/193
f 199/199/199 198/198/198 197/197/197
f 200/200/200 199/199/199 197/197/197
f 203/203/203 202/202/202 201/201/201
f 204/204/204 203/203/203 201/201/201
f 207/207/207 206/206/206 205/205/205
f 208/208/208 207/207/207 205/205/205
f 211/211/211 210/210/210 209/209/209
f 212/212/212 211/211/211 209/209/209
f 215/215/215 214/214/214 213/213/213
f 216/216/216 215/215/215 213/213/213
f 219/219/219 218/218/218 217/217/217
f 220/220/220 219/219/219 217/217/217
f 223/223/223 222/222/222 221/221/221
f 224/224/224 223/223/223 221/221/221
f 227/227/227 226/226/226 225/225/225
f 228/228/228 227/227/227 225/225/225
f 231/231/231 230/230/230 229/229/229
f 232/232/232 231/231/231 229/229/229
f 235/235/235 234/234/234 233/233/233
f 236/236/236 235/235/235 233/233/233
f 239/239/239 238/238/238 237/237/237
f 240/240/240 239/239/239 237/237/237
f 243/243/243 242/242/242 241/241/241
f 244/244/244 243/243/243 241/241/241
f 247/247/247 246/246/246 245/245/245
f 248/248/248 247/247/247 245/245/245
f 251/251/251 250/250/250 249/249/249
f 252/252/252 251/251/251 249/249/249
f 255/255/255 254/254/254 253/253/253
f 256/256/256 255/255/255 253/253/253
f 259/259/259 258/258/258 257/257/257
f 260/260/260 259/259/259 257/257/257
f 263/263/263 262/262/262 261/261/261
f 264/264/264 263/263/263 261/261/261
f 267/267/267 266/266/266 265/265/265
f 268/268/268 267/267/267 265/265/265
f 271/271/271 270/270/270 269/269/269
f 272/272/272 271/271/271 269/269/269
f 275/275/275 274/274/274 273/273/273
f 276/276/276 275/275/275 273/273/273
f 279/279/279 278/278/278 277/277/277
f 280/280/280 279/279/279 277/277/277
f 283/283/283 282/282/282 281/281/281
f 284/284/284 283/283/283 281/281/281
f 287/287/287 286/286/286 285/285/285
f 288/288/288 287/287/287 285/285/285
f 291/291/291 290/290/290 289/289/289
f 292/292/292 291/291/291 289/289/289
f 295/295/295 294/294/294 293/293/293
f 296/296/296 295/295/295 293/293/293
f 299/299/299 298/298/298 297/297/297
f 300/300/300 299/299/299 297/297/297
f 303/303/303 302/302/302 301/301/301
f 304/304/304 303/303/303 301/301/301
f 307/307/307 306/306/306 305/305/305
f 308/308/308 307/307/307 305/305/305
f 311/311/311 310/310/310 309/309/309
f 312/312/312 311/311/311 309/309/309
f 315/315/315 314/314/314 313/313/313
f 316/316/316 315/315/315 313/313/313
f 319/319/319 318/318/318 317/317/317
f 320/320/320 319/319/319 317/317/317
f 323/323/323 322/322/322 321/321/321
f 324/324/324 323/323/323 321/321/321
f 327/327/327 326/326/326 325/325/325
f 328/328/328 327/327/327 325/325/325
f 331/331/331 330/330/330 329/329/329
f 332/332/332 331/331/331 329/329/329
f 335/335/335 334/334/334 333/333/333
f 336/336/336 335/335/335 333/333/333
f 339/339/339 338/338/338 337/337/337
f 340/340/340 339/339/339 337/337/337
f 343/343/343 342/342/342 341/341/341
f 344/344/344 343/343/343 341/341/341
f 347/347/347 346/346/346 345/345/345
f 348/348/348 347/347/347 345/345/345
f 351/351/351 350/350/350 349/349/349
f 352/352/352 351/351/351 349/349/349
f 355/355/355 354/354/354 353/353/353
f 356/356/356 355/355/355 353/353/353
f 359/359/359 358/358/358 357/357/357
f 360/360/360 359/359/359 357/357/357
f 357/357/357 358/358/358 361/361/361
f 358/358/358 362/362/362 361/361/361
f 362/362/362 358/358/358 363/363/363
f 358/358/358 364/364/364 363/363/363
f 365/365/365 364/364/364 358/358/358
f 368/368/368 367/367/367 366/366/366
f 369/369/369 368/368/368 366/366/366
f 366/366/366 367/367/367 370/370/370
f 367/367/367 371/371/371 370/370/370
f 373/373/373 372/372/372 371/371/371
f 374/374/374 373/373/373 371/371/371
f 373/373/373 376/376/376 375/375/375
f 376/376/376 377/377/377 375/375/375
f 380/380/380 379/379/379 378/378/378
f 381/381/381 380/380/380 378/378/378
f 384/384/384 383/383/383 382/382/382
f 385/385/385 384/384/384 382/382/382
f 388/388/388 387/387/387 386/386/386
f 389/389/389 388/388/388 386/386/386
f 392/392/392 391/391/391 390/390/390
f 393/393/393 392/392/392 390/390/390
f 396/396/396 395/395/395 394/394/394
f 397/397/397 396/396/396 394/394/394
f 400/400/400 399/399/399 398/398/398
f 401/401/401 400/400/400 398/398/398
f 404/404/404 403/403/403 402/402/402
f 405/405/405 404/404/404 402/402/402
f 408/408/408 407/407/407 406/406/406
f 409/409/409 408/408/408 406/406/406
f 412/412/412 411/411/411 410/410/410
f 413/413/413 412/412/412 410/410/410
f 416/416/416 415/415/415 414/414/414
f 417/417/417 416/416/416 414/414/414
f 420/420/420 419/419/419 418/418/418
f 421/421/421 420/420/420 418/418/418
f 424/424/424 423/423/423 422/422/422
f 425/425/425 424/424/424 422/422/422
f 428/428/428 427/427/427 426/426/426
f 429/429/429 428/428/428 426/426/426
f 432/432/432 431/431/431 430/430/430
f 433/433/433 432/432/432 430/430/430
f 436/436/436 435/435/435 434/434/434
f 437/437/437 436/436/436 434/434/434
f 440/440/440 439/439/439 438/438/438
f 441/441/441 440/440/440 438/438/438
f 444/444/444 443/443/443 442/442/442
f 445/445/445 444/444/444 442/442/442
f 448/448/448 447/447/447 446/446/446
f 449/449/449 448/448/448 446/446/446
f 452/452/452 451/451/451 450/450/450
f 453/453/453 452/452/452 450/450/450
f 456/456/456 455/455/455 454/454/454
f 457/457/457 456/456/456 454/454/454
f 460/460/460 459/459/459 458/458/458
f 461/461/461 460/460/460 458/458/458
f 464/464/464 463/463/463 462/462/462
f 465/465/465 464/464/464 462/462/462
f 468/468/468 467/467/467 466/466/466
f 469/469/469 468/468/468 466/466/466
f 472/472/472 471/471/471 470/470/470
f 473/473/473 472/472/472 470/470/470
f 474/474/474 471/471/471 472/472/472
f 475/475/475 474/474/474 472/472/472
f 478/478/478 477/477/477 476/476/476
f 479/479/479 478/478/478 476/476/476
f 479/479/479 476/476/476 480/480/480
f 481/481/481 479/479/479 480/480/480
f 480/480/480 482/482/482 481/481/481
f 482/482/482 483/483/483 481/481/481
f 486/486/486 485/485/485 484/484/484
f 487/487/487 486/486/486 484/484/484
f 490/490/490 489/489/489 488/488/488
f 491/491/491 490/490/490 488/488/488
f 494/494/494 493/493/493 492/492/492
f 495/495/495 494/494/494 492/492/492
f 492/492/492 493/493/493 496/496/496
f 493/493/493 497/497/497 496/496/496
f 500/500/500 499/499/499 498/498/498
f 501/501/501 500/500/500 498/498/498
f 498/498/498 499/499/499 502/502/502
f 499/499/499 503/503/503 502/502/502
f 502/502/502 503/503/503 504/504/504
f 503/503/503 505/505/505 504/504/504
f 508/508/508 507/507/507 506/506/506
f 509/509/509 508/508/508 506/506/506
f 512/512/512 511/511/511 510/510/510
f 513/513/513 512/512/512 510/510/510
f 516/516/516 515/515/515 514/514/514
f 517/517/517 516/516/516 514/514/514
f 514/514/514 515/515/515 518/518/518
f 515/515/515 519/519/519 518/518/518
f 518/518/518 519/519/519 520/520/520
f 519/519/519 521/521/521 520/520/520
f 520/520/520 521/521/521 522/522/522
f 521/521/521 523/523/523 522/522/522
f 526/526/526 525/525/525 524/524/524
f 527/527/527 526/526/526 524/524/524
f 528/528/528 526/526/526 527/527/527
f 529/529/529 528/528/528 527/527/527
f 530/530/530 528/528/528 529/529/529
f 531/531/531 530/530/530 529/529/529
f 534/534/534 533/533/533 532/532/532
f 535/535/535 534/534/534 532/532/532
f 538/538/538 537/537/537 536/536/536
f 539/539/539 538/538/538 536/536/536
f 540/540/540 539/539/539 536/536/536
f 541/541/541 540/540/540 536/536/536
f 544/544/544 543/543/543 542/542/542
f 545/545/545 544/544/544 542/542/542
f 545/545/545 546/546/546 544/544/544
f 546/546/546 547/547/547 544/544/544
f 550/550/550 549/549/549 548/548/548
f 551/551/551 550/550/550 548/548/548
f 552/552/552 550/550/550 551/551/551
f 553/553/553 552/552/552 551/551/551
f 556/556/556 555/555/555 554/554/554
f 557/557/557 556/556/556 554/554/554
f 557/557/557 558/558/558 556/556/556
f 558/558/558 559/559/559 556/556/556
f 562/562/562 561/561/561 560/560/560
f 563/563/563 562/562/562 560/560/560
f 560/560/560 561/561/561 564/564/564
f 561/561/561 565/565/565 564/564/564
f 566/566/566 564/564/564 565/565/565
f 567/567/567 566/566/566 565/565/565
f 570/570/570 569/569/569 568/568/568
f 571/571/571 570/570/570 568/568/568
f 574/574/574 573/573/573 572/572/572
f 575/575/575 574/574/574 572/572/572
f 578/578/578 577/577/577 576/576/576
f 579/579/579 578/578/578 576/576/576
f 579/579/579 576/576/576 580/580/580
f 581/581/581 579/579/579 580/580/580
f 584/584/584 583/583/583 582/582/582
f 585/585/585 584/584/584 582/582/582
f 585/585/585 582/582/582 586/586/586
f 587/587/587 585/585/585 586/586/586
f 587/587/587 586/586/586 588/588/588
f 589/589/589 587/587/587 588/588/588
f 592/592/592 591/591/591 590/590/590
f 593/593/593 592/592/592 590/590/590
f 596/596/596 595/595/595 594/594/594
f 597/597/597 596/596/596 594/594/594
f 600/600/600 599/599/599 598/598/598
f 601/601/601 600/600/600 598/598/598
f 601/601/601 598/598/598 602/602/602
f 603/603/603 601/601/601 602/602/602
f 603/603/603 602/602/602 604/604/604
f 605/605/605 603/603/603 604/604/604
f 605/605/605 604/604/604 606/606/606
f 607/607/607 605/605/605 606/606/606
f 610/610/610 609/609/609 608/608/608
f 611/611/611 610/610/610 608/608/608
f 610/610/610 612/612/612 609/609/609
f 612/612/612 613/613/613 609/609/609
f 612/612/612 614/614/614 613/613/613
f 614/614/614 615/615/615 613/613/613
f 618/618/618 617/617/617 616/616/616
f 619/619/619 618/618/618 616/616/616
f 622/622/622 621/621/621 620/620/620
f 623/623/623 622/622/622 620/620/620
f 621/621/621 624/624/624 620/620/620
f 624/624/624 625/625/625 620/620/620
f 628/628/628 627/627/627 626/626/626
f 629/629/629 628/628/628 626/626/626
f 630/630/630 627/627/627 628/628/628
f 631/631/631 630/630/630 628/628/628
f 634/634/634 633/633/633 632/632/632
f 635/635/635 634/634/634 632/632/632
f 636/636/636 633/633/633 634/634/634
f 637/637/637 636/636/636 634/634/634
f 640/640/640 639/639/639 638/638/638
f 641/641/641 640/640/640 638/638/638
f 641/641/641 642/642/642 640/640/640
f 642/642/642 643/643/643 640/640/640
f 646/646/646 645/645/645 644/644/644
f 647/647/647 646/646/646 644/644/644
f 644/644/644 645/645/645 648/648/648
f 645/645/645 649/649/649 648/648/648
f 650/650/650 648/648/648 649/649/649
f 651/651/651 650/650/650 649/649/649
f 654/654/654 653/653/653 652/652/652
f 655/655/655 654/654/654 652/652/652
f 658/658/658 657/657/657 656/656/656
f 659/659/659 658/658/658 656/656/656
f 662/662/662 661/661/661 660/660/660
f 663/663/663 662/662/662 660/660/660
f 663/663/663 660/660/660 664/664/664
f 665/665/665 663/663/663 664/664/664
f 668/668/668 667/667/667 666/666/666
f 669/669/669 668/668/668 666/666/666
f 672/672/672 671/671/671 670/670/670
f 673/673/673 672/672/672 670/670/670
f 676/676/676 675/675/675 674/674/674
f 677/677/677 676/676/676 674/674/674
f 680/680/680 679/679/679 678/678/678
f 681/681/681 680/680/680 678/678/678
f 681/681/681 678/678/678 682/682/682
f 683/683/683 681/681/681 682/682/682
f 686/686/686 685/685/685 684/684/684
f 687/687/687 686/686/686 684/684/684
f 686/686/686 688/688/688 685/685/685
f 688/688/688 689/689/689 685/685/685
f 688/688/688 690/690/690 689/689/689
f 690/690/690 691/691/691 689/689/689
f 694/694/694 693/693/693 692/692/692
f 695/695/695 694/694/694 692/692/692
f 698/698/698 697/697/697 696/696/696
f 699/699/699 698/698/698 696/696/696
f 697/697/697 700/700/700 696/696/696
f 700/700/700 701/701/701 696/696/696
f 704/704/704 703/703/703 702/702/702
f 705/705/705 704/704/704 702/702/702
f 706/706/706 703/703/703 704/704/704
f 707/707/707 706/706/706 704/704/704
f 710/710/710 709/709/709 708/708/708
f 711/711/711 710/710/710 708/708/708
f 710/710/710 712/712/712 709/709/709
f 712/712/712 713/713/713 709/709/709
f 716/716/716 715/715/715 714/714/714
f 717/717/717 716/716/716 714/714/714
f 718/718/718 715/715/715 716/716/716
f 719/719/719 718/718/718 716/716/716
f 722/722/722 721/721/721 720/720/720
f 723/723/723 722/722/722 720/720/720
f 723/723/723 720/720/720 724/724/724
f 725/725/725 723/723/723 724/724/724
f 724/724/724 726/726/726 725/725/725
f 726/726/726 727/727/727 725/725/725
f 730/730/730 729/729/729 728/728/728
f 731/731/731 730/730/730 728/728/728
f 734/734/734 733/733/733 732/732/732
f 735/735/735 734/734/734 732/732/732
f 738/738/738 737/737/737 736/736/736
f 739/739/739 738/738/738 736/736/736
f 736/736/736 737/737/737 740/740/740
f 737/737/737 741/741/741 740/740/740
f 744/744/744 743/743/743 742/742/742
f 745/745/745 744/744/744 742/742/742
f 748/748/748 747/747/747 746/746/746
f 749/749/749 748/748/748 746/746/746
f 752/752/752 751/751/751 750/750/750
f 753/753/753 752/752/752 750/750/750
f 756/756/756 755/755/755 754/754/754
f 757/757/757 756/756/756 754/754/754
f 754/754/754 755/755/755 758/758/758
f 755/755/755 759/759/759 758/758/758
f 762/762/762 761/761/761 760/760/760
f 763/763/763 762/762/762 760/760/760
f 764/764/764 762/762/762 763/763/763
f 765/765/765 764/764/764 763/763/763
f 766/766/766 764/764/764 765/765/765
f 767/767/767 766/766/766 765/765/765
f 770/770/770 769/769/769 768/768/768
f 771/771/771 770/770/770 768/768/768
f 774/774/774 773/773/773 772/772/772
f 775/775/775 774/774/774 772/772/772
f 776/776/776 775/775/775 772/772/772
f 777/777/777 776/776/776 772/772/772
f 780/780/780 779/779/779 778/778/778
f 781/781/781 780/780/780 778/778/778
f 781/781/781 782/782/782 780/780/780
f 782/782/782 783/783/783 780/780/780
f 786/786/786 785/785/785 784/784/784
f 787/787/787 786/786/786 784/784/784
f 788/788/788 786/786/786 787/787/787
f 789/789/789 788/788/788 787/787/787
f 792/792/792 791/791/791 790/790/790
f 793/793/793 792/792/792 790/790/790
f 796/796/796 795/795/795 794/794/794
f 797/797/797 796/796/796 794/794/794
f 798/798/798 794/794/794 795/795/795
f 799/799/799 798/798/798 795/795/795
f 802/802/802 801/801/801 800/800/800
f 803/803/803 802/802/802 800/800/800
f 806/806/806 805/805/805 804/804/804
f 807/807/807 806/806/806 804/804/804
f 810/810/810 809/809/809 808/808/808
f 811/811/811 810/810/810 808/808/808
f 812/812/812 811/811/811 808/808/808
f 813/813/813 812/812/812 808/808/808
f 816/816/816 815/815/815 814/814/814
f 817/817/817 816/816/816 814/814/814
f 820/820/820 819/819/819 818/818/818
f 821/821/821 820/820/820 818/818/818
f 824/824/824 823/823/823 822/822/822
f 825/825/825 824/824/824 822/822/822
f 828/828/828 827/827/827 826/826/826
f 829/829/829 828/828/828 826/826/826
f 832/832/832 831/831/831 830/830/830
f 833/833/833 832/832/832 830/830/830
f 836/836/836 835/835/835 834/834/834
f 837/837/837 836/836/836 834/834/834
f 840/840/840 839/839/839 838/838/838
f 841/841/841 840/840/840 838/838/838
f 844/844/844 843/843/843 842/842/842
f 845/845/845 844/844/844 842/842/842
f 848/848/848 847/847/847 846/846/846
f 849/849/849 848/848/848 846/846/846
f 852/852/852 851/851/851 850/850/850
f 853/853/853 852/852/852 850/850/850
f 856/856/856 855/855/855 854/854/854
f 857/857/857 856/856/856 854/854/854
f 860/860/860 859/859/859 858/858/858
f 861/861/861 860/860/860 858/858/858
f 864/864/864 863/863/863 862/862/862
f 865/865/865 864/864/864 862/862/862
f 868/868/868 867/867/867 866/866/866
f 869/869/869 868/868/868 866/866/866
f 872/872/872 871/871/871 870/870/870
f 873/873/873 872/872/872 870/870/870
f 876/876/876 875/875/875 874/874/874
f 877/877/877 876/876/876 874/874/874
f 880/880/880 879/879/879 878/878/878
f 881/881/881 880/880/880 878/878/878
f 884/884/884 883/883/883 882/882/882
f 885/885/885 884/884/884 882/882/882
f 888/888/888 887/887/887 886/886/886
f 889/889/889 888/888/888 886/886/886
f 892/892/892 891/891/891 890/890/890
f 893/893/893 892/892/892 890/890/890
f 896/896/896 895/895/895 894/894/894
f 897/897/897 896/896/896 894/894/894
f 900/900/900 899/899/899 898/898/898
f 901/901/901 900/900/900 898/898/898
f 904/904/904 903/903/903 902/902/902
f 905/905/905 904/904/904 902/902/902
f 903/903/903 904/904/904 906/906/906
f 907/907/907 903/903/903 906/906/906
f 910/910/910 909/909/909 908/908/908
f 911/911/911 910/910/910 908/908/908
f 909/909/909 910/910/910 912/912/912
f 913/913/913 909/909/909 912/912/912
f 916/916/916 915/915/915 914/914/914
f 917/917/917 916/916/916 914/914/914
f 918/918/918 916/916/916 917/917/917
f 919/919/919 918/918/918 917/917/917
f 922/922/922 921/921/921 920/920/920
f 923/923/923 922/922/922 920/920/920
f 924/924/924 922/922/922 923/923/923
f 925/925/925 924/924/924 923/923/923
f 928/928/928 927/927/927 926/926/926
f 929/929/929 928/928/928 926/926/926
f 930/930/930 927/927/927 928/928/928
f 931/931/931 930/930/930 928/928/928
f 934/934/934 933/933/933 932/932/932
f 935/935/935 934/934/934 932/932/932
f 936/936/936 933/933/933 934/934/934
f 937/937/937 936/936/936 934/934/934
f 940/940/940 939/939/939 938/938/938
f 941/941/941 940/940/940 938/938/938
f 940/940/940 941/941/941 942/942/942
f 943/943/943 940/940/940 942/942/942
f 946/946/946 945/945/945 944/944/944
f 947/947/947 946/946/946 944/944/944
f 946/946/946 947/947/947 948/948/948
f 949/949/949 946/946/946 948/948/948
f 952/952/952 951/951/951 950/950/950
f 953/953/953 952/952/952 950/950/950
f 951/951/951 952/952/952 954/954/954
f 955/955/955 951/951/951 954/954/954
f 958/958/958 957/957/957 956/956/956
f 959/959/959 958/958/958 956/956/956
f 957/957/957 958/958/958 960/960/960
f 961/961/961 957/957/957 960/960/960
f 964/964/964 963/963/963 962/962/962
f 965/965/965 964/964/964 962/962/962
f 966/966/966 964/964/964 965/965/965
f 967/967/967 966/966/966 965/965/965
f 970/970/970 969/969/969 968/968/968
f 971/971/971 970/970/970 968/968/968
f 972/972/972 970/970/970 971/971/971
f 973/973/973 972/972/972 971/971/971
f 976/976/976 975/975/975 974/974/974
f 977/977/977 976/976/976 974/974/974
f 978/978/978 975/975/975 976/976/976
f 979/979/979 978/978/978 976/976/976
f 982/982/982 981/981/981 980/980/980
f 983/983/983 982/982/982 980/980/980
f 984/984/984 981/981/981 982/982/982
f 985/985/985 984/984/984 982/982/982
f 988/988/988 987/987/987 986/986/986
f 989/989/989 988/988/988 986/986/986
f 988/988/988 989/989/989 990/990/990
f 991/991/991 988/988/988 990/990/990
f 994/994/994 993/993/993 992/992/992
f 995/995/995 994/994/994 992/992/992
f 994/994/994 995/995/995 996/996/996
f 997/997/997 994/994/994 996/996/996
f 1000/1000/1000 999/999/999 998/998/998
f 1001/1001/1001 1000/1000/1000 998/998/998
f 999/999/999 1000/1000/1000 1002/1002/1002
f 1003/1003/1003 999/999/999 1002/1002/1002
f 1006/1006/1006 1005/1005/1005 1004/1004/1004
f 1007/1007/1007 1006/1006/1006 1004/1004/1004
f 1005/1005/1005 1006/1006/1006 1008/1008/1008
f 1009/1009/1009 1005/1005/1005 1008/1008/1008
f 1012/1012/1012 1011/1011/1011 1010/1010/1010
f 1013/1013/1013 1012/1012/1012 1010/1010/1010
f 1014/1014/1014 1012/1012/1012 1013/1013/1013
f 1015/1015/1015 1014/1014/1014 1013/1013/1013
f 1018/1018/1018 1017/1017/1017 1016/1016/1016
f 1019/1019/1019 1018/1018/1018 1016/1016/1016
f 1020/1020/1020 1018/1018/1018 1019/1019/1019
f 1021/1021/1021 1020/1020/1020 1019/1019/1019
f 1024/1024/1024 1023/1023/1023 1022/1022/1022
f 1025/1025/1025 1024/1024/1024 1022/1022/1022
f 1028/1028/1028 1027/1027/1027 1026/1026/1026
f 1029/1029/1029 1028/1028/1028 1026/1026/1026
f 1032/1032/1032 1031/1031/1031 1030/1030/1030
f 1033/1033/1033 1032/1032/1032 1030/1030/1030
f 1036/1036/1036 1035/1035/1035 1034/1034/1034
f 1037/1037/1037 1036/1036/1036 1034/1034/1034
f 1040/1040/1040 1039/1039/1039 1038/1038/1038
f 1041/1041/1041 1040/1040/1040 1038/1038/1038
f 1042/1042/1042 1039/1039/1039 1040/1040/1040
f 1043/1043/1043 1042/1042/1042 1040/1040/1040
f 1046/1046/1046 1045/1045/1045 1044/1044/1044
f 1047/1047/1047 1046/1046/1046 1044/1044/1044
f 1048/1048/1048 1045/1045/1045 1046/1046/1046
f 1049/1049/1049 1048/1048/1048 1046/1046/1046
f 1052/1052/1052 1051/1051/1051 1050/1050/1050
f 1053/1053/1053 1052/1052/1052 1050/1050/1050
f 1052/1052/1052 1053/1053/1053 1054/1054/1054
f 1055/1055/1055 1052/1052/1052 1054/1054/1054
f 1058/1058/1058 1057/1057/1057 1056/1056/1056
f 1059/1059/1059 1058/1058/1058 1056/1056/1056
f 1058/1058/1058 1059/1059/1059 1060/1060/1060
f 1061/1061/1061 1058/1058/1058 1060/1060/1060
f 1064/1064/1064 1063/1063/1063 1062/1062/1062
f 1065/1065/1065 1064/1064/1064 1062/1062/1062
f 1068/1068/1068 1067/1067/1067 1066/1066/1066
f 1069/1069/1069 1068/1068/1068 1066/1066/1066
f 1072/1072/1072 1071/1071/1071 1070/1070/1070
f 1073/1073/1073 1072/1072/1072 1070/1070/1070
f 1076/1076/1076 1075/1075/1075 1074/1074/1074
f 1077/1077/1077 1076/1076/1076 1074/1074/1074
f 1080/1080/1080 1079/1079/1079 1078/1078/1078
f 1081/1081/1081 1080/1080/1080 1078/1078/1078
f 1084/1084/1084 1083/1083/1083 1082/1082/1082
f 1085/1085/1085 1084/1084/1084 1082/1082/1082
f 1088/1088/1088 1087/1087/1087 1086/1086/1086
f 1089/1089/1089 1088/1088/1088 1086/1086/1086
f 1092/1092/1092 1091/1091/1091 1090/1090/1090
f 1093/1093/1093 1092/1092/1092 1090/1090/1090
f 1096/1096/1096 1095/1095/1095 1094/1094/1094
f 1097/1097/1097 1096/1096/1096 1094/1094/1094
f 1100/1100/1100 1099/1099/1099 1098/1098/1098
f 1101/1101/1101 1100/1100/1100 1098/1098/1098
f 1104/1104/1104 1103/1103/1103 1102/1102/1102
f 1105/1105/1105 1104/1104/1104 1102/1102/1102
f 1108/1108/1108 1107/1107/1107 1106/1106/1106
f 1109/1109/1109 1108/1108/1108 1106/1106/1106
f 1112/1112/1112 1111/1111/1111 1110/1110/1110
f 1113/1113/1113 1112/1112/1112 1110/1110/1110
f 1116/1116/1116 1115/1115/1115 1114/1114/1114
f 1117/1117/1117 1116/1116/1116 1114/1114/1114
f 1120/1120/1120 1119/1119/1119 1118/1118/1118
f 1121/1121/1121 1120/1120/1120 1118/1118/1118
f 1124/1124/1124 1123/1123/1123 1122/1122/1122
f 1125/1125/1125 1124/1124/1124 1122/1122/1122
f 1128/1128/1128 1127/1127/1127 1126/1126/1126
f 1129/1129/1129 1128/1128/1128 1126/1126/1126
f 1129/1129/1129 1126/1126/1126 1130/1130/1130
f 1131/1131/1131 1129/1129/1129 1130/1130/1130
f 1134/1134/1134 1133/1133/1133 1132/1132/1132
f 1135/1135/1135 1134/1134/1134 1132/1132/1132
f 1133/1133/1133 1134/1134/1134 1136/1136/1136
f 1137/1137/1137 1133/1133/1133 1136/1136/1136
f 1140/1140/1140 1139/1139/1139 1138/1138/1138
f 1141/1141/1141 1140/1140/1140 1138/1138/1138
f 1144/1144/1144 1143/1143/1143 1142/1142/1142
f 1145/1145/1145 1144/1144/1144 1142/1142/1142
f 1148/1148/1148 1147/1147/1147 1146/1146/1146
f 1149/1149/1149 1148/1148/1148 1146/1146/1146
f 1152/1152/1152 1151/1151/1151 1150/1150/1150
f 1153/1153/1153 1152/1152/1152 1150/1150/1150
f 1156/1156/1156 1155/1155/1155 1154/1154/1154
f 1157/1157/1157 1156/1156/1156 1154/1154/1154
f 1160/1160/1160 1159/1159/1159 1158/1158/1158
f 1161/1161/1161 1160/1160/1160 1158/1158/1158
f 1164/1164/1164 1163/1163/1163 1162/1162/1162
f 1165/1165/1165 1164/1164/1164 1162/1162/1162
f 1163/1163/1163 1164/1164/1164 1166/1166/1166
f 1167/1167/1167 1163/1163/1163 1166/1166/1166
f 1170/1170/1170 1169/1169/1169 1168/1168/1168
f 1171/1171/1171 1170/1170/1170 1168/1168/1168
f 1174/1174/1174 1173/1173/1173 1172/1172/1172
f 1175/1175/1175 1174/1174/1174 1172/1172/1172
f 1176/1176/1176 1174/1174/1174 1175/1175/1175
f 1177/1177/1177 1176/1176/1176 1175/1175/1175
f 1180/1180/1180 1179/1179/1179 1178/1178/1178
f 1181/1181/1181 1180/1180/1180 1178/1178/1178
f 1182/1182/1182 1181/1181/1181 1178/1178/1178
f 1185/1185/1185 1184/1184/1184 1183/1183/1183
f 1186/1186/1186 1185/1185/1185 1183/1183/1183
f 1189/1189/1189 1188/1188/1188 1187/1187/1187
f 1189/1189/1189 1187/1187/1187 1190/1190/1190
f 1191/1191/1191 1189/1189/1189 1190/1190/1190
f 1194/1194/1194 1193/1193/1193 1192/1192/1192
f 1193/1193/1193 1194/1194/1194 1195/1195/1195
f 1196/1196/1196 1193/1193/1193 1195/1195/1195
f 1199/1199/1199 1198/1198/1198 1197/1197/1197
f 1200/1200/1200 1199/1199/1199 1197/1197/1197
f 1203/1203/1203 1202/1202/1202 1201/1201/1201
f 1204/1204/1204 1203/1203/1203 1201/1201/1201
f 1205/1205/1205 1204/1204/1204 1201/1201/1201
f 1208/1208/1208 1207/1207/1207 1206/1206/1206
f 1209/1209/1209 1208/1208/1208 1206/1206/1206
f 1210/1210/1210 1208/1208/1208 1209/1209/1209
f 1211/1211/1211 1210/1210/1210 1209/1209/1209
f 1212/1212/1212 1210/1210/1210 1211/1211/1211
f 1213/1213/1213 1210/1210/1210 1212/1212/1212
f 1214/1214/1214 1213/1213/1213 1212/1212/1212
f 1217/1217/1217 1216/1216/1216 1215/1215/1215
f 1218/1218/1218 1217/1217/1217 1215/1215/1215
f 1221/1221/1221 1220/1220/1220 1219/1219/1219
f 1222/1222/1222 1221/1221/1221 1219/1219/1219
f 1223/1223/1223 1220/1220/1220 1221/1221/1221
f 1226/1226/1226 1225/1225/1225 1224/1224/1224
f 1227/1227/1227 1226/1226/1226 1224/1224/1224
f 1230/1230/1230 1229/1229/1229 1228/1228/1228
f 1231/1231/1231 1230/1230/1230 1228/1228/1228
f 1231/1231/1231 1228/1228/1228 1232/1232/1232
f 1233/1233/1233 1231/1231/1231 1232/1232/1232
f 1236/1236/1236 1235/1235/1235 1234/1234/1234
f 1237/1237/1237 1236/1236/1236 1234/1234/1234
f 1240/1240/1240 1239/1239/1239 1238/1238/1238
f 1241/1241/1241 1240/1240/1240 1238/1238/1238
f 1241/1241/1241 1238/1238/1238 1242/1242/1242
f 1243/1243/1243 1241/1241/1241 1242/1242/1242
f 1246/1246/1246 1245/1245/1245 1244/1244/1244
f 1247/1247/1247 1246/1246/1246 1244/1244/1244
f 1250/1250/1250 1249/1249/1249 1248/1248/1248
f 1251/1251/1251 1250/1250/1250 1248/1248/1248
f 1254/1254/1254 1253/1253/1253 1252/1252/1252
f 1255/1255/1255 1254/1254/1254 1252/1252/1252
f 1258/1258/1258 1257/1257/1257 1256/1256/1256
f 1259/1259/1259 1258/1258/1258 1256/1256/1256
f 1262/1262/1262 1261/1261/1261 1260/1260/1260
f 1263/1263/1263 1262/1262/1262 1260/1260/1260
f 1260/1260/1260 1261/1261/1261 1264/1264/1264
f 1261/1261/1261 1265/1265/1265 1264/1264/1264
f 1264/1264/1264 1265/1265/1265 1266/1266/1266
f 1265/1265/1265 1267/1267/1267 1266/1266/1266
f 1267/1267/1267 1262/1262/1262 1263/1263/1263
f 1266/1266/1266 1267/1267/1267 1263/1263/1263
f 1270/1270/1270 1269/1269/1269 1268/1268/1268
f 1271/1271/1271 1270/1270/1270 1268/1268/1268
f 1272/1272/1272 1271/1271/1271 1268/1268/1268
f 1273/1273/1273 1272/1272/1272 1268/1268/1268
f 1274/1274/1274 1272/1272/1272 1273/1273/1273
f 1275/1275/1275 1274/1274/1274 1273/1273/1273
f 1274/1274/1274 1275/1275/1275 1276/1276/1276
f 1277/1277/1277 1274/1274/1274 1276/1276/1276
f 1269/1269/1269 1270/1270/1270 1278/1278/1278
f 1270/1270/1270 1279/1279/1279 1278/1278/1278
f 1279/1279/1279 1277/1277/1277 1276/1276/1276
f 1278/1278/1278 1279/1279/1279 1276/1276/1276
f 1282/1282/1282 1281/1281/1281 1280/1280/1280
f 1283/1283/1283 1282/1282/1282 1280/1280/1280
f 1283/1283/1283 1280/1280/1280 1284/1284/1284
f 1285/1285/1285 1283/1283/1283 1284/1284/1284
f 1285/1285/1285 1284/1284/1284 1286/1286/1286
f 1287/1287/1287 1285/1285/1285 1286/1286/1286
f 1287/1287/1287 1286/1286/1286 1281/1281/1281
f 1282/1282/1282 1287/1287/1287 1281/1281/1281
f 1290/1290/1290 1289/1289/1289 1288/1288/1288
f 1291/1291/1291 1290/1290/1290 1288/1288/1288
f 1291/1291/1291 1292/1292/1292 1290/1290/1290
f 1292/1292/1292 1293/1293/1293 1290/1290/1290
f 1292/1292/1292 1294/1294/1294 1293/1293/1293
f 1294/1294/1294 1295/1295/1295 1293/1293/1293
f 1296/1296/1296 1295/1295/1295 1294/1294/1294
f 1297/1297/1297 1296/1296/1296 1294/1294/1294
f 1288/1288/1288 1289/1289/1289 1298/1298/1298
f 1299/1299/1299 1288/1288/1288 1298/1298/1298
f 1299/1299/1299 1298/1298/1298 1296/1296/1296
f 1297/1297/1297 1299/1299/1299 1296/1296/1296
f 1302/1302/1302 1301/1301/1301 1300/1300/1300
f 1303/1303/1303 1302/1302/1302 1300/1300/1300
f 1306/1306/1306 1305/1305/1305 1304/1304/1304
f 1307/1307/1307 1306/1306/1306 1304/1304/1304
f 1310/1310/1310 1309/1309/1309 1308/1308/1308
f 1311/1311/1311 1310/1310/1310 1308/1308/1308
f 1314/1314/1314 1313/1313/1313 1312/1312/1312
f 1315/1315/1315 1314/1314/1314 1312/1312/1312
f 1318/1318/1318 1317/1317/1317 1316/1316/1316
f 1319/1319/1319 1318/1318/1318 1316/1316/1316
f 1322/1322/1322 1321/1321/1321 1320/1320/1320
f 1323/1323/1323 1322/1322/1322 1320/1320/1320
f 1326/1326/1326 1325/1325/1325 1324/1324/1324
f 1327/1327/1327 1326/1326/1326 1324/1324/1324
f 1330/1330/1330 1329/1329/1329 1328/1328/1328
f 1331/1331/1331 1330/1330/1330 1328/1328/1328
f 1334/1334/1334 1333/1333/1333 1332/1332/1332
f 1335/1335/1335 1334/1334/1334 1332/1332/1332
f 1332/1332/1332 1333/1333/1333 1336/1336/1336
f 1333/1333/1333 1337/1337/1337 1336/1336/1336
f 1336/1336/1336 1337/1337/1337 1338/1338/1338
f 1337/1337/1337 1339/1339/1339 1338/1338/1338
f 1339/1339/1339 1334/1334/1334 1335/1335/1335
f 1338/1338/1338 1339/1339/1339 1335/1335/1335
f 1342/1342/1342 1341/1341/1341 1340/1340/1340
f 1343/1343/1343 1342/1342/1342 1340/1340/1340
f 1343/1343/1343 1340/1340/1340 1344/1344/1344
f 1345/1345/1345 1343/1343/1343 1344/1344/1344
f 1345/1345/1345 1344/1344/1344 1346/1346/1346
f 1347/1347/1347 1345/1345/1345 1346/1346/1346
f 1347/1347/1347 1346/1346/1346 1341/1341/1341
f 1342/1342/1342 1347/1347/1347 1341/1341/1341
f 1350/1350/1350 1349/1349/1349 1348/1348/1348
f 1351/1351/1351 1350/1350/1350 1348/1348/1348
f 1354/1354/1354 1353/1353/1353 1352/1352/1352
f 1355/1355/1355 1354/1354/1354 1352/1352/1352
f 1358/1358/1358 1357/1357/1357 1356/1356/1356
f 1359/1359/1359 1358/1358/1358 1356/1356/1356
f 1362/1362/1362 1361/1361/1361 1360/1360/1360
f 1363/1363/1363 1362/1362/1362 1360/1360/1360
f 1366/1366/1366 1365/1365/1365 1364/1364/1364
f 1367/1367/1367 1366/1366/1366 1364/1364/1364
f 1368/1368/1368 1365/1365/1365 1366/1366/1366
f 1369/1369/1369 1368/1368/1368 1366/1366/1366
f 1372/1372/1372 1371/1371/1371 1370/1370/1370
f 1373/1373/1373 1372/1372/1372 1370/1370/1370
f 1374/1374/1374 1372/1372/1372 1373/1373/1373
f 1375/1375/1375 1374/1374/1374 1373/1373/1373
f 1378/1378/1378 1377/1377/1377 1376/1376/1376
f 1379/1379/1379 1378/1378/1378 1376/1376/1376
f 1382/1382/1382 1381/1381/1381 1380/1380/1380
f 1383/1383/1383 1382/1382/1382 1380/1380/1380
f 1386/1386/1386 1385/1385/1385 1384/1384/1384
f 1387/1387/1387 1386/1386/1386 1384/1384/1384
f 1390/1390/1390 1389/1389/1389 1388/1388/1388
f 1391/1391/1391 1390/1390/1390 1388/1388/1388
f 1394/1394/1394 1393/1393/1393 1392/1392/1392
f 1395/1395/1395 1394/1394/1394 1392/1392/1392
f 1398/1398/1398 1397/1397/1397 1396/1396/1396
f 1399/1399/1399 1398/1398/1398 1396/1396/1396
f 1402/1402/1402 1401/1401/1401 1400/1400/1400
f 1403/1403/1403 1402/1402/1402 1400/1400/1400
f 1406/1406/1406 1405/1405/1405 1404/1404/1404
f 1407/1407/1407 1406/1406/1406 1404/1404/1404
f 1405/1405/1405 1409/1409/1409 1408/1408/1408
f 1410/1410/1410 1405/1405/1405 1408/1408/1408
f 1413/1413/1413 1412/1412/1412 1411/1411/1411
f 1414/1414/1414 1413/1413/1413 1411/1411/1411
f 1412/1412/1412 1416/1416/1416 1415/1415/1415
f 1417/1417/1417 1412/1412/1412 1415/1415/1415
f 1420/1420/1420 1419/1419/1419 1418/1418/1418
f 1421/1421/1421 1420/1420/1420 1418/1418/1418
f 1419/1419/1419 1423/1423/1423 1422/1422/1422
f 1424/1424/1424 1419/1419/1419 1422/1422/1422
f 1427/1427/1427 1426/1426/1426 1425/1425/1425
f 1428/1428/1428 1427/1427/1427 1425/1425/1425
f 1426/1426/1426 1430/1430/1430 1429/1429/1429
f 1431/1431/1431 1426/1426/1426 1429/1429/1429
f 1434/1434/1434 1433/1433/1433 1432/1432/1432
f 1435/1435/1435 1434/1434/1434 1432/1432/1432
f 1432/1432/1432 1433/1433/1433 1436/1436/1436
f 1433/1433/1433 1437/1437/1437 1436/1436/1436
f 1440/1440/1440 1439/1439/1439 1438/1438/1438
f 1441/1441/1441 1440/1440/1440 1438/1438/1438
f 1438/1438/1438 1439/1439/1439 1442/1442/1442
f 1439/1439/1439 1443/1443/1443 1442/1442/1442
f 1446/1446/1446 1445/1445/1445 1444/1444/1444
f 1447/1447/1447 1446/1446/1446 1444/1444/1444
f 1444/1444/1444 1445/1445/1445 1448/1448/1448
f 1445/1445/1445 1449/1449/1449 1448/1448/1448
f 1452/1452/1452 1451/1451/1451 1450/1450/1450
f 1453/1453/1453 1452/1452/1452 1450/1450/1450
f 1450/1450/1450 1451/1451/1451 1454/1454/1454
f 1451/1451/1451 1455/1455/1455 1454/1454/1454
f 1458/1458/1458 1457/1457/1457 1456/1456/1456
f 1459/1459/1459 1458/1458/1458 1456/1456/1456
f 1458/1458/1458 1461/1461/1461 1460/1460/1460
f 1462/1462/1462 1458/1458/1458 1460/1460/1460
f 1465/1465/1465 1464/1464/1464 1463/1463/1463
f 1466/1466/1466 1465/1465/1465 1463/1463/1463
f 1464/1464/1464 1468/1468/1468 1467/1467/1467
f 1469/1469/1469 1464/1464/1464 1467/1467/1467
f 1472/1472/1472 1471/1471/1471 1470/1470/1470
f 1473/1473/1473 1472/1472/1472 1470/1470/1470
f 1471/1471/1471 1475/1475/1475 1474/1474/1474
f 1476/1476/1476 1471/1471/1471 1474/1474/1474
f 1479/1479/1479 1478/1478/1478 1477/1477/1477
f 1480/1480/1480 1479/1479/1479 1477/1477/1477
f 1478/1478/1478 1482/1482/1482 1481/1481/1481
f 1483/1483/1483 1478/1478/1478 1481/1481/1481
f 1486/1486/1486 1485/1485/1485 1484/1484/1484
f 1487/1487/1487 1486/1486/1486 1484/1484/1484
f 1484/1484/1484 1485/1485/1485 1488/1488/1488
f 1485/1485/1485 1489/1489/1489 1488/1488/1488
f 1492/1492/1492 1491/1491/1491 1490/1490/1490
f 1493/1493/1493 1492/1492/1492 1490/1490/1490
f 1490/1490/1490 1491/1491/1491 1494/1494/1494
f 1491/1491/1491 1495/1495/1495 1494/1494/1494
f 1498/1498/1498 1497/1497/1497 1496/1496/1496
f 1499/1499/1499 1498/1498/1498 1496/1496/1496
f 1496/1496/1496 1497/1497/1497 1500/1500/1500
f 1497/1497/1497 1501/1501/1501 1500/1500/1500
f 1504/1504/1504 1503/1503/1503 1502/1502/1502
f 1505/1505/1505 1504/1504/1504 1502/1502/1502
f 1502/1502/1502 1503/1503/1503 1506/1506/1506
f 1503/1503/1503 1507/1507/1507 1506/1506/1506
f 1510/1510/1510 1509/1509/1509 1508/1508/1508
f 1511/1511/1511 1510/1510/1510 1508/1508/1508
f 1514/1514/1514 1513/1513/1513 1512/1512/1512
f 1515/1515/1515 1514/1514/1514 1512/1512/1512
f 1515/1515/1515 1512/1512/1512 1516/1516/1516
f 1517/1517/1517 1515/1515/1515 1516/1516/1516
f 1520/1520/1520 1519/1519/1519 1518/1518/1518
f 1521/1521/1521 1520/1520/1520 1518/1518/1518
f 1524/1524/1524 1523/1523/1523 1522/1522/1522
f 1525/1525/1525 1524/1524/1524 1522/1522/1522
f 1524/1524/1524 1526/1526/1526 1523/1523/1523
f 1526/1526/1526 1527/1527/1527 1523/1523/1523
f 1530/1530/1530 1529/1529/1529 1528/1528/1528
f 1531/1531/1531 1530/1530/1530 1528/1528/1528
f 1530/1530/1530 1532/1532/1532 1529/1529/1529
f 1532/1532/1532 1533/1533/1533 1529/1529/1529
f 1536/1536/1536 1535/1535/1535 1534/1534/1534
f 1537/1537/1537 1536/1536/1536 1534/1534/1534
f 1536/1536/1536 1538/1538/1538 1535/1535/1535
f 1538/1538/1538 1539/1539/1539 1535/1535/1535
f 1542/1542/1542 1541/1541/1541 1540/1540/1540
f 1543/1543/1543 1542/1542/1542 1540/1540/1540
f 1542/1542/1542 1544/1544/1544 1541/1541/1541
f 1544/1544/1544 1545/1545/1545 1541/1541/1541
f 1548/1548/1548 1547/1547/1547 1546/1546/1546
f 1549/1549/1549 1548/1548/1548 1546/1546/1546
f 1552/1552/1552 1551/1551/1551 1550/1550/1550
f 1553/1553/1553 1552/1552/1552 1550/1550/1550
f 1556/1556/1556 1555/1555/1555 1554/1554/1554
f 1557/1557/1557 1556/1556/1556 1554/1554/1554
f 1560/1560/1560 1559/1559/1559 1558/1558/1558
f 1561/1561/1561 1559/1559/1559 1560/1560/1560
f 1562/1562/1562 1560/1560/1560 1558/1558/1558
f 1563/1563/1563 1560/1560/1560 1562/1562/1562
f 1564/1564/1564 1560/1560/1560 1563/1563/1563
f 1567/1567/1567 1566/1566/1566 1565/1565/1565
f 1568/1568/1568 1566/1566/1566 1567/1567/1567
f 1569/1569/1569 1566/1566/1566 1568/1568/1568
f 1570/1570/1570 1566/1566/1566 1569/1569/1569
f 1571/1571/1571 1566/1566/1566 1570/1570/1570
f 1574/1574/1574 1573/1573/1573 1572/1572/1572
f 1572/1572/1572 1573/1573/1573 1575/1575/1575
f 1576/1576/1576 1573/1573/1573 1574/1574/1574
f 1575/1575/1575 1573/1573/1573 1577/1577/1577
f 1577/1577/1577 1573/1573/1573 1578/1578/1578
f 1581/1581/1581 1580/1580/1580 1579/1579/1579
f 1582/1582/1582 1580/1580/1580 1581/1581/1581
f 1583/1583/1583 1580/1580/1580 1582/1582/1582
f 1584/1584/1584 1580/1580/1580 1583/1583/1583
f 1585/1585/1585 1580/1580/1580 1584/1584/1584
f 1588/1588/1588 1587/1587/1587 1586/1586/1586
f 1589/1589/1589 1588/1588/1588 1586/1586/1586
f 1586/1586/1586 1587/1587/1587 1590/1590/1590
f 1587/1587/1587 1591/1591/1591 1590/1590/1590
f 1590/1590/1590 1591/1591/1591 1592/1592/1592
f 1591/1591/1591 1593/1593/1593 1592/1592/1592
f 1592/1592/1592 1593/1593/1593 1594/1594/1594
f 1593/1593/1593 1595/1595/1595 1594/1594/1594
f 1594/1594/1594 1595/1595/1595 1596/1596/1596
f 1595/1595/1595 1597/1597/1597 1596/1596/1596
f 1600/1600/1600 1599/1599/1599 1598/1598/1598
f 1601/1601/1601 1600/1600/1600 1598/1598/1598
f 1598/1598/1598 1599/1599/1599 1602/1602/1602
f 1599/1599/1599 1603/1603/1603 1602/1602/1602
f 1602/1602/1602 1603/1603/1603 1604/1604/1604
f 1603/1603/1603 1605/1605/1605 1604/1604/1604
f 1604/1604/1604 1605/1605/1605 1606/1606/1606
f 1605/1605/1605 1607/1607/1607 1606/1606/1606
f 1608/1608/1608 1600/1600/1600 1601/1601/1601
f 1609/1609/1609 1608/1608/1608 1601/1601/1601
f 1612/1612/1612 1611/1611/1611 1610/1610/1610
f 1613/1613/1613 1612/1612/1612 1610/1610/1610
f 1614/1614/1614 1612/1612/1612 1613/1613/1613
f 1615/1615/1615 1614/1614/1614 1613/1613/1613
f 1616/1616/1616 1614/1614/1614 1615/1615/1615
f 1617/1617/1617 1616/1616/1616 1615/1615/1615
f 1618/1618/1618 1616/1616/1616 1617/1617/1617
f 1619/1619/1619 1618/1618/1618 1617/1617/1617
f 1610/1610/1610 1611/1611/1611 1620/1620/1620
f 1611/1611/1611 1621/1621/1621 1620/1620/1620
f 1624/1624/1624 1623/1623/1623 1622/1622/1622
f 1625/1625/1625 1624/1624/1624 1622/1622/1622
f 1622/1622/1622 1623/1623/1623 1626/1626/1626
f 1623/1623/1623 1627/1627/1627 1626/1626/1626
f 1628/1628/1628 1624/1624/1624 1625/1625/1625
f 1629/1629/1629 1628/1628/1628 1625/1625/1625
f 1630/1630/1630 1628/1628/1628 1629/1629/1629
f 1631/1631/1631 1630/1630/1630 1629/1629/1629
f 1632/1632/1632 1630/1630/1630 1631/1631/1631
f 1633/1633/1633 1632/1632/1632 1631/1631/1631
f 1636/1636/1636 1635/1635/1635 1634/1634/1634
f 1637/1637/1637 1636/1636/1636 1634/1634/1634
f 1638/1638/1638 1636/1636/1636 1637/1637/1637
f 1639/1639/1639 1638/1638/1638 1637/1637/1637
f 1640/1640/1640 1638/1638/1638 1639/1639/1639
f 1641/1641/1641 1640/1640/1640 1639/1639/1639
f 1634/1634/1634 1635/1635/1635 1642/1642/1642
f 1635/1635/1635 1643/1643/1643 1642/1642/1642
f 1642/1642/1642 1643/1643/1643 1644/1644/1644
f 1643/1643/1643 1645/1645/1645 1644/1644/1644
f 1644/1644/1644 1645/1645/1645 1646/1646/1646
f 1645/1645/1645 1647/1647/1647 1646/1646/1646
f 1646/1646/1646 1647/1647/1647 1648/1648/1648
f 1647/1647/1647 1649/1649/1649 1648/1648/1648
f 1650/1650/1650 1640/1640/1640 1641/1641/1641
f 1651/1651/1651 1650/1650/1650 1641/1641/1641
f 1652/1652/1652 1650/1650/1650 1651/1651/1651
f 1653/1653/1653 1652/1652/1652 1651/1651/1651
f 1648/1648/1648 1649/1649/1649 1654/1654/1654
f 1649/1649/1649 1655/1655/1655 1654/1654/1654
f 1654/1654/1654 1655/1655/1655 1656/1656/1656
f 1655/1655/1655 1657/1657/1657 1656/1656/1656
f 1656/1656/1656 1657/1657/1657 1658/1658/1658
f 1657/1657/1657 1659/1659/1659 1658/1658/1658
f 1658/1658/1658 1659/1659/1659 1660/1660/1660
f 1659/1659/1659 1661/1661/1661 1660/1660/1660
f 1660/1660/1660 1661/1661/1661 1662/1662/1662
f 1661/1661/1661 1663/1663/1663 1662/1662/1662
f 1662/1662/1662 1663/1663/1663 1664/1664/1664
f 1663/1663/1663 1665/1665/1665 1664/1664/1664
f 1664/1664/1664 1665/1665/1665 1666/1666/1666
f 1665/1665/1665 1667/1667/1667 1666/1666/1666
f 1666/1666/1666 1667/1667/1667 1668/1668/1668
f 1667/1667/1667 1669/1669/1669 1668/1668/1668
f 1668/1668/1668 1669/1669/1669 1670/1670/1670
f 1669/1669/1669 1671/1671/1671 1670/1670/1670
f 1670/1670/1670 1671/1671/1671 1672/1672/1672
f 1671/1671/1671 1673/1673/1673 1672/1672/1672
f 1672/1672/1672 1673/1673/1673 1674/1674/1674
f 1673/1673/1673 1675/1675/1675 1674/1674/1674
f 1678/1678/1678 1677/1677/1677 1676/1676/1676
f 1679/1679/1679 1678/1678/1678 1676/1676/1676
f 1680/1680/1680 1678/1678/1678 1679/1679/1679
f 1681/1681/1681 1680/1680/1680 1679/1679/1679
f 1682/1682/1682 1680/1680/1680 1681/1681/1681
f 1683/1683/1683 1682/1682/1682 1681/1681/1681
f 1684/1684/1684 1682/1682/1682 1683/1683/1683
f 1685/1685/1685 1684/1684/1684 1683/1683/1683
f 1686/1686/1686 1684/1684/1684 1685/1685/1685
f 1687/1687/1687 1686/1686/1686 1685/1685/1685
f 1690/1690/1690 1689/1689/1689 1688/1688/1688
f 1691/1691/1691 1690/1690/1690 1688/1688/1688
f 1692/1692/1692 1690/1690/1690 1691/1691/1691
f 1693/1693/1693 1692/1692/1692 1691/1691/1691
f 1694/1694/1694 1692/1692/1692 1693/1693/1693
f 1695/1695/1695 1694/1694/1694 1693/1693/1693
f 1696/1696/1696 1694/1694/1694 1695/1695/1695
f 1697/1697/1697 1696/1696/1696 1695/1695/1695
f 1688/1688/1688 1689/1689/1689 1698/1698/1698
f 1689/1689/1689 1699/1699/1699 1698/1698/1698
f 1702/1702/1702 1701/1701/1701 1700/1700/1700
f 1703/1703/1703 1702/1702/1702 1700/1700/1700
f 1700/1700/1700 1701/1701/1701 1704/1704/1704
f 1701/1701/1701 1705/1705/1705 1704/1704/1704
f 1704/1704/1704 1705/1705/1705 1706/1706/1706
f 1705/1705/1705 1707/1707/1707 1706/1706/1706
f 1706/1706/1706 1707/1707/1707 1708/1708/1708
f 1707/1707/1707 1709/1709/1709 1708/1708/1708
f 1710/1710/1710 1702/1702/1702 1703/1703/1703
f 1711/1711/1711 1710/1710/1710 1703/1703/1703
f 1714/1714/1714 1713/1713/1713 1712/1712/1712
f 1715/1715/1715 1714/1714/1714 1712/1712/1712
f 1716/1716/1716 1714/1714/1714 1715/1715/1715
f 1717/1717/1717 1716/1716/1716 1715/1715/1715
f 1712/1712/1712 1713/1713/1713 1718/1718/1718
f 1713/1713/1713 1719/1719/1719 1718/1718/1718
f 1718/1718/1718 1719/1719/1719 1720/1720/1720
f 1719/1719/1719 1721/1721/1721 1720/1720/1720
f 1720/1720/1720 1721/1721/1721 1722/1722/1722
f 1721/1721/1721 1723/1723/1723 1722/1722/1722
f 1726/1726/1726 1725/1725/1725 1724/1724/1724
f 1727/1727/1727 1726/1726/1726 1724/1724/1724
f 1726/1726/1726 1728/1728/1728 1725/1725/1725
f 1728/1728/1728 1729/1729/1729 1725/1725/1725
f 1728/1728/1728 1730/1730/1730 1729/1729/1729
f 1730/1730/1730 1731/1731/1731 1729/1729/1729
f 1727/1727/1727 1724/1724/1724 1732/1732/1732
f 1733/1733/1733 1727/1727/1727 1732/1732/1732
f 1733/1733/1733 1732/1732/1732 1734/1734/1734
f 1735/1735/1735 1733/1733/1733 1734/1734/1734
f 1735/1735/1735 1734/1734/1734 1736/1736/1736
f 1737/1737/1737 1735/1735/1735 1736/1736/1736
f 1737/1737/1737 1736/1736/1736 1738/1738/1738
f 1739/1739/1739 1737/1737/1737 1738/1738/1738
f 1730/1730/1730 1740/1740/1740 1731/1731/1731
f 1740/1740/1740 1741/1741/1741 1731/1731/1731
f 1740/1740/1740 1742/1742/1742 1741/1741/1741
f 1742/1742/1742 1743/1743/1743 1741/1741/1741
f 1739/1739/1739 1738/1738/1738 1744/1744/1744
f 1745/1745/1745 1739/1739/1739 1744/1744/1744
f 1745/1745/1745 1744/1744/1744 1746/1746/1746
f 1747/1747/1747 1745/1745/1745 1746/1746/1746
f 1747/1747/1747 1746/1746/1746 1748/1748/1748
f 1749/1749/1749 1747/1747/1747 1748/1748/1748
f 1749/1749/1749 1748/1748/1748 1750/1750/1750
f 1751/1751/1751 1749/1749/1749 1750/1750/1750
f 1751/1751/1751 1750/1750/1750 1752/1752/1752
f 1753/1753/1753 1751/1751/1751 1752/1752/1752
f 1753/1753/1753 1752/1752/1752 1754/1754/1754
f 1755/1755/1755 1753/1753/1753 1754/1754/1754
f 1755/1755/1755 1754/1754/1754 1756/1756/1756
f 1757/1757/1757 1755/1755/1755 1756/1756/1756
f 1757/1757/1757 1756/1756/1756 1758/1758/1758
f 1759/1759/1759 1757/1757/1757 1758/1758/1758
f 1759/1759/1759 1758/1758/1758 1760/1760/1760
f 1761/1761/1761 1759/1759/1759 1760/1760/1760
f 1761/1761/1761 1760/1760/1760 1762/1762/1762
f 1763/1763/1763 1761/1761/1761 1762/1762/1762
f 1763/1763/1763 1762/1762/1762 1764/1764/1764
f 1765/1765/1765 1763/1763/1763 1764/1764/1764
f 1768/1768/1768 1767/1767/1767 1766/1766/1766
f 1769/1769/1769 1768/1768/1768 1766/1766/1766
f 1772/1772/1772 1771/1771/1771 1770/1770/1770
f 1773/1773/1773 1772/1772/1772 1770/1770/1770
f 1776/1776/1776 1775/1775/1775 1774/1774/1774
f 1777/1777/1777 1776/1776/1776 1774/1774/1774
f 1774/1774/1774 1775/1775/1775 1778/1778/1778
f 1775/1775/1775 1779/1779/1779 1778/1778/1778
f 1782/1782/1782 1781/1781/1781 1780/1780/1780
f 1783/1783/1783 1782/1782/1782 1780/1780/1780
f 1780/1780/1780 1781/1781/1781 1784/1784/1784
f 1781/1781/1781 1785/1785/1785 1784/1784/1784
f 1784/1784/1784 1785/1785/1785 1786/1786/1786
f 1785/1785/1785 1787/1787/1787 1786/1786/1786
f 1790/1790/1790 1789/1789/1789 1788/1788/1788
f 1791/1791/1791 1790/1790/1790 1788/1788/1788
f 1794/1794/1794 1793/1793/1793 1792/1792/1792
f 1795/1795/1795 1794/1794/1794 1792/1792/1792
f 1798/1798/1798 1797/1797/1797 1796/1796/1796
f 1799/1799/1799 1798/1798/1798 1796/1796/1796
f 1802/1802/1802 1801/1801/1801 1800/1800/1800
f 1803/1803/1803 1802/1802/1802 1800/1800/1800
f 1800/1800/1800 1801/1801/1801 1804/1804/1804
f 1801/1801/1801 1805/1805/1805 1804/1804/1804
f 1808/1808/1808 1807/1807/1807 1806/1806/1806
f 1809/1809/1809 1808/1808/1808 1806/1806/1806
f 1807/1807/1807 1811/1811/1811 1810/1810/1810
f 1812/1812/1812 1807/1807/1807 1810/1810/1810
f 1815/1815/1815 1814/1814/1814 1813/1813/1813
f 1816/1816/1816 1815/1815/1815 1813/1813/1813
f 1814/1814/1814 1818/1818/1818 1817/1817/1817
f 1819/1819/1819 1814/1814/1814 1817/1817/1817
f 1822/1822/1822 1821/1821/1821 1820/1820/1820
f 1823/1823/1823 1822/1822/1822 1820/1820/1820
f 1821/1821/1821 1825/1825/1825 1824/1824/1824
f 1826/1826/1826 1821/1821/1821 1824/1824/1824
f 1829/1829/1829 1828/1828/1828 1827/1827/1827
f 1830/1830/1830 1829/1829/1829 1827/1827/1827
f 1828/1828/1828 1832/1832/1832 1831/1831/1831
f 1833/1833/1833 1828/1828/1828 1831/1831/1831
f 1836/1836/1836 1835/1835/1835 1834/1834/1834
f 1837/1837/1837 1836/1836/1836 1834/1834/1834
f 1834/1834/1834 1835/1835/1835 1838/1838/1838
f 1835/1835/1835 1839/1839/1839 1838/1838/1838
f 1842/1842/1842 1841/1841/1841 1840/1840/1840
f 1843/1843/1843 1842/1842/1842 1840/1840/1840
f 1840/1840/1840 1841/1841/1841 1844/1844/1844
f 1841/1841/1841 1845/1845/1845 1844/1844/1844
f 1848/1848/1848 1847/1847/1847 1846/1846/1846
f 1849/1849/1849 1848/1848/1848 1846/1846/1846
f 1846/1846/1846 1847/1847/1847 1850/1850/1850
f 1847/1847/1847 1851/1851/1851 1850/1850/1850
f 1854/1854/1854 1853/1853/1853 1852/1852/1852
f 1855/1855/1855 1854/1854/1854 1852/1852/1852
f 1852/1852/1852 1853/1853/1853 1856/1856/1856
f 1853/1853/1853 1857/1857/1857 1856/1856/1856
f 1860/1860/1860 1859/1859/1859 1858/1858/1858
f 1861/1861/1861 1860/1860/1860 1858/1858/1858
f 1859/1859/1859 1863/1863/1863 1862/1862/1862
f 1864/1864/1864 1859/1859/1859 1862/1862/1862
f 1867/1867/1867 1866/1866/1866 1865/1865/1865
f 1868/1868/1868 1867/1867/1867 1865/1865/1865
f 1866/1866/1866 1870/1870/1870 1869/1869/1869
f 1871/1871/1871 1866/1866/1866 1869/1869/1869
f 1874/1874/1874 1873/1873/1873 1872/1872/1872
f 1875/1875/1875 1874/1874/1874 1872/1872/1872
f 1873/1873/1873 1877/1877/1877 1876/1876/1876
f 1878/1878/1878 1873/1873/1873 1876/1876/1876
f 1881/1881/1881 1880/1880/1880 1879/1879/1879
f 1882/1882/1882 1881/1881/1881 1879/1879/1879
f 1880/1880/1880 1884/1884/1884 1883/1883/1883
f 1884/1884/1884 1885/1885/1885 1883/1883/1883
f 1888/1888/1888 1887/1887/1887 1886/1886/1886
f 1889/1889/1889 1888/1888/1888 1886/1886/1886
f 1886/1886/1886 1887/1887/1887 1890/1890/1890
f 1887/1887/1887 1891/1891/1891 1890/1890/1890
f 1894/1894/1894 1893/1893/1893 1892/1892/1892
f 1895/1895/1895 1894/1894/1894 1892/1892/1892
f 1892/1892/1892 1893/1893/1893 1896/1896/1896
f 1893/1893/1893 1897/1897/1897 1896/1896/1896
f 1900/1900/1900 1899/1899/1899 1898/1898/1898
f 1901/1901/1901 1900/1900/1900 1898/1898/1898
f 1898/1898/1898 1899/1899/1899 1902/1902/1902
f 1899/1899/1899 1903/1903/1903 1902/1902/1902
f 1906/1906/1906 1905/1905/1905 1904/1904/1904
f 1907/1907/1907 1906/1906/1906 1904/1904/1904
f 1904/1904/1904 1905/1905/1905 1908/1908/1908
f 1905/1905/1905 1909/1909/1909 1908/1908/1908
f 1912/1912/1912 1911/1911/1911 1910/1910/1910
f 1913/1913/1913 1912/1912/1912 1910/1910/1910
f 1912/1912/1912 1914/1914/1914 1911/1911/1911
f 1914/1914/1914 1915/1915/1915 1911/1911/1911
f 1918/1918/1918 1917/1917/1917 1916/1916/1916
f 1919/1919/1919 1918/1918/1918 1916/1916/1916
f 1919/1919/1919 1916/1916/1916 1920/1920/1920
f 1921/1921/1921 1919/1919/1919 1920/1920/1920
f 1924/1924/1924 1923/1923/1923 1922/1922/1922
f 1925/1925/1925 1924/1924/1924 1922/1922/1922
f 1924/1924/1924 1926/1926/1926 1923/1923/1923
f 1926/1926/1926 1927/1927/1927 1923/1923/1923
f 1930/1930/1930 1929/1929/1929 1928/1928/1928
f 1931/1931/1931 1930/1930/1930 1928/1928/1928
f 1930/1930/1930 1932/1932/1932 1929/1929/1929
f 1932/1932/1932 1933/1933/1933 1929/1929/1929
f 1936/1936/1936 1935/1935/1935 1934/1934/1934
f 1937/1937/1937 1936/1936/1936 1934/1934/1934
f 1940/1940/1940 1939/1939/1939 1938/1938/1938
f 1941/1941/1941 1940/1940/1940 1938/1938/1938
f 1944/1944/1944 1943/1943/1943 1942/1942/1942
f 1945/1945/1945 1944/1944/1944 1942/1942/1942
f 1944/1944/1944 1946/1946/1946 1943/1943/1943
f 1946/1946/1946 1947/1947/1947 1943/1943/1943
f 1950/1950/1950 1949/1949/1949 1948/1948/1948
f 1951/1951/1951 1949/1949/1949 1950/1950/1950
f 1952/1952/1952 1950/1950/1950 1948/1948/1948
f 1953/1953/1953 1950/1950/1950 1952/1952/1952
f 1954/1954/1954 1950/1950/1950 1953/1953/1953
f 1957/1957/1957 1956/1956/1956 1955/1955/1955
f 1958/1958/1958 1956/1956/1956 1957/1957/1957
f 1959/1959/1959 1956/1956/1956 1958/1958/1958
f 1960/1960/1960 1956/1956/1956 1959/1959/1959
f 1961/1961/1961 1956/1956/1956 1960/1960/1960
f 1964/1964/1964 1963/1963/1963 1962/1962/1962
f 1962/1962/1962 1963/1963/1963 1965/1965/1965
f 1966/1966/1966 1963/1963/1963 1964/1964/1964
f 1965/1965/1965 1963/1963/1963 1967/1967/1967
f 1967/1967/1967 1963/1963/1963 1968/1968/1968
f 1971/1971/1971 1970/1970/1970 1969/1969/1969
f 1972/1972/1972 1970/1970/1970 1971/1971/1971
f 1973/1973/1973 1970/1970/1970 1972/1972/1972
f 1974/1974/1974 1970/1970/1970 1973/1973/1973
f 1975/1975/1975 1970/1970/1970 1974/1974/1974
f 1978/1978/1978 1977/1977/1977 1976/1976/1976
f 1979/1979/1979 1978/1978/1978 1976/1976/1976
f 1976/1976/1976 1977/1977/1977 1980/1980/1980
f 1977/1977/1977 1981/1981/1981 1980/1980/1980
f 1980/1980/1980 1981/1981/1981 1982/1982/1982
f 1981/1981/1981 1983/1983/1983 1982/1982/1982
f 1982/1982/1982 1983/1983/1983 1984/1984/1984
f 1983/1983/1983 1985/1985/1985 1984/1984/1984
f 1984/1984/1984 1985/1985/1985 1986/1986/1986
f 1985/1985/1985 1987/1987/1987 1986/1986/1986
f 1990/1990/1990 1989/1989/1989 1988/1988/1988
f 1991/1991/1991 1990/1990/1990 1988/1988/1988
f 1988/1988/1988 1989/1989/1989 1992/1992/1992
f 1989/1989/1989 1993/1993/1993 1992/1992/1992
f 1994/1994/1994 1990/1990/1990 1991/1991/1991
f 1995/1995/1995 1994/1994/1994 1991/1991/1991
f 1998/1998/1998 1997/1997/1997 1996/1996/1996
f 1999/1999/1999 1998/1998/1998 1996/1996/1996
f 2000/2000/2000 1998/1998/1998 1999/1999/1999
f 2001/2001/2001 2000/2000/2000 1999/1999/1999
f 2002/2002/2002 2000/2000/2000 2001/2001/2001
f 2003/2003/2003 2002/2002/2002 2001/2001/2001
f 2004/2004/2004 2002/2002/2002 2003/2003/2003
f 2005/2005/2005 2004/2004/2004 2003/2003/2003
f 1996/1996/1996 1997/1997/1997 2006/2006/2006
f 1997/1997/1997 2007/2007/2007 2006/2006/2006
f 2010/2010/2010 2009/2009/2009 2008/2008/2008
f 2011/2011/2011 2010/2010/2010 2008/2008/2008
f 2008/2008/2008 2009/2009/2009 2012/2012/2012
f 2009/2009/2009 2013/2013/2013 2012/2012/2012
f 2014/2014/2014 2010/2010/2010 2011/2011/2011
f 2015/2015/2015 2014/2014/2014 2011/2011/2011
f 2016/2016/2016 2014/2014/2014 2015/2015/2015
f 2017/2017/2017 2016/2016/2016 2015/2015/2015
f 2018/2018/2018 2016/2016/2016 2017/2017/2017
f 2019/2019/2019 2018/2018/2018 2017/2017/2017
f 2022/2022/2022 2021/2021/2021 2020/2020/2020
f 2023/2023/2023 2022/2022/2022 2020/2020/2020
f 2024/2024/2024 2022/2022/2022 2023/2023/2023
f 2025/2025/2025 2024/2024/2024 2023/2023/2023
f 2028/2028/2028 2027/2027/2027 2026/2026/2026
f 2029/2029/2029 2028/2028/2028 2026/2026/2026
f 2030/2030/2030 2028/2028/2028 2029/2029/2029
f 2031/2031/2031 2030/2030/2030 2029/2029/2029
f 2032/2032/2032 2030/2030/2030 2031/2031/2031
f 2033/2033/2033 2032/2032/2032 2031/2031/2031
f 2026/2026/2026 2027/2027/2027 2034/2034/2034
f 2027/2027/2027 2035/2035/2035 2034/2034/2034
f 2034/2034/2034 2035/2035/2035 2036/2036/2036
f 2035/2035/2035 2037/2037/2037 2036/2036/2036
f 2038/2038/2038 2032/2032/2032 2033/2033/2033
f 2039/2039/2039 2038/2038/2038 2033/2033/2033
f 2040/2040/2040 2038/2038/2038 2039/2039/2039
f 2041/2041/2041 2040/2040/2040 2039/2039/2039
f 2042/2042/2042 2040/2040/2040 2041/2041/2041
f 2043/2043/2043 2042/2042/2042 2041/2041/2041
f 2044/2044/2044 2042/2042/2042 2043/2043/2043
f 2045/2045/2045 2044/2044/2044 2043/2043/2043
f 2046/2046/2046 2044/2044/2044 2045/2045/2045
f 2047/2047/2047 2046/2046/2046 2045/2045/2045
f 2048/2048/2048 2046/2046/2046 2047/2047/2047
f 2049/2049/2049 2048/2048/2048 2047/2047/2047
f 2050/2050/2050 2048/2048/2048 2049/2049/2049
f 2051/2051/2051 2050/2050/2050 2049/2049/2049
f 2052/2052/2052 2050/2050/2050 2051/2051/2051
f 2053/2053/2053 2052/2052/2052 2051/2051/2051
f 2054/2054/2054 2052/2052/2052 2053/2053/2053
f 2055/2055/2055 2054/2054/2054 2053/2053/2053
f 2056/2056/2056 2054/2054/2054 2055/2055/2055
f 2057/2057/2057 2056/2056/2056 2055/2055/2055
f 2058/2058/2058 2056/2056/2056 2057/2057/2057
f 2059/2059/2059 2058/2058/2058 2057/2057/2057
f 2060/2060/2060 2058/2058/2058 2059/2059/2059
f 2061/2061/2061 2060/2060/2060 2059/2059/2059
f 2062/2062/2062 2060/2060/2060 2061/2061/2061
f 2063/2063/2063 2062/2062/2062 2061/2061/2061
f 2064/2064/2064 2062/2062/2062 2063/2063/2063
f 2065/2065/2065 2064/2064/2064 2063/2063/2063
f 2066/2066/2066 2064/2064/2064 2065/2065/2065
f 2067/2067/2067 2066/2066/2066 2065/2065/2065
f 2070/2070/2070 2069/2069/2069 2068/2068/2068
f 2071/2071/2071 2070/2070/2070 2068/2068/2068
f 2072/2072/2072 2070/2070/2070 2071/2071/2071
f 2073/2073/2073 2072/2072/2072 2071/2071/2071
f 2074/2074/2074 2072/2072/2072 2073/2073/2073
f 2075/2075/2075 2074/2074/2074 2073/2073/2073
f 2076/2076/2076 2074/2074/2074 2075/2075/2075
f 2077/2077/2077 2076/2076/2076 2075/2075/2075
f 2078/2078/2078 2076/2076/2076 2077/2077/2077
f 2079/2079/2079 2078/2078/2078 2077/2077/2077
f 2082/2082/2082 2081/2081/2081 2080/2080/2080
f 2083/2083/2083 2082/2082/2082 2080/2080/2080
f 2084/2084/2084 2082/2082/2082 2083/2083/2083
f 2085/2085/2085 2084/2084/2084 2083/2083/2083
f 2080/2080/2080 2081/2081/2081 2086/2086/2086
f 2081/2081/2081 2087/2087/2087 2086/2086/2086
f 2090/2090/2090 2089/2089/2089 2088/2088/2088
f 2091/2091/2091 2090/2090/2090 2088/2088/2088
f 2088/2088/2088 2089/2089/2089 2092/2092/2092
f 2089/2089/2089 2093/2093/2093 2092/2092/2092
f 2092/2092/2092 2093/2093/2093 2094/2094/2094
f 2093/2093/2093 2095/2095/2095 2094/2094/2094
f 2094/2094/2094 2095/2095/2095 2096/2096/2096
f 2095/2095/2095 2097/2097/2097 2096/2096/2096
f 2098/2098/2098 2090/2090/2090 2091/2091/2091
f 2099/2099/2099 2098/2098/2098 2091/2091/2091
f 2102/2102/2102 2101/2101/2101 2100/2100/2100
f 2103/2103/2103 2102/2102/2102 2100/2100/2100
f 2104/2104/2104 2102/2102/2102 2103/2103/2103
f 2105/2105/2105 2104/2104/2104 2103/2103/2103
f 2100/2100/2100 2101/2101/2101 2106/2106/2106
f 2101/2101/2101 2107/2107/2107 2106/2106/2106
f 2106/2106/2106 2107/2107/2107 2108/2108/2108
f 2107/2107/2107 2109/2109/2109 2108/2108/2108
f 2108/2108/2108 2109/2109/2109 2110/2110/2110
f 2109/2109/2109 2111/2111/2111 2110/2110/2110
f 2114/2114/2114 2113/2113/2113 2112/2112/2112
f 2115/2115/2115 2114/2114/2114 2112/2112/2112
f 2112/2112/2112 2113/2113/2113 2116/2116/2116
f 2113/2113/2113 2117/2117/2117 2116/2116/2116
f 2120/2120/2120 2119/2119/2119 2118/2118/2118
f 2121/2121/2121 2120/2120/2120 2118/2118/2118
f 2120/2120/2120 2122/2122/2122 2119/2119/2119
f 2122/2122/2122 2123/2123/2123 2119/2119/2119
f 2122/2122/2122 2124/2124/2124 2123/2123/2123
f 2124/2124/2124 2125/2125/2125 2123/2123/2123
f 2121/2121/2121 2118/2118/2118 2126/2126/2126
f 2127/2127/2127 2121/2121/2121 2126/2126/2126
f 2127/2127/2127 2126/2126/2126 2128/2128/2128
f 2129/2129/2129 2127/2127/2127 2128/2128/2128
f 2124/2124/2124 2130/2130/2130 2125/2125/2125
f 2130/2130/2130 2131/2131/2131 2125/2125/2125
f 2130/2130/2130 2132/2132/2132 2131/2131/2131
f 2132/2132/2132 2133/2133/2133 2131/2131/2131
f 2132/2132/2132 2134/2134/2134 2133/2133/2133
f 2134/2134/2134 2135/2135/2135 2133/2133/2133
f 2134/2134/2134 2136/2136/2136 2135/2135/2135
f 2136/2136/2136 2137/2137/2137 2135/2135/2135
f 2136/2136/2136 2138/2138/2138 2137/2137/2137
f 2138/2138/2138 2139/2139/2139 2137/2137/2137
f 2138/2138/2138 2140/2140/2140 2139/2139/2139
f 2140/2140/2140 2141/2141/2141 2139/2139/2139
f 2140/2140/2140 2142/2142/2142 2141/2141/2141
f 2142/2142/2142 2143/2143/2143 2141/2141/2141
f 2142/2142/2142 2144/2144/2144 2143/2143/2143
f 2144/2144/2144 2145/2145/2145 2143/2143/2143
f 2144/2144/2144 2146/2146/2146 2145/2145/2145
f 2146/2146/2146 2147/2147/2147 2145/2145/2145
f 2146/2146/2146 2148/2148/2148 2147/2147/2147
f 2148/2148/2148 2149/2149/2149 2147/2147/2147
f 2148/2148/2148 2150/2150/2150 2149/2149/2149
f 2150/2150/2150 2151/2151/2151 2149/2149/2149
f 2150/2150/2150 2152/2152/2152 2151/2151/2151
f 2152/2152/2152 2153/2153/2153 2151/2151/2151
f 2152/2152/2152 2154/2154/2154 2153/2153/2153
f 2154/2154/2154 2155/2155/2155 2153/2153/2153
f 2154/2154/2154 2156/2156/2156 2155/2155/2155
f 2156/2156/2156 2157/2157/2157 2155/2155/2155
f 2156/2156/2156 2158/2158/2158 2157/2157/2157
f 2158/2158/2158 2159/2159/2159 2157/2157/2157
f 2162/2162/2162 2161/2161/2161 2160/2160/2160
f 2163/2163/2163 2162/2162/2162 2160/2160/2160
f 2160/2160/2160 2161/2161/2161 2164/2164/2164
f 2161/2161/2161 2165/2165/2165 2164/2164/2164
f 2168/2168/2168 2167/2167/2167 2166/2166/2166
f 2169/2169/2169 2168/2168/2168 2166/2166/2166
f 2172/2172/2172 2171/2171/2171 2170/2170/2170
f 2173/2173/2173 2172/2172/2172 2170/2170/2170
f 2176/2176/2176 2175/2175/2175 2174/2174/2174
f 2177/2177/2177 2176/2176/2176 2174/2174/2174
f 2180/2180/2180 2179/2179/2179 2178/2178/2178
f 2181/2181/2181 2180/2180/2180 2178/2178/2178
f 2178/2178/2178 2179/2179/2179 2182/2182/2182
f 2179/2179/2179 2183/2183/2183 2182/2182/2182
f 2182/2182/2182 2183/2183/2183 2184/2184/2184
f 2183/2183/2183 2185/2185/2185 2184/2184/2184
f 2188/2188/2188 2187/2187/2187 2186/2186/2186
f 2189/2189/2189 2188/2188/2188 2186/2186/2186
f 2192/2192/2192 2191/2191/2191 2190/2190/2190
f 2193/2193/2193 2192/2192/2192 2190/2190/2190
f 2196/2196/2196 2195/2195/2195 2194/2194/2194
f 2197/2197/2197 2196/2196/2196 2194/2194/2194
f 2194/2194/2194 2195/2195/2195 2198/2198/2198
f 2195/2195/2195 2199/2199/2199 2198/2198/2198
f 2202/2202/2202 2201/2201/2201 2200/2200/2200
f 2203/2203/2203 2202/2202/2202 2200/2200/2200
f 2206/2206/2206 2205/2205/2205 2204/2204/2204
f 2207/2207/2207 2206/2206/2206 2204/2204/2204
f 2210/2210/2210 2209/2209/2209 2208/2208/2208
f 2211/2211/2211 2210/2210/2210 2208/2208/2208
f 2214/2214/2214 2213/2213/2213 2212/2212/2212
f 2215/2215/2215 2214/2214/2214 2212/2212/2212
f 2218/2218/2218 2217/2217/2217 2216/2216/2216
f 2219/2219/2219 2218/2218/2218 2216/2216/2216
f 2222/2222/2222 2221/2221/2221 2220/2220/2220
f 2223/2223/2223 2222/2222/2222 2220/2220/2220
f 2226/2226/2226 2225/2225/2225 2224/2224/2224
f 2227/2227/2227 2226/2226/2226 2224/2224/2224
f 2230/2230/2230 2229/2229/2229 2228/2228/2228
f 2231/2231/2231 2230/2230/2230 2228/2228/2228
f 2234/2234/2234 2233/2233/2233 2232/2232/2232
f 2235/2235/2235 2234/2234/2234 2232/2232/2232
f 2238/2238/2238 2237/2237/2237 2236/2236/2236
f 2239/2239/2239 2238/2238/2238 2236/2236/2236
f 2242/2242/2242 2241/2241/2241 2240/2240/2240
f 2243/2243/2243 2242/2242/2242 2240/2240/2240
f 2246/2246/2246 2245/2245/2245 2244/2244/2244
f 2247/2247/2247 2246/2246/2246 2244/2244/2244
f 2250/2250/2250 2249/2249/2249 2248/2248/2248
f 2251/2251/2251 2250/2250/2250 2248/2248/2248
f 2254/2254/2254 2253/2253/2253 2252/2252/2252
f 2255/2255/2255 2254/2254/2254 2252/2252/2252
f 2258/2258/2258 2257/2257/2257 2256/2256/2256
f 2259/2259/2259 2258/2258/2258 2256/2256/2256
f 2262/2262/2262 2261/2261/2261 2260/2260/2260
f 2263/2263/2263 2262/2262/2262 2260/2260/2260
f 2266/2266/2266 2265/2265/2265 2264/2264/2264
f 2267/2267/2267 2266/2266/2266 2264/2264/2264
f 2270/2270/2270 2269/2269/2269 2268/2268/2268
f 2271/2271/2271 2270/2270/2270 2268/2268/2268
f 2274/2274/2274 2273/2273/2273 2272/2272/2272
f 2275/2275/2275 2274/2274/2274 2272/2272/2272
f 2278/2278/2278 2277/2277/2277 2276/2276/2276
f 2279/2279/2279 2278/2278/2278 2276/2276/2276
f 2282/2282/2282 2281/2281/2281 2280/2280/2280
f 2281/2281/2281 2282/2282/2282 2283/2283/2283
f 2284/2284/2284 2283/2283/2283 2282/2282/2282
f 2285/2285/2285 2284/2284/2284 2282/2282/2282
f 2286/2286/2286 2281/2281/2281 2283/2283/2283
f 2287/2287/2287 2286/2286/2286 2283/2283/2283
f 2284/2284/2284 2285/2285/2285 2288/2288/2288
f 2285/2285/2285 2289/2289/2289 2288/2288/2288
f 2290/2290/2290 2289/2289/2289 2285/2285/2285
f 2291/2291/2291 2284/2284/2284 2288/2288/2288
f 2294/2294/2294 2293/2293/2293 2292/2292/2292
f 2295/2295/2295 2293/2293/2293 2294/2294/2294
f 2296/2296/2296 2295/2295/2295 2294/2294/2294
f 2294/2294/2294 2297/2297/2297 2296/2296/2296
f 2297/2297/2297 2298/2298/2298 2296/2296/2296
f 2299/2299/2299 2295/2295/2295 2296/2296/2296
f 2298/2298/2298 2297/2297/2297 2300/2300/2300
f 2297/2297/2297 2301/2301/2301 2300/2300/2300
f 2302/2302/2302 2298/2298/2298 2300/2300/2300
f 2303/2303/2303 2301/2301/2301 2297/2297/2297
f 2306/2306/2306 2305/2305/2305 2304/2304/2304
f 2307/2307/2307 2306/2306/2306 2304/2304/2304
f 2310/2310/2310 2309/2309/2309 2308/2308/2308
f 2311/2311/2311 2310/2310/2310 2308/2308/2308
f 2314/2314/2314 2313/2313/2313 2312/2312/2312
f 2315/2315/2315 2314/2314/2314 2312/2312/2312
f 2318/2318/2318 2317/2317/2317 2316/2316/2316
f 2319/2319/2319 2318/2318/2318 2316/2316/2316
f 2318/2318/2318 2320/2320/2320 2317/2317/2317
f 2320/2320/2320 2321/2321/2321 2317/2317/2317
f 2324/2324/2324 2323/2323/2323 2322/2322/2322
f 2325/2325/2325 2324/2324/2324 2322/2322/2322
f 2324/2324/2324 2326/2326/2326 2323/2323/2323
f 2326/2326/2326 2327/2327/2327 2323/2323/2323
f 2330/2330/2330 2329/2329/2329 2328/2328/2328
f 2331/2331/2331 2330/2330/2330 2328/2328/2328
f 2334/2334/2334 2333/2333/2333 2332/2332/2332
f 2335/2335/2335 2334/2334/2334 2332/2332/2332
f 2338/2338/2338 2337/2337/2337 2336/2336/2336
f 2339/2339/2339 2338/2338/2338 2336/2336/2336
f 2342/2342/2342 2341/2341/2341 2340/2340/2340
f 2343/2343/2343 2342/2342/2342 2340/2340/2340
f 2346/2346/2346 2345/2345/2345 2344/2344/2344
f 2347/2347/2347 2346/2346/2346 2344/2344/2344
f 2350/2350/2350 2349/2349/2349 2348/2348/2348
f 2351/2351/2351 2350/2350/2350 2348/2348/2348
f 2354/2354/2354 2353/2353/2353 2352/2352/2352
f 2355/2355/2355 2354/2354/2354 2352/2352/2352
f 2358/2358/2358 2357/2357/2357 2356/2356/2356
f 2359/2359/2359 2358/2358/2358 2356/2356/2356
f 2362/2362/2362 2361/2361/2361 2360/2360/2360
f 2363/2363/2363 2362/2362/2362 2360/2360/2360
f 2362/2362/2362 2364/2364/2364 2361/2361/2361
f 2364/2364/2364 2365/2365/2365 2361/2361/2361
f 2368/2368/2368 2367/2367/2367 2366/2366/2366
f 2369/2369/2369 2368/2368/2368 2366/2366/2366
f 2372/2372/2372 2371/2371/2371 2370/2370/2370
f 2373/2373/2373 2372/2372/2372 2370/2370/2370
f 2376/2376/2376 2375/2375/2375 2374/2374/2374
f 2377/2377/2377 2376/2376/2376 2374/2374/2374
f 2380/2380/2380 2379/2379/2379 2378/2378/2378
f 2378/2378/2378 2379/2379/2379 2381/2381/2381
f 2379/2379/2379 2382/2382/2382 2381/2381/2381
f 2385/2385/2385 2384/2384/2384 2383/2383/2383
f 2386/2386/2386 2385/2385/2385 2383/2383/2383
f 2389/2389/2389 2388/2388/2388 2387/2387/2387
f 2389/2389/2389 2387/2387/2387 2390/2390/2390
f 2391/2391/2391 2389/2389/2389 2390/2390/2390
f 2394/2394/2394 2393/2393/2393 2392/2392/2392
f 2395/2395/2395 2394/2394/2394 2392/2392/2392
f 2398/2398/2398 2397/2397/2397 2396/2396/2396
f 2399/2399/2399 2398/2398/2398 2396/2396/2396
f 2402/2402/2402 2401/2401/2401 2400/2400/2400
f 2403/2403/2403 2402/2402/2402 2400/2400/2400
f 2406/2406/2406 2405/2405/2405 2404/2404/2404
f 2404/2404/2404 2407/2407/2407 2406/2406/2406
f 2407/2407/2407 2408/2408/2408 2406/2406/2406
f 2411/2411/2411 2410/2410/2410 2409/2409/2409
f 2412/2412/2412 2411/2411/2411 2409/2409/2409
f 2415/2415/2415 2414/2414/2414 2413/2413/2413
f 2416/2416/2416 2413/2413/2413 2414/2414/2414
f 2417/2417/2417 2416/2416/2416 2414/2414/2414
f 2420/2420/2420 2419/2419/2419 2418/2418/2418
f 2421/2421/2421 2420/2420/2420 2418/2418/2418
f 2424/2424/2424 2423/2423/2423 2422/2422/2422
f 2425/2425/2425 2424/2424/2424 2422/2422/2422
f 2428/2428/2428 2427/2427/2427 2426/2426/2426
f 2426/2426/2426 2427/2427/2427 2429/2429/2429
f 2427/2427/2427 2430/2430/2430 2429/2429/2429
f 2430/2430/2430 2431/2431/2431 2429/2429/2429
f 2434/2434/2434 2433/2433/2433 2432/2432/2432
f 2432/2432/2432 2433/2433/2433 2435/2435/2435
f 2436/2436/2436 2432/2432/2432 2435/2435/2435
f 2437/2437/2437 2436/2436/2436 2435/2435/2435
f 2440/2440/2440 2439/2439/2439 2438/2438/2438
f 2441/2441/2441 2440/2440/2440 2438/2438/2438
f 2444/2444/2444 2443/2443/2443 2442/2442/2442
f 2445/2445/2445 2444/2444/2444 2442/2442/2442
f 2448/2448/2448 2447/2447/2447 2446/2446/2446
f 2449/2449/2449 2448/2448/2448 2446/2446/2446
f 2452/2452/2452 2451/2451/2451 2450/2450/2450
f 2453/2453/2453 2452/2452/2452 2450/2450/2450
f 2452/2452/2452 2454/2454/2454 2451/2451/2451
f 2454/2454/2454 2455/2455/2455 2451/2451/2451
f 2454/2454/2454 2456/2456/2456 2455/2455/2455
f 2456/2456/2456 2457/2457/2457 2455/2455/2455
f 2460/2460/2460 2459/2459/2459 2458/2458/2458
f 2461/2461/2461 2460/2460/2460 2458/2458/2458
f 2460/2460/2460 2462/2462/2462 2459/2459/2459
f 2462/2462/2462 2463/2463/2463 2459/2459/2459
f 2461/2461/2461 2458/2458/2458 2464/2464/2464
f 2465/2465/2465 2461/2461/2461 2464/2464/2464
f 2468/2468/2468 2467/2467/2467 2466/2466/2466
f 2469/2469/2469 2468/2468/2468 2466/2466/2466
f 2472/2472/2472 2471/2471/2471 2470/2470/2470
f 2473/2473/2473 2472/2472/2472 2470/2470/2470
f 2476/2476/2476 2475/2475/2475 2474/2474/2474
f 2477/2477/2477 2476/2476/2476 2474/2474/2474
f 2480/2480/2480 2479/2479/2479 2478/2478/2478
f 2481/2481/2481 2480/2480/2480 2478/2478/2478
f 2484/2484/2484 2483/2483/2483 2482/2482/2482
f 2485/2485/2485 2484/2484/2484 2482/2482/2482
f 2488/2488/2488 2487/2487/2487 2486/2486/2486
f 2489/2489/2489 2488/2488/2488 2486/2486/2486
f 2490/2490/2490 2488/2488/2488 2489/2489/2489
f 2491/2491/2491 2490/2490/2490 2489/2489/2489
f 2492/2492/2492 2490/2490/2490 2491/2491/2491
f 2493/2493/2493 2492/2492/2492 2491/2491/2491
f 2496/2496/2496 2495/2495/2495 2494/2494/2494
f 2497/2497/2497 2496/2496/2496 2494/2494/2494
f 2498/2498/2498 2496/2496/2496 2497/2497/2497
f 2499/2499/2499 2498/2498/2498 2497/2497/2497
f 2494/2494/2494 2495/2495/2495 2500/2500/2500
f 2495/2495/2495 2501/2501/2501 2500/2500/2500
f 2504/2504/2504 2503/2503/2503 2502/2502/2502
f 2505/2505/2505 2504/2504/2504 2502/2502/2502
f 2508/2508/2508 2507/2507/2507 2506/2506/2506
f 2509/2509/2509 2508/2508/2508 2506/2506/2506
f 2512/2512/2512 2511/2511/2511 2510/2510/2510
f 2513/2513/2513 2512/2512/2512 2510/2510/2510
f 2516/2516/2516 2515/2515/2515 2514/2514/2514
f 2517/2517/2517 2516/2516/2516 2514/2514/2514
f 2520/2520/2520 2519/2519/2519 2518/2518/2518
f 2521/2521/2521 2520/2520/2520 2518/2518/2518
f 2524/2524/2524 2523/2523/2523 2522/2522/2522
f 2525/2525/2525 2524/2524/2524 2522/2522/2522
f 2528/2528/2528 2527/2527/2527 2526/2526/2526
f 2529/2529/2529 2528/2528/2528 2526/2526/2526
f 2528/2528/2528 2530/2530/2530 2527/2527/2527
f 2530/2530/2530 2531/2531/2531 2527/2527/2527
f 2530/2530/2530 2532/2532/2532 2531/2531/2531
f 2532/2532/2532 2533/2533/2533 2531/2531/2531
f 2536/2536/2536 2535/2535/2535 2534/2534/2534
f 2537/2537/2537 2536/2536/2536 2534/2534/2534
f 2536/2536/2536 2538/2538/2538 2535/2535/2535
f 2538/2538/2538 2539/2539/2539 2535/2535/2535
f 2537/2537/2537 2534/2534/2534 2540/2540/2540
f 2541/2541/2541 2537/2537/2537 2540/2540/2540
f 2544/2544/2544 2543/2543/2543 2542/2542/2542
f 2545/2545/2545 2544/2544/2544 2542/2542/2542
f 2548/2548/2548 2547/2547/2547 2546/2546/2546
f 2549/2549/2549 2548/2548/2548 2546/2546/2546
f 2552/2552/2552 2551/2551/2551 2550/2550/2550
f 2553/2553/2553 2552/2552/2552 2550/2550/2550
f 2556/2556/2556 2555/2555/2555 2554/2554/2554
f 2557/2557/2557 2556/2556/2556 2554/2554/2554
f 2560/2560/2560 2559/2559/2559 2558/2558/2558
f 2561/2561/2561 2560/2560/2560 2558/2558/2558
f 2564/2564/2564 2563/2563/2563 2562/2562/2562
f 2565/2565/2565 2564/2564/2564 2562/2562/2562
f 2566/2566/2566 2564/2564/2564 2565/2565/2565
f 2567/2567/2567 2566/2566/2566 2565/2565/2565
f 2568/2568/2568 2566/2566/2566 2567/2567/2567
f 2569/2569/2569 2568/2568/2568 2567/2567/2567
f 2572/2572/2572 2571/2571/2571 2570/2570/2570
f 2573/2573/2573 2572/2572/2572 2570/2570/2570
f 2574/2574/2574 2572/2572/2572 2573/2573/2573
f 2575/2575/2575 2574/2574/2574 2573/2573/2573
f 2571/2571/2571 2576/2576/2576 2570/2570/2570
f 2576/2576/2576 2577/2577/2577 2570/2570/2570
f 2580/2580/2580 2579/2579/2579 2578/2578/2578
f 2581/2581/2581 2580/2580/2580 2578/2578/2578
f 2584/2584/2584 2583/2583/2583 2582/2582/2582
f 2585/2585/2585 2584/2584/2584 2582/2582/2582
f 2588/2588/2588 2587/2587/2587 2586/2586/2586
f 2589/2589/2589 2588/2588/2588 2586/2586/2586
f 2592/2592/2592 2591/2591/2591 2590/2590/2590
f 2593/2593/2593 2592/2592/2592 2590/2590/2590
f 2596/2596/2596 2595/2595/2595 2594/2594/2594
f 2597/2597/2597 2596/2596/2596 2594/2594/2594
f 2600/2600/2600 2599/2599/2599 2598/2598/2598
f 2601/2601/2601 2600/2600/2600 2598/2598/2598
f 2604/2604/2604 2603/2603/2603 2602/2602/2602
f 2605/2605/2605 2604/2604/2604 2602/2602/2602
f 2608/2608/2608 2607/2607/2607 2606/2606/2606
f 2609/2609/2609 2608/2608/2608 2606/2606/2606
f 2612/2612/2612 2611/2611/2611 2610/2610/2610
f 2613/2613/2613 2612/2612/2612 2610/2610/2610
f 2616/2616/2616 2615/2615/2615 2614/2614/2614
f 2617/2617/2617 2616/2616/2616 2614/2614/2614
f 2618/2618/2618 2616/2616/2616 2617/2617/2617
f 2619/2619/2619 2618/2618/2618 2617/2617/2617
f 2622/2622/2622 2621/2621/2621 2620/2620/2620
f 2623/2623/2623 2622/2622/2622 2620/2620/2620
f 2624/2624/2624 2622/2622/2622 2623/2623/2623
f 2625/2625/2625 2624/2624/2624 2623/2623/2623
f 2628/2628/2628 2627/2627/2627 2626/2626/2626
f 2629/2629/2629 2628/2628/2628 2626/2626/2626
f 2632/2632/2632 2631/2631/2631 2630/2630/2630
f 2633/2633/2633 2632/2632/2632 2630/2630/2630
f 2636/2636/2636 2635/2635/2635 2634/2634/2634
f 2637/2637/2637 2636/2636/2636 2634/2634/2634
f 2640/2640/2640 2639/2639/2639 2638/2638/2638
f 2641/2641/2641 2640/2640/2640 2638/2638/2638
f 2644/2644/2644 2643/2643/2643 2642/2642/2642
f 2645/2645/2645 2644/2644/2644 2642/2642/2642
f 2646/2646/2646 2644/2644/2644 2645/2645/2645
f 2647/2647/2647 2646/2646/2646 2645/2645/2645
f 2650/2650/2650 2649/2649/2649 2648/2648/2648
f 2651/2651/2651 2650/2650/2650 2648/2648/2648
f 2654/2654/2654 2653/2653/2653 2652/2652/2652
f 2655/2655/2655 2654/2654/2654 2652/2652/2652
f 2658/2658/2658 2657/2657/2657 2656/2656/2656
f 2659/2659/2659 2658/2658/2658 2656/2656/2656
f 2660/2660/2660 2658/2658/2658 2659/2659/2659
f 2661/2661/2661 2660/2660/2660 2659/2659/2659
f 2664/2664/2664 2663/2663/2663 2662/2662/2662
f 2665/2665/2665 2664/2664/2664 2662/2662/2662
f 2668/2668/2668 2667/2667/2667 2666/2666/2666
f 2669/2669/2669 2668/2668/2668 2666/2666/2666
f 2672/2672/2672 2671/2671/2671 2670/2670/2670
f 2673/2673/2673 2672/2672/2672 2670/2670/2670
f 2676/2676/2676 2675/2675/2675 2674/2674/2674
f 2677/2677/2677 2676/2676/2676 2674/2674/2674
f 2680/2680/2680 2679/2679/2679 2678/2678/2678
f 2681/2681/2681 2680/2680/2680 2678/2678/2678
f 2684/2684/2684 2683/2683/2683 2682/2682/2682
f 2685/2685/2685 2684/2684/2684 2682/2682/2682
f 2688/2688/2688 2687/2687/2687 2686/2686/2686
f 2689/2689/2689 2688/2688/2688 2686/2686/2686
f 2692/2692/2692 2691/2691/2691 2690/2690/2690
f 2693/2693/2693 2692/2692/2692 2690/2690/2690
f 2696/2696/2696 2695/2695/2695 2694/2694/2694
f 2697/2697/2697 2696/2696/2696 2694/2694/2694
f 2700/2700/2700 2699/2699/2699 2698/2698/2698
f 2701/2701/2701 2700/2700/2700 2698/2698/2698
f 2704/2704/2704 2703/2703/2703 2702/2702/2702
f 2705/2705/2705 2704/2704/2704 2702/2702/2702
f 2708/2708/2708 2707/2707/2707 2706/2706/2706
f 2709/2709/2709 2708/2708/2708 2706/2706/2706
f 2712/2712/2712 2711/2711/2711 2710/2710/2710
f 2713/2713/2713 2712/2712/2712 2710/2710/2710
f 2716/2716/2716 2715/2715/2715 2714/2714/2714
f 2717/2717/2717 2716/2716/2716 2714/2714/2714
f 2720/2720/2720 2719/2719/2719 2718/2718/2718
f 2721/2721/2721 2720/2720/2720 2718/2718/2718
f 2724/2724/2724 2723/2723/2723 2722/2722/2722
f 2725/2725/2725 2724/2724/2724 2722/2722/2722
f 2728/2728/2728 2727/2727/2727 2726/2726/2726
f 2729/2729/2729 2728/2728/2728 2726/2726/2726
f 2732/2732/2732 2731/2731/2731 2730/2730/2730
f 2733/2733/2733 2732/2732/2732 2730/2730/2730
f 2736/2736/2736 2735/2735/2735 2734/2734/2734
f 2737/2737/2737 2736/2736/2736 2734/2734/2734
f 2740/2740/2740 2739/2739/2739 2738/2738/2738
f 2741/2741/2741 2740/2740/2740 2738/2738/2738
f 2744/2744/2744 2743/2743/2743 2742/2742/2742
f 2745/2745/2745 2744/2744/2744 2742/2742/2742
f 2748/2748/2748 2747/2747/2747 2746/2746/2746
f 2749/2749/2749 2748/2748/2748 2746/2746/2746
f 2752/2752/2752 2751/2751/2751 2750/2750/2750
f 2753/2753/2753 2752/2752/2752 2750/2750/2750
f 2756/2756/2756 2755/2755/2755 2754/2754/2754
f 2757/2757/2757 2756/2756/2756 2754/2754/2754
f 2760/2760/2760 2759/2759/2759 2758/2758/2758
f 2761/2761/2761 2760/2760/2760 2758/2758/2758
f 2764/2764/2764 2763/2763/2763 2762/2762/2762
f 2765/2765/2765 2764/2764/2764 2762/2762/2762
f 2768/2768/2768 2767/2767/2767 2766/2766/2766
f 2769/2769/2769 2768/2768/2768 2766/2766/2766
f 2772/2772/2772 2771/2771/2771 2770/2770/2770
f 2773/2773/2773 2772/2772/2772 2770/2770/2770
f 2776/2776/2776 2775/2775/2775 2774/2774/2774
f 2777/2777/2777 2776/2776/2776 2774/2774/2774
f 2780/2780/2780 2779/2779/2779 2778/2778/2778
f 2781/2781/2781 2780/2780/2780 2778/2778/2778
f 2782/2782/2782 2779/2779/2779 2780/2780/2780
f 2783/2783/2783 2779/2779/2779 2782/2782/2782
f 2786/2786/2786 2785/2785/2785 2784/2784/2784
f 2787/2787/2787 2786/2786/2786 2784/2784/2784
f 2788/2788/2788 2784/2784/2784 2785/2785/2785
f 2789/2789/2789 2788/2788/2788 2785/2785/2785
f 2792/2792/2792 2791/2791/2791 2790/2790/2790
f 2793/2793/2793 2792/2792/2792 2790/2790/2790
f 2796/2796/2796 2795/2795/2795 2794/2794/2794
f 2797/2797/2797 2796/2796/2796 2794/2794/2794
f 2798/2798/2798 2797/2797/2797 2794/2794/2794
f 2801/2801/2801 2800/2800/2800 2799/2799/2799
f 2802/2802/2802 2801/2801/2801 2799/2799/2799
f 2805/2805/2805 2804/2804/2804 2803/2803/2803
f 2806/2806/2806 2805/2805/2805 2803/2803/2803
f 2809/2809/2809 2808/2808/2808 2807/2807/2807
f 2809/2809/2809 2807/2807/2807 2810/2810/2810
f 2811/2811/2811 2809/2809/2809 2810/2810/2810
f 2814/2814/2814 2813/2813/2813 2812/2812/2812
f 2815/2815/2815 2814/2814/2814 2812/2812/2812
f 2816/2816/2816 2812/2812/2812 2813/2813/2813
f 2819/2819/2819 2818/2818/2818 2817/2817/2817
f 2820/2820/2820 2819/2819/2819 2817/2817/2817
f 2823/2823/2823 2822/2822/2822 2821/2821/2821
f 2824/2824/2824 2823/2823/2823 2821/2821/2821
f 2827/2827/2827 2826/2826/2826 2825/2825/2825
f 2828/2828/2828 2827/2827/2827 2825/2825/2825
f 2829/2829/2829 2827/2827/2827 2828/2828/2828
f 2832/2832/2832 2831/2831/2831 2830/2830/2830
f 2833/2833/2833 2832/2832/2832 2830/2830/2830
f 2836/2836/2836 2835/2835/2835 2834/2834/2834
f 2837/2837/2837 2836/2836/2836 2834/2834/2834
f 2838/2838/2838 2837/2837/2837 2834/2834/2834
f 2841/2841/2841 2840/2840/2840 2839/2839/2839
f 2842/2842/2842 2841/2841/2841 2839/2839/2839
f 2845/2845/2845 2844/2844/2844 2843/2843/2843
f 2844/2844/2844 2845/2845/2845 2846/2846/2846
f 2847/2847/2847 2844/2844/2844 2846/2846/2846
f 2850/2850/2850 2849/2849/2849 2848/2848/2848
f 2851/2851/2851 2850/2850/2850 2848/2848/2848
f 2850/2850/2850 2852/2852/2852 2849/2849/2849
f 2852/2852/2852 2853/2853/2853 2849/2849/2849
f 2856/2856/2856 2855/2855/2855 2854/2854/2854
f 2857/2857/2857 2856/2856/2856 2854/2854/2854
f 2860/2860/2860 2859/2859/2859 2858/2858/2858
f 2861/2861/2861 2860/2860/2860 2858/2858/2858
f 2861/2861/2861 2858/2858/2858 2862/2862/2862
f 2858/2858/2858 2863/2863/2863 2862/2862/2862
f 2866/2866/2866 2865/2865/2865 2864/2864/2864
f 2867/2867/2867 2866/2866/2866 2864/2864/2864
f 2867/2867/2867 2864/2864/2864 2868/2868/2868
f 2869/2869/2869 2867/2867/2867 2868/2868/2868
f 2872/2872/2872 2871/2871/2871 2870/2870/2870
f 2873/2873/2873 2872/2872/2872 2870/2870/2870
f 2873/2873/2873 2870/2870/2870 2874/2874/2874
f 2875/2875/2875 2873/2873/2873 2874/2874/2874
f 2878/2878/2878 2877/2877/2877 2876/2876/2876
f 2879/2879/2879 2878/2878/2878 2876/2876/2876
f 2879/2879/2879 2876/2876/2876 2880/2880/2880
f 2881/2881/2881 2879/2879/2879 2880/2880/2880
f 2884/2884/2884 2883/2883/2883 2882/2882/2882
f 2885/2885/2885 2884/2884/2884 2882/2882/2882
f 2885/2885/2885 2882/2882/2882 2886/2886/2886
f 2887/2887/2887 2885/2885/2885 2886/2886/2886
f 2890/2890/2890 2889/2889/2889 2888/2888/2888
f 2891/2891/2891 2890/2890/2890 2888/2888/2888
f 2894/2894/2894 2893/2893/2893 2892/2892/2892
f 2895/2895/2895 2894/2894/2894 2892/2892/2892
f 2895/2895/2895 2892/2892/2892 2896/2896/2896
f 2897/2897/2897 2895/2895/2895 2896/2896/2896
f 2900/2900/2900 2899/2899/2899 2898/2898/2898
f 2901/2901/2901 2900/2900/2900 2898/2898/2898
f 2904/2904/2904 2903/2903/2903 2902/2902/2902
f 2905/2905/2905 2904/2904/2904 2902/2902/2902
f 2905/2905/2905 2902/2902/2902 2906/2906/2906
f 2907/2907/2907 2905/2905/2905 2906/2906/2906
f 2910/2910/2910 2909/2909/2909 2908/2908/2908
f 2911/2911/2911 2910/2910/2910 2908/2908/2908
f 2914/2914/2914 2913/2913/2913 2912/2912/2912
f 2915/2915/2915 2914/2914/2914 2912/2912/2912
f 2918/2918/2918 2917/2917/2917 2916/2916/2916
f 2919/2919/2919 2918/2918/2918 2916/2916/2916
f 2920/2920/2920 2918/2918/2918 2919/2919/2919
f 2921/2921/2921 2920/2920/2920 2919/2919/2919
f 2922/2922/2922 2920/2920/2920 2921/2921/2921
f 2923/2923/2923 2922/2922/2922 2921/2921/2921
f 2924/2924/2924 2922/2922/2922 2923/2923/2923
f 2925/2925/2925 2924/2924/2924 2923/2923/2923
f 2926/2926/2926 2924/2924/2924 2925/2925/2925
f 2927/2927/2927 2926/2926/2926 2925/2925/2925
f 2928/2928/2928 2926/2926/2926 2927/2927/2927
f 2929/2929/2929 2928/2928/2928 2927/2927/2927
f 2930/2930/2930 2928/2928/2928 2929/2929/2929
f 2931/2931/2931 2930/2930/2930 2929/2929/2929
f 2932/2932/2932 2930/2930/2930 2931/2931/2931
f 2933/2933/2933 2932/2932/2932 2931/2931/2931
f 2934/2934/2934 2932/2932/2932 2933/2933/2933
f 2935/2935/2935 2934/2934/2934 2933/2933/2933
f 2936/2936/2936 2934/2934/2934 2935/2935/2935
f 2937/2937/2937 2936/2936/2936 2935/2935/2935
f 2940/2940/2940 2939/2939/2939 2938/2938/2938
f 2941/2941/2941 2940/2940/2940 2938/2938/2938
f 2942/2942/2942 2940/2940/2940 2941/2941/2941
f 2943/2943/2943 2942/2942/2942 2941/2941/2941
f 2944/2944/2944 2942/2942/2942 2943/2943/2943
f 2945/2945/2945 2944/2944/2944 2943/2943/2943
f 2946/2946/2946 2944/2944/2944 2945/2945/2945
f 2947/2947/2947 2946/2946/2946 2945/2945/2945
f 2948/2948/2948 2946/2946/2946 2947/2947/2947
f 2949/2949/2949 2948/2948/2948 2947/2947/2947
f 2950/2950/2950 2948/2948/2948 2949/2949/2949
f 2951/2951/2951 2950/2950/2950 2949/2949/2949
f 2952/2952/2952 2950/2950/2950 2951/2951/2951
f 2953/2953/2953 2952/2952/2952 2951/2951/2951
f 2954/2954/2954 2952/2952/2952 2953/2953/2953
f 2955/2955/2955 2954/2954/2954 2953/2953/2953
f 2956/2956/2956 2954/2954/2954 2955/2955/2955
f 2957/2957/2957 2956/2956/2956 2955/2955/2955
f 2958/2958/2958 2956/2956/2956 2957/2957/2957
f 2959/2959/2959 2958/2958/2958 2957/2957/2957
f 2917/2917/2917 2958/2958/2958 2959/2959/2959
f 2916/2916/2916 2917/2917/2917 2959/2959/2959
f 2962/2962/2962 2961/2961/2961 2960/2960/2960
f 2963/2963/2963 2961/2961/2961 2962/2962/2962
f 2964/2964/2964 2962/2962/2962 2960/2960/2960
f 2965/2965/2965 2962/2962/2962 2964/2964/2964
f 2966/2966/2966 2962/2962/2962 2965/2965/2965
f 2969/2969/2969 2968/2968/2968 2967/2967/2967
f 2970/2970/2970 2968/2968/2968 2969/2969/2969
f 2971/2971/2971 2968/2968/2968 2970/2970/2970
f 2972/2972/2972 2968/2968/2968 2971/2971/2971
f 2973/2973/2973 2968/2968/2968 2972/2972/2972
f 2976/2976/2976 2975/2975/2975 2974/2974/2974
f 2974/2974/2974 2975/2975/2975 2977/2977/2977
f 2978/2978/2978 2975/2975/2975 2976/2976/2976
f 2977/2977/2977 2975/2975/2975 2979/2979/2979
f 2979/2979/2979 2975/2975/2975 2980/2980/2980
f 2983/2983/2983 2982/2982/2982 2981/2981/2981
f 2984/2984/2984 2982/2982/2982 2983/2983/2983
f 2985/2985/2985 2982/2982/2982 2984/2984/2984
f 2986/2986/2986 2982/2982/2982 2985/2985/2985
f 2987/2987/2987 2982/2982/2982 2986/2986/2986
f 2990/2990/2990 2989/2989/2989 2988/2988/2988
f 2991/2991/2991 2990/2990/2990 2988/2988/2988
f 2988/2988/2988 2989/2989/2989 2992/2992/2992
f 2989/2989/2989 2993/2993/2993 2992/2992/2992
f 2992/2992/2992 2993/2993/2993 2994/2994/2994
f 2993/2993/2993 2995/2995/2995 2994/2994/2994
f 2994/2994/2994 2995/2995/2995 2996/2996/2996
f 2995/2995/2995 2997/2997/2997 2996/2996/2996
f 2996/2996/2996 2997/2997/2997 2998/2998/2998
f 2997/2997/2997 2999/2999/2999 2998/2998/2998
f 3002/3002/3002 3001/3001/3001 3000/3000/3000
f 3003/3003/3003 3002/3002/3002 3000/3000/3000
f 3000/3000/3000 3001/3001/3001 3004/3004/3004
f 3001/3001/3001 3005/3005/3005 3004/3004/3004
f 3004/3004/3004 3005/3005/3005 3006/3006/3006
f 3005/3005/3005 3007/3007/3007 3006/3006/3006
f 3006/3006/3006 3007/3007/3007 3008/3008/3008
f 3007/3007/3007 3009/3009/3009 3008/3008/3008
f 3010/3010/3010 3002/3002/3002 3003/3003/3003
f 3011/3011/3011 3010/3010/3010 3003/3003/3003
f 3014/3014/3014 3013/3013/3013 3012/3012/3012
f 3015/3015/3015 3014/3014/3014 3012/3012/3012
f 3016/3016/3016 3014/3014/3014 3015/3015/3015
f 3017/3017/3017 3016/3016/3016 3015/3015/3015
f 3018/3018/3018 3016/3016/3016 3017/3017/3017
f 3019/3019/3019 3018/3018/3018 3017/3017/3017
f 3020/3020/3020 3018/3018/3018 3019/3019/3019
f 3021/3021/3021 3020/3020/3020 3019/3019/3019
f 3012/3012/3012 3013/3013/3013 3022/3022/3022
f 3013/3013/3013 3023/3023/3023 3022/3022/3022
f 3026/3026/3026 3025/3025/3025 3024/3024/3024
f 3027/3027/3027 3026/3026/3026 3024/3024/3024
f 3024/3024/3024 3025/3025/3025 3028/3028/3028
f 3025/3025/3025 3029/3029/3029 3028/3028/3028
f 3030/3030/3030 3026/3026/3026 3027/3027/3027
f 3031/3031/3031 3030/3030/3030 3027/3027/3027
f 3032/3032/3032 3030/3030/3030 3031/3031/3031
f 3033/3033/3033 3032/3032/3032 3031/3031/3031
f 3034/3034/3034 3032/3032/3032 3033/3033/3033
f 3035/3035/3035 3034/3034/3034 3033/3033/3033
f 3038/3038/3038 3037/3037/3037 3036/3036/3036
f 3039/3039/3039 3038/3038/3038 3036/3036/3036
f 3040/3040/3040 3038/3038/3038 3039/3039/3039
f 3041/3041/3041 3040/3040/3040 3039/3039/3039
f 3042/3042/3042 3040/3040/3040 3041/3041/3041
f 3043/3043/3043 3042/3042/3042 3041/3041/3041
f 3044/3044/3044 3042/3042/3042 3043/3043/3043
f 3045/3045/3045 3044/3044/3044 3043/3043/3043
f 3046/3046/3046 3044/3044/3044 3045/3045/3045
f 3047/3047/3047 3046/3046/3046 3045/3045/3045
f 3048/3048/3048 3046/3046/3046 3047/3047/3047
f 3049/3049/3049 3048/3048/3048 3047/3047/3047
f 3050/3050/3050 3048/3048/3048 3049/3049/3049
f 3051/3051/3051 3050/3050/3050 3049/3049/3049
f 3052/3052/3052 3050/3050/3050 3051/3051/3051
f 3053/3053/3053 3052/3052/3052 3051/3051/3051
f 3054/3054/3054 3052/3052/3052 3053/3053/3053
f 3055/3055/3055 3054/3054/3054 3053/3053/3053
f 3056/3056/3056 3054/3054/3054 3055/3055/3055
f 3057/3057/3057 3056/3056/3056 3055/3055/3055
f 3058/3058/3058 3056/3056/3056 3057/3057/3057
f 3059/3059/3059 3058/3058/3058 3057/3057/3057
f 3060/3060/3060 3058/3058/3058 3059/3059/3059
f 3061/3061/3061 3060/3060/3060 3059/3059/3059
f 3062/3062/3062 3060/3060/3060 3061/3061/3061
f 3063/3063/3063 3062/3062/3062 3061/3061/3061
f 3064/3064/3064 3062/3062/3062 3063/3063/3063
f 3065/3065/3065 3064/3064/3064 3063/3063/3063
f 3066/3066/3066 3064/3064/3064 3065/3065/3065
f 3067/3067/3067 3066/3066/3066 3065/3065/3065
f 3068/3068/3068 3066/3066/3066 3067/3067/3067
f 3069/3069/3069 3068/3068/3068 3067/3067/3067
f 3070/3070/3070 3068/3068/3068 3069/3069/3069
f 3071/3071/3071 3070/3070/3070 3069/3069/3069
f 3072/3072/3072 3070/3070/3070 3071/3071/3071
f 3073/3073/3073 3072/3072/3072 3071/3071/3071
f 3074/3074/3074 3072/3072/3072 3073/3073/3073
f 3075/3075/3075 3074/3074/3074 3073/3073/3073
f 3076/3076/3076 3074/3074/3074 3075/3075/3075
f 3077/3077/3077 3076/3076/3076 3075/3075/3075
f 3080/3080/3080 3079/3079/3079 3078/3078/3078
f 3081/3081/3081 3080/3080/3080 3078/3078/3078
f 3082/3082/3082 3080/3080/3080 3081/3081/3081
f 3083/3083/3083 3082/3082/3082 3081/3081/3081
f 3084/3084/3084 3082/3082/3082 3083/3083/3083
f 3085/3085/3085 3084/3084/3084 3083/3083/3083
f 3086/3086/3086 3084/3084/3084 3085/3085/3085
f 3087/3087/3087 3086/3086/3086 3085/3085/3085
f 3088/3088/3088 3086/3086/3086 3087/3087/3087
f 3089/3089/3089 3088/3088/3088 3087/3087/3087
f 3092/3092/3092 3091/3091/3091 3090/3090/3090
f 3093/3093/3093 3092/3092/3092 3090/3090/3090
f 3094/3094/3094 3092/3092/3092 3093/3093/3093
f 3095/3095/3095 3094/3094/3094 3093/3093/3093
f 3096/3096/3096 3094/3094/3094 3095/3095/3095
f 3097/3097/3097 3096/3096/3096 3095/3095/3095
f 3098/3098/3098 3096/3096/3096 3097/3097/3097
f 3099/3099/3099 3098/3098/3098 3097/3097/3097
f 3090/3090/3090 3091/3091/3091 3100/3100/3100
f 3091/3091/3091 3101/3101/3101 3100/3100/3100
f 3104/3104/3104 3103/3103/3103 3102/3102/3102
f 3105/3105/3105 3104/3104/3104 3102/3102/3102
f 3102/3102/3102 3103/3103/3103 3106/3106/3106
f 3103/3103/3103 3107/3107/3107 3106/3106/3106
f 3106/3106/3106 3107/3107/3107 3108/3108/3108
f 3107/3107/3107 3109/3109/3109 3108/3108/3108
f 3108/3108/3108 3109/3109/3109 3110/3110/3110
f 3109/3109/3109 3111/3111/3111 3110/3110/3110
f 3112/3112/3112 3104/3104/3104 3105/3105/3105
f 3113/3113/3113 3112/3112/3112 3105/3105/3105
f 3116/3116/3116 3115/3115/3115 3114/3114/3114
f 3117/3117/3117 3116/3116/3116 3114/3114/3114
f 3118/3118/3118 3116/3116/3116 3117/3117/3117
f 3119/3119/3119 3118/3118/3118 3117/3117/3117
f 3114/3114/3114 3115/3115/3115 3120/3120/3120
f 3115/3115/3115 3121/3121/3121 3120/3120/3120
f 3120/3120/3120 3121/3121/3121 3122/3122/3122
f 3121/3121/3121 3123/3123/3123 3122/3122/3122
f 3122/3122/3122 3123/3123/3123 3124/3124/3124
f 3123/3123/3123 3125/3125/3125 3124/3124/3124
f 3128/3128/3128 3127/3127/3127 3126/3126/3126
f 3129/3129/3129 3128/3128/3128 3126/3126/3126
f 3128/3128/3128 3129/3129/3129 3130/3130/3130
f 3131/3131/3131 3128/3128/3128 3130/3130/3130
f 3131/3131/3131 3130/3130/3130 3132/3132/3132
f 3133/3133/3133 3131/3131/3131 3132/3132/3132
f 3136/3136/3136 3135/3135/3135 3134/3134/3134
f 3137/3137/3137 3136/3136/3136 3134/3134/3134
f 3137/3137/3137 3134/3134/3134 3138/3138/3138
f 3139/3139/3139 3137/3137/3137 3138/3138/3138
f 3139/3139/3139 3138/3138/3138 3140/3140/3140
f 3141/3141/3141 3139/3139/3139 3140/3140/3140
f 3144/3144/3144 3143/3143/3143 3142/3142/3142
f 3145/3145/3145 3144/3144/3144 3142/3142/3142
f 3144/3144/3144 3145/3145/3145 3146/3146/3146
f 3147/3147/3147 3144/3144/3144 3146/3146/3146
f 3147/3147/3147 3146/3146/3146 3148/3148/3148
f 3149/3149/3149 3147/3147/3147 3148/3148/3148
f 3152/3152/3152 3151/3151/3151 3150/3150/3150
f 3153/3153/3153 3152/3152/3152 3150/3150/3150
f 3156/3156/3156 3155/3155/3155 3154/3154/3154
f 3157/3157/3157 3156/3156/3156 3154/3154/3154
f 3156/3156/3156 3157/3157/3157 3158/3158/3158
f 3159/3159/3159 3156/3156/3156 3158/3158/3158
f 3159/3159/3159 3158/3158/3158 3160/3160/3160
f 3161/3161/3161 3159/3159/3159 3160/3160/3160
f 3164/3164/3164 3163/3163/3163 3162/3162/3162
f 3165/3165/3165 3164/3164/3164 3162/3162/3162
f 3164/3164/3164 3165/3165/3165 3166/3166/3166
f 3167/3167/3167 3164/3164/3164 3166/3166/3166
f 3167/3167/3167 3166/3166/3166 3168/3168/3168
f 3169/3169/3169 3167/3167/3167 3168/3168/3168
f 3172/3172/3172 3171/3171/3171 3170/3170/3170
f 3173/3173/3173 3172/3172/3172 3170/3170/3170
f 3173/3173/3173 3170/3170/3170 3174/3174/3174
f 3175/3175/3175 3173/3173/3173 3174/3174/3174
f 3175/3175/3175 3174/3174/3174 3176/3176/3176
f 3177/3177/3177 3175/3175/3175 3176/3176/3176
f 3180/3180/3180 3179/3179/3179 3178/3178/3178
f 3181/3181/3181 3180/3180/3180 3178/3178/3178
f 3180/3180/3180 3181/3181/3181 3182/3182/3182
f 3183/3183/3183 3180/3180/3180 3182/3182/3182
f 3183/3183/3183 3182/3182/3182 3184/3184/3184
f 3185/3185/3185 3183/3183/3183 3184/3184/3184
f 3188/3188/3188 3187/3187/3187 3186/3186/3186
f 3189/3189/3189 3188/3188/3188 3186/3186/3186
f 3192/3192/3192 3191/3191/3191 3190/3190/3190
f 3193/3193/3193 3192/3192/3192 3190/3190/3190
f 3192/3192/3192 3193/3193/3193 3194/3194/3194
f 3195/3195/3195 3192/3192/3192 3194/3194/3194
f 3195/3195/3195 3194/3194/3194 3196/3196/3196
f 3197/3197/3197 3195/3195/3195 3196/3196/3196
f 3200/3200/3200 3199/3199/3199 3198/3198/3198
f 3201/3201/3201 3200/3200/3200 3198/3198/3198
f 3200/3200/3200 3201/3201/3201 3202/3202/3202
f 3203/3203/3203 3200/3200/3200 3202/3202/3202
f 3203/3203/3203 3202/3202/3202 3204/3204/3204
f 3205/3205/3205 3203/3203/3203 3204/3204/3204
f 3208/3208/3208 3207/3207/3207 3206/3206/3206
f 3209/3209/3209 3208/3208/3208 3206/3206/3206
f 3209/3209/3209 3206/3206/3206 3210/3210/3210
f 3211/3211/3211 3209/3209/3209 3210/3210/3210
f 3211/3211/3211 3210/3210/3210 3212/3212/3212
f 3213/3213/3213 3211/3211/3211 3212/3212/3212
f 3216/3216/3216 3215/3215/3215 3214/3214/3214
f 3217/3217/3217 3216/3216/3216 3214/3214/3214
f 3216/3216/3216 3217/3217/3217 3218/3218/3218
f 3219/3219/3219 3216/3216/3216 3218/3218/3218
f 3219/3219/3219 3218/3218/3218 3220/3220/3220
f 3221/3221/3221 3219/3219/3219 3220/3220/3220
f 3224/3224/3224 3223/3223/3223 3222/3222/3222
f 3225/3225/3225 3224/3224/3224 3222/3222/3222
f 3228/3228/3228 3227/3227/3227 3226/3226/3226
f 3229/3229/3229 3228/3228/3228 3226/3226/3226
f 3228/3228/3228 3229/3229/3229 3230/3230/3230
f 3231/3231/3231 3228/3228/3228 3230/3230/3230
f 3231/3231/3231 3230/3230/3230 3232/3232/3232
f 3233/3233/3233 3231/3231/3231 3232/3232/3232
f 3236/3236/3236 3235/3235/3235 3234/3234/3234
f 3237/3237/3237 3236/3236/3236 3234/3234/3234
f 3236/3236/3236 3237/3237/3237 3238/3238/3238
f 3239/3239/3239 3236/3236/3236 3238/3238/3238
f 3239/3239/3239 3238/3238/3238 3240/3240/3240
f 3241/3241/3241 3239/3239/3239 3240/3240/3240
f 3244/3244/3244 3243/3243/3243 3242/3242/3242
f 3245/3245/3245 3244/3244/3244 3242/3242/3242
f 3245/3245/3245 3242/3242/3242 3246/3246/3246
f 3247/3247/3247 3245/3245/3245 3246/3246/3246
f 3247/3247/3247 3246/3246/3246 3248/3248/3248
f 3249/3249/3249 3247/3247/3247 3248/3248/3248
f 3252/3252/3252 3251/3251/3251 3250/3250/3250
f 3253/3253/3253 3252/3252/3252 3250/3250/3250
f 3252/3252/3252 3253/3253/3253 3254/3254/3254
f 3255/3255/3255 3252/3252/3252 3254/3254/3254
f 3255/3255/3255 3254/3254/3254 3256/3256/3256
f 3257/3257/3257 3255/3255/3255 3256/3256/3256
f 3260/3260/3260 3259/3259/3259 3258/3258/3258
f 3261/3261/3261 3260/3260/3260 3258/3258/3258
f 3264/3264/3264 3263/3263/3263 3262/3262/3262
f 3265/3265/3265 3264/3264/3264 3262/3262/3262
f 3264/3264/3264 3265/3265/3265 3266/3266/3266
f 3267/3267/3267 3264/3264/3264 3266/3266/3266
f 3267/3267/3267 3266/3266/3266 3268/3268/3268
f 3269/3269/3269 3267/3267/3267 3268/3268/3268
f 3272/3272/3272 3271/3271/3271 3270/3270/3270
f 3273/3273/3273 3272/3272/3272 3270/3270/3270
f 3272/3272/3272 3273/3273/3273 3274/3274/3274
f 3275/3275/3275 3272/3272/3272 3274/3274/3274
f 3275/3275/3275 3274/3274/3274 3276/3276/3276
f 3277/3277/3277 3275/3275/3275 3276/3276/3276
f 3280/3280/3280 3279/3279/3279 3278/3278/3278
f 3281/3281/3281 3280/3280/3280 3278/3278/3278
f 3281/3281/3281 3278/3278/3278 3282/3282/3282
f 3283/3283/3283 3281/3281/3281 3282/3282/3282
f 3283/3283/3283 3282/3282/3282 3284/3284/3284
f 3285/3285/3285 3283/3283/3283 3284/3284/3284
f 3288/3288/3288 3287/3287/3287 3286/3286/3286
f 3289/3289/3289 3288/3288/3288 3286/3286/3286
f 3288/3288/3288 3289/3289/3289 3290/3290/3290
f 3291/3291/3291 3288/3288/3288 3290/3290/3290
f 3291/3291/3291 3290/3290/3290 3292/3292/3292
f 3293/3293/3293 3291/3291/3291 3292/3292/3292
f 3296/3296/3296 3295/3295/3295 3294/3294/3294
f 3297/3297/3297 3296/3296/3296 3294/3294/3294
f 3300/3300/3300 3299/3299/3299 3298/3298/3298
f 3301/3301/3301 3300/3300/3300 3298/3298/3298
f 3300/3300/3300 3301/3301/3301 3302/3302/3302
f 3303/3303/3303 3300/3300/3300 3302/3302/3302
f 3303/3303/3303 3302/3302/3302 3304/3304/3304
f 3305/3305/3305 3303/3303/3303 3304/3304/3304
f 3308/3308/3308 3307/3307/3307 3306/3306/3306
f 3309/3309/3309 3308/3308/3308 3306/3306/3306
f 3308/3308/3308 3309/3309/3309 3310/3310/3310
f 3311/3311/3311 3308/3308/3308 3310/3310/3310
f 3311/3311/3311 3310/3310/3310 3312/3312/3312
f 3313/3313/3313 3311/3311/3311 3312/3312/3312
f 3316/3316/3316 3315/3315/3315 3314/3314/3314
f 3317/3317/3317 3316/3316/3316 3314/3314/3314
f 3317/3317/3317 3314/3314/3314 3318/3318/3318
f 3319/3319/3319 3317/3317/3317 3318/3318/3318
f 3319/3319/3319 3318/3318/3318 3320/3320/3320
f 3321/3321/3321 3319/3319/3319 3320/3320/3320
f 3324/3324/3324 3323/3323/3323 3322/3322/3322
f 3325/3325/3325 3324/3324/3324 3322/3322/3322
f 3324/3324/3324 3325/3325/3325 3326/3326/3326
f 3327/3327/3327 3324/3324/3324 3326/3326/3326
f 3327/3327/3327 3326/3326/3326 3328/3328/3328
f 3329/3329/3329 3327/3327/3327 3328/3328/3328
f 3332/3332/3332 3331/3331/3331 3330/3330/3330
f 3333/3333/3333 3332/3332/3332 3330/3330/3330
f 3336/3336/3336 3335/3335/3335 3334/3334/3334
f 3337/3337/3337 3336/3336/3336 3334/3334/3334
f 3336/3336/3336 3337/3337/3337 3338/3338/3338
f 3339/3339/3339 3336/3336/3336 3338/3338/3338
f 3339/3339/3339 3338/3338/3338 3340/3340/3340
f 3341/3341/3341 3339/3339/3339 3340/3340/3340
f 3344/3344/3344 3343/3343/3343 3342/3342/3342
f 3345/3345/3345 3344/3344/3344 3342/3342/3342
f 3342/3342/3342 3343/3343/3343 3346/3346/3346
f 3343/3343/3343 3347/3347/3347 3346/3346/3346
f 3350/3350/3350 3349/3349/3349 3348/3348/3348
f 3351/3351/3351 3350/3350/3350 3348/3348/3348
f 3352/3352/3352 3350/3350/3350 3351/3351/3351
f 3353/3353/3353 3352/3352/3352 3351/3351/3351
f 3354/3354/3354 3352/3352/3352 3353/3353/3353
f 3355/3355/3355 3354/3354/3354 3353/3353/3353
f 3358/3358/3358 3357/3357/3357 3356/3356/3356
f 3359/3359/3359 3358/3358/3358 3356/3356/3356
f 3360/3360/3360 3358/3358/3358 3359/3359/3359
f 3361/3361/3361 3360/3360/3360 3359/3359/3359
f 3364/3364/3364 3363/3363/3363 3362/3362/3362
f 3365/3365/3365 3364/3364/3364 3362/3362/3362
f 3368/3368/3368 3367/3367/3367 3366/3366/3366
f 3369/3369/3369 3368/3368/3368 3366/3366/3366
f 3372/3372/3372 3371/3371/3371 3370/3370/3370
f 3373/3373/3373 3372/3372/3372 3370/3370/3370
f 3376/3376/3376 3375/3375/3375 3374/3374/3374
f 3377/3377/3377 3376/3376/3376 3374/3374/3374
f 3378/3378/3378 3376/3376/3376 3377/3377/3377
f 3379/3379/3379 3378/3378/3378 3377/3377/3377
f 3380/3380/3380 3378/3378/3378 3379/3379/3379
f 3381/3381/3381 3380/3380/3380 3379/3379/3379
f 3382/3382/3382 3380/3380/3380 3381/3381/3381
f 3383/3383/3383 3382/3382/3382 3381/3381/3381
f 3384/3384/3384 3382/3382/3382 3383/3383/3383
f 3385/3385/3385 3384/3384/3384 3383/3383/3383
f 3386/3386/3386 3384/3384/3384 3385/3385/3385
f 3387/3387/3387 3386/3386/3386 3385/3385/3385
f 3388/3388/3388 3386/3386/3386 3387/3387/3387
f 3389/3389/3389 3388/3388/3388 3387/3387/3387
f 3390/3390/3390 3388/3388/3388 3389/3389/3389
f 3391/3391/3391 3390/3390/3390 3389/3389/3389
f 3392/3392/3392 3390/3390/3390 3391/3391/3391
f 3393/3393/3393 3392/3392/3392 3391/3391/3391
f 3375/3375/3375 3392/3392/3392 3393/3393/3393
f 3374/3374/3374 3375/3375/3375 3393/3393/3393
f 3396/3396/3396 3395/3395/3395 3394/3394/3394
f 3397/3397/3397 3396/3396/3396 3394/3394/3394
f 3394/3394/3394 3395/3395/3395 3398/3398/3398
f 3399/3399/3399 3394/3394/3394 3398/3398/3398
f 3399/3399/3399 3398/3398/3398 3400/3400/3400
f 3401/3401/3401 3399/3399/3399 3400/3400/3400
f 3396/3396/3396 3397/3397/3397 3402/3402/3402
f 3403/3403/3403 3396/3396/3396 3402/3402/3402
f 3406/3406/3406 3405/3405/3405 3404/3404/3404
f 3407/3407/3407 3406/3406/3406 3404/3404/3404
f 3408/3408/3408 3406/3406/3406 3407/3407/3407
f 3409/3409/3409 3408/3408/3408 3407/3407/3407
f 3410/3410/3410 3408/3408/3408 3409/3409/3409
f 3411/3411/3411 3410/3410/3410 3409/3409/3409
f 3412/3412/3412 3410/3410/3410 3411/3411/3411
f 3413/3413/3413 3412/3412/3412 3411/3411/3411
f 3414/3414/3414 3412/3412/3412 3413/3413/3413
f 3415/3415/3415 3414/3414/3414 3413/3413/3413
f 3416/3416/3416 3414/3414/3414 3415/3415/3415
f 3417/3417/3417 3416/3416/3416 3415/3415/3415
f 3418/3418/3418 3416/3416/3416 3417/3417/3417
f 3419/3419/3419 3418/3418/3418 3417/3417/3417
f 3420/3420/3420 3418/3418/3418 3419/3419/3419
f 3421/3421/3421 3420/3420/3420 3419/3419/3419
f 3422/3422/3422 3420/3420/3420 3421/3421/3421
f 3423/3423/3423 3422/3422/3422 3421/3421/3421
f 3405/3405/3405 3422/3422/3422 3423/3423/3423
f 3404/3404/3404 3405/3405/3405 3423/3423/3423
f 3426/3426/3426 3425/3425/3425 3424/3424/3424
f 3427/3427/3427 3426/3426/3426 3424/3424/3424
f 3430/3430/3430 3429/3429/3429 3428/3428/3428
f 3431/3431/3431 3430/3430/3430 3428/3428/3428
f 3434/3434/3434 3433/3433/3433 3432/3432/3432
f 3435/3435/3435 3434/3434/3434 3432/3432/3432
f 3438/3438/3438 3437/3437/3437 3436/3436/3436
f 3439/3439/3439 3438/3438/3438 3436/3436/3436
f 3442/3442/3442 3441/3441/3441 3440/3440/3440
f 3443/3443/3443 3442/3442/3442 3440/3440/3440
f 3446/3446/3446 3445/3445/3445 3444/3444/3444
f 3447/3447/3447 3446/3446/3446 3444/3444/3444
f 3448/3448/3448 3447/3447/3447 3444/3444/3444
f 3451/3451/3451 3450/3450/3450 3449/3449/3449
f 3452/3452/3452 3451/3451/3451 3449/3449/3449
f 3453/3453/3453 3452/3452/3452 3449/3449/3449
f 3456/3456/3456 3455/3455/3455 3454/3454/3454
f 3457/3457/3457 3456/3456/3456 3454/3454/3454
f 3460/3460/3460 3459/3459/3459 3458/3458/3458
f 3461/3461/3461 3460/3460/3460 3458/3458/3458
f 3464/3464/3464 3463/3463/3463 3462/3462/3462
f 3465/3465/3465 3464/3464/3464 3462/3462/3462
f 3468/3468/3468 3467/3467/3467 3466/3466/3466
f 3469/3469/3469 3468/3468/3468 3466/3466/3466
f 3472/3472/3472 3471/3471/3471 3470/3470/3470
f 3473/3473/3473 3472/3472/3472 3470/3470/3470
f 3476/3476/3476 3475/3475/3475 3474/3474/3474
f 3477/3477/3477 3476/3476/3476 3474/3474/3474
f 3478/3478/3478 3477/3477/3477 3474/3474/3474
f 3481/3481/3481 3480/3480/3480 3479/3479/3479
f 3482/3482/3482 3481/3481/3481 3479/3479/3479
f 3483/3483/3483 3482/3482/3482 3479/3479/3479
f 3486/3486/3486 3485/3485/3485 3484/3484/3484
f 3487/3487/3487 3486/3486/3486 3484/3484/3484
f 3488/3488/3488 3485/3485/3485 3486/3486/3486
f 3489/3489/3489 3488/3488/3488 3486/3486/3486
f 3492/3492/3492 3491/3491/3491 3490/3490/3490
f 3493/3493/3493 3492/3492/3492 3490/3490/3490
f 3493/3493/3493 3490/3490/3490 3494/3494/3494
f 3495/3495/3495 3493/3493/3493 3494/3494/3494
f 3494/3494/3494 3496/3496/3496 3495/3495/3495
f 3496/3496/3496 3497/3497/3497 3495/3495/3495
f 3500/3500/3500 3499/3499/3499 3498/3498/3498
f 3501/3501/3501 3500/3500/3500 3498/3498/3498
f 3504/3504/3504 3503/3503/3503 3502/3502/3502
f 3505/3505/3505 3504/3504/3504 3502/3502/3502
f 3508/3508/3508 3507/3507/3507 3506/3506/3506
f 3509/3509/3509 3508/3508/3508 3506/3506/3506
f 3506/3506/3506 3507/3507/3507 3510/3510/3510
f 3507/3507/3507 3511/3511/3511 3510/3510/3510
f 3514/3514/3514 3513/3513/3513 3512/3512/3512
f 3515/3515/3515 3514/3514/3514 3512/3512/3512
f 3512/3512/3512 3513/3513/3513 3516/3516/3516
f 3513/3513/3513 3517/3517/3517 3516/3516/3516
f 3516/3516/3516 3517/3517/3517 3518/3518/3518
f 3517/3517/3517 3519/3519/3519 3518/3518/3518
f 3522/3522/3522 3521/3521/3521 3520/3520/3520
f 3523/3523/3523 3522/3522/3522 3520/3520/3520
f 3526/3526/3526 3525/3525/3525 3524/3524/3524
f 3527/3527/3527 3526/3526/3526 3524/3524/3524
f 3530/3530/3530 3529/3529/3529 3528/3528/3528
f 3531/3531/3531 3530/3530/3530 3528/3528/3528
f 3528/3528/3528 3529/3529/3529 3532/3532/3532
f 3529/3529/3529 3533/3533/3533 3532/3532/3532
f 3532/3532/3532 3533/3533/3533 3534/3534/3534
f 3533/3533/3533 3535/3535/3535 3534/3534/3534
f 3534/3534/3534 3535/3535/3535 3536/3536/3536
f 3535/3535/3535 3537/3537/3537 3536/3536/3536
f 3540/3540/3540 3539/3539/3539 3538/3538/3538
f 3541/3541/3541 3540/3540/3540 3538/3538/3538
f 3542/3542/3542 3540/3540/3540 3541/3541/3541
f 3543/3543/3543 3542/3542/3542 3541/3541/3541
f 3544/3544/3544 3542/3542/3542 3543/3543/3543
f 3545/3545/3545 3544/3544/3544 3543/3543/3543
f 3548/3548/3548 3547/3547/3547 3546/3546/3546
f 3549/3549/3549 3548/3548/3548 3546/3546/3546
f 3552/3552/3552 3551/3551/3551 3550/3550/3550
f 3553/3553/3553 3552/3552/3552 3550/3550/3550
f 3554/3554/3554 3553/3553/3553 3550/3550/3550
f 3555/3555/3555 3554/3554/3554 3550/3550/3550
f 3558/3558/3558 3557/3557/3557 3556/3556/3556
f 3559/3559/3559 3558/3558/3558 3556/3556/3556
f 3559/3559/3559 3560/3560/3560 3558/3558/3558
f 3560/3560/3560 3561/3561/3561 3558/3558/3558
f 3564/3564/3564 3563/3563/3563 3562/3562/3562
f 3565/3565/3565 3564/3564/3564 3562/3562/3562
f 3566/3566/3566 3564/3564/3564 3565/3565/3565
f 3567/3567/3567 3566/3566/3566 3565/3565/3565
f 3570/3570/3570 3569/3569/3569 3568/3568/3568
f 3571/3571/3571 3570/3570/3570 3568/3568/3568
f 3571/3571/3571 3572/3572/3572 3570/3570/3570
f 3572/3572/3572 3573/3573/3573 3570/3570/3570
f 3576/3576/3576 3575/3575/3575 3574/3574/3574
f 3577/3577/3577 3576/3576/3576 3574/3574/3574
f 3574/3574/3574 3575/3575/3575 3578/3578/3578
f 3575/3575/3575 3579/3579/3579 3578/3578/3578
f 3580/3580/3580 3578/3578/3578 3579/3579/3579
f 3581/3581/3581 3580/3580/3580 3579/3579/3579
f 3584/3584/3584 3583/3583/3583 3582/3582/3582
f 3585/3585/3585 3584/3584/3584 3582/3582/3582
f 3588/3588/3588 3587/3587/3587 3586/3586/3586
f 3589/3589/3589 3588/3588/3588 3586/3586/3586
f 3592/3592/3592 3591/3591/3591 3590/3590/3590
f 3593/3593/3593 3592/3592/3592 3590/3590/3590
f 3593/3593/3593 3590/3590/3590 3594/3594/3594
f 3595/3595/3595 3593/3593/3593 3594/3594/3594
f 3598/3598/3598 3597/3597/3597 3596/3596/3596
f 3599/3599/3599 3598/3598/3598 3596/3596/3596
f 3599/3599/3599 3596/3596/3596 3600/3600/3600
f 3601/3601/3601 3599/3599/3599 3600/3600/3600
f 3601/3601/3601 3600/3600/3600 3602/3602/3602
f 3603/3603/3603 3601/3601/3601 3602/3602/3602
f 3606/3606/3606 3605/3605/3605 3604/3604/3604
f 3607/3607/3607 3606/3606/3606 3604/3604/3604
f 3610/3610/3610 3609/3609/3609 3608/3608/3608
f 3611/3611/3611 3610/3610/3610 3608/3608/3608
f 3614/3614/3614 3613/3613/3613 3612/3612/3612
f 3615/3615/3615 3614/3614/3614 3612/3612/3612
f 3615/3615/3615 3612/3612/3612 3616/3616/3616
f 3617/3617/3617 3615/3615/3615 3616/3616/3616
f 3617/3617/3617 3616/3616/3616 3618/3618/3618
f 3619/3619/3619 3617/3617/3617 3618/3618/3618
f 3619/3619/3619 3618/3618/3618 3620/3620/3620
f 3621/3621/3621 3619/3619/3619 3620/3620/3620
f 3624/3624/3624 3623/3623/3623 3622/3622/3622
f 3625/3625/3625 3624/3624/3624 3622/3622/3622
f 3624/3624/3624 3626/3626/3626 3623/3623/3623
f 3627/3627/3627 3623/3623/3623 3626/3626/3626
f 3628/3628/3628 3627/3627/3627 3626/3626/3626
f 3629/3629/3629 3627/3627/3627 3628/3628/3628
f 3629/3629/3629 3630/3630/3630 3627/3627/3627
f 3630/3630/3630 3631/3631/3631 3627/3627/3627
f 3634/3634/3634 3633/3633/3633 3632/3632/3632
f 3635/3635/3635 3634/3634/3634 3632/3632/3632
f 3638/3638/3638 3637/3637/3637 3636/3636/3636
f 3639/3639/3639 3638/3638/3638 3636/3636/3636
f 3637/3637/3637 3640/3640/3640 3636/3636/3636
f 3640/3640/3640 3641/3641/3641 3636/3636/3636
f 3644/3644/3644 3643/3643/3643 3642/3642/3642
f 3645/3645/3645 3644/3644/3644 3642/3642/3642
f 3646/3646/3646 3643/3643/3643 3644/3644/3644
f 3647/3647/3647 3646/3646/3646 3644/3644/3644
f 3650/3650/3650 3649/3649/3649 3648/3648/3648
f 3651/3651/3651 3650/3650/3650 3648/3648/3648
f 3650/3650/3650 3652/3652/3652 3649/3649/3649
f 3652/3652/3652 3653/3653/3653 3649/3649/3649
f 3656/3656/3656 3655/3655/3655 3654/3654/3654
f 3657/3657/3657 3656/3656/3656 3654/3654/3654
f 3657/3657/3657 3658/3658/3658 3656/3656/3656
f 3658/3658/3658 3659/3659/3659 3656/3656/3656
f 3662/3662/3662 3661/3661/3661 3660/3660/3660
f 3663/3663/3663 3662/3662/3662 3660/3660/3660
f 3660/3660/3660 3661/3661/3661 3664/3664/3664
f 3661/3661/3661 3665/3665/3665 3664/3664/3664
f 3666/3666/3666 3664/3664/3664 3665/3665/3665
f 3667/3667/3667 3666/3666/3666 3665/3665/3665
f 3670/3670/3670 3669/3669/3669 3668/3668/3668
f 3671/3671/3671 3670/3670/3670 3668/3668/3668
f 3674/3674/3674 3673/3673/3673 3672/3672/3672
f 3675/3675/3675 3674/3674/3674 3672/3672/3672
f 3678/3678/3678 3677/3677/3677 3676/3676/3676
f 3679/3679/3679 3678/3678/3678 3676/3676/3676
f 3679/3679/3679 3676/3676/3676 3680/3680/3680
f 3681/3681/3681 3679/3679/3679 3680/3680/3680
f 3684/3684/3684 3683/3683/3683 3682/3682/3682
f 3685/3685/3685 3684/3684/3684 3682/3682/3682
f 3685/3685/3685 3682/3682/3682 3686/3686/3686
f 3687/3687/3687 3685/3685/3685 3686/3686/3686
f 3687/3687/3687 3686/3686/3686 3688/3688/3688
f 3689/3689/3689 3687/3687/3687 3688/3688/3688
f 3692/3692/3692 3691/3691/3691 3690/3690/3690
f 3693/3693/3693 3692/3692/3692 3690/3690/3690
f 3696/3696/3696 3695/3695/3695 3694/3694/3694
f 3697/3697/3697 3696/3696/3696 3694/3694/3694
f 3700/3700/3700 3699/3699/3699 3698/3698/3698
f 3701/3701/3701 3700/3700/3700 3698/3698/3698
f 3701/3701/3701 3698/3698/3698 3702/3702/3702
f 3703/3703/3703 3701/3701/3701 3702/3702/3702
f 3703/3703/3703 3702/3702/3702 3704/3704/3704
f 3705/3705/3705 3703/3703/3703 3704/3704/3704
f 3705/3705/3705 3704/3704/3704 3706/3706/3706
f 3707/3707/3707 3705/3705/3705 3706/3706/3706
f 3710/3710/3710 3709/3709/3709 3708/3708/3708
f 3711/3711/3711 3710/3710/3710 3708/3708/3708
f 3710/3710/3710 3712/3712/3712 3709/3709/3709
f 3712/3712/3712 3713/3713/3713 3709/3709/3709
f 3716/3716/3716 3715/3715/3715 3714/3714/3714
f 3717/3717/3717 3716/3716/3716 3714/3714/3714
f 3720/3720/3720 3719/3719/3719 3718/3718/3718
f 3721/3721/3721 3720/3720/3720 3718/3718/3718
f 3724/3724/3724 3723/3723/3723 3722/3722/3722
f 3725/3725/3725 3724/3724/3724 3722/3722/3722
f 3723/3723/3723 3726/3726/3726 3722/3722/3722
f 3726/3726/3726 3727/3727/3727 3722/3722/3722
f 3730/3730/3730 3729/3729/3729 3728/3728/3728
f 3731/3731/3731 3730/3730/3730 3728/3728/3728
f 3732/3732/3732 3729/3729/3729 3730/3730/3730
f 3733/3733/3733 3732/3732/3732 3730/3730/3730
f 3736/3736/3736 3735/3735/3735 3734/3734/3734
f 3737/3737/3737 3736/3736/3736 3734/3734/3734
f 3736/3736/3736 3738/3738/3738 3735/3735/3735
f 3738/3738/3738 3739/3739/3739 3735/3735/3735
f 3742/3742/3742 3741/3741/3741 3740/3740/3740
f 3743/3743/3743 3742/3742/3742 3740/3740/3740
f 3744/3744/3744 3741/3741/3741 3742/3742/3742
f 3745/3745/3745 3744/3744/3744 3742/3742/3742
f 3748/3748/3748 3747/3747/3747 3746/3746/3746
f 3749/3749/3749 3748/3748/3748 3746/3746/3746
f 3749/3749/3749 3746/3746/3746 3750/3750/3750
f 3751/3751/3751 3749/3749/3749 3750/3750/3750
f 3750/3750/3750 3752/3752/3752 3751/3751/3751
f 3752/3752/3752 3753/3753/3753 3751/3751/3751
f 3756/3756/3756 3755/3755/3755 3754/3754/3754
f 3757/3757/3757 3756/3756/3756 3754/3754/3754
f 3760/3760/3760 3759/3759/3759 3758/3758/3758
f 3761/3761/3761 3760/3760/3760 3758/3758/3758
f 3764/3764/3764 3763/3763/3763 3762/3762/3762
f 3765/3765/3765 3764/3764/3764 3762/3762/3762
f 3762/3762/3762 3763/3763/3763 3766/3766/3766
f 3763/3763/3763 3767/3767/3767 3766/3766/3766
f 3770/3770/3770 3769/3769/3769 3768/3768/3768
f 3771/3771/3771 3770/3770/3770 3768/3768/3768
f 3768/3768/3768 3769/3769/3769 3772/3772/3772
f 3769/3769/3769 3773/3773/3773 3772/3772/3772
f 3772/3772/3772 3773/3773/3773 3774/3774/3774
f 3773/3773/3773 3775/3775/3775 3774/3774/3774
f 3778/3778/3778 3777/3777/3777 3776/3776/3776
f 3779/3779/3779 3778/3778/3778 3776/3776/3776
f 3782/3782/3782 3781/3781/3781 3780/3780/3780
f 3783/3783/3783 3782/3782/3782 3780/3780/3780
f 3786/3786/3786 3785/3785/3785 3784/3784/3784
f 3787/3787/3787 3786/3786/3786 3784/3784/3784
f 3784/3784/3784 3785/3785/3785 3788/3788/3788
f 3785/3785/3785 3789/3789/3789 3788/3788/3788
f 3788/3788/3788 3789/3789/3789 3790/3790/3790
f 3789/3789/3789 3791/3791/3791 3790/3790/3790
f 3790/3790/3790 3791/3791/3791 3792/3792/3792
f 3791/3791/3791 3793/3793/3793 3792/3792/3792
f 3796/3796/3796 3795/3795/3795 3794/3794/3794
f 3797/3797/3797 3796/3796/3796 3794/3794/3794
f 3798/3798/3798 3796/3796/3796 3797/3797/3797
f 3799/3799/3799 3798/3798/3798 3797/3797/3797
f 3800/3800/3800 3798/3798/3798 3799/3799/3799
f 3801/3801/3801 3800/3800/3800 3799/3799/3799
f 3804/3804/3804 3803/3803/3803 3802/3802/3802
f 3805/3805/3805 3804/3804/3804 3802/3802/3802
f 3808/3808/3808 3807/3807/3807 3806/3806/3806
f 3809/3809/3809 3808/3808/3808 3806/3806/3806
f 3810/3810/3810 3809/3809/3809 3806/3806/3806
f 3811/3811/3811 3810/3810/3810 3806/3806/3806
f 3814/3814/3814 3813/3813/3813 3812/3812/3812
f 3815/3815/3815 3814/3814/3814 3812/3812/3812
f 3815/3815/3815 3816/3816/3816 3814/3814/3814
f 3816/3816/3816 3817/3817/3817 3814/3814/3814
f 3820/3820/3820 3819/3819/3819 3818/3818/3818
f 3821/3821/3821 3820/3820/3820 3818/3818/3818
f 3822/3822/3822 3820/3820/3820 3821/3821/3821
f 3823/3823/3823 3822/3822/3822 3821/3821/3821
f 3826/3826/3826 3825/3825/3825 3824/3824/3824
f 3827/3827/3827 3826/3826/3826 3824/3824/3824
f 3830/3830/3830 3829/3829/3829 3828/3828/3828
f 3831/3831/3831 3830/3830/3830 3828/3828/3828
f 3834/3834/3834 3833/3833/3833 3832/3832/3832
f 3835/3835/3835 3834/3834/3834 3832/3832/3832
f 3838/3838/3838 3837/3837/3837 3836/3836/3836
f 3839/3839/3839 3838/3838/3838 3836/3836/3836
f 3842/3842/3842 3841/3841/3841 3840/3840/3840
f 3843/3843/3843 3842/3842/3842 3840/3840/3840
f 3846/3846/3846 3845/3845/3845 3844/3844/3844
f 3847/3847/3847 3846/3846/3846 3844/3844/3844
f 3850/3850/3850 3849/3849/3849 3848/3848/3848
f 3851/3851/3851 3850/3850/3850 3848/3848/3848
f 3854/3854/3854 3853/3853/3853 3852/3852/3852
f 3855/3855/3855 3854/3854/3854 3852/3852/3852
f 3858/3858/3858 3857/3857/3857 3856/3856/3856
f 3859/3859/3859 3858/3858/3858 3856/3856/3856
f 3862/3862/3862 3861/3861/3861 3860/3860/3860
f 3863/3863/3863 3862/3862/3862 3860/3860/3860
f 3866/3866/3866 3865/3865/3865 3864/3864/3864
f 3867/3867/3867 3866/3866/3866 3864/3864/3864
f 3870/3870/3870 3869/3869/3869 3868/3868/3868
f 3871/3871/3871 3870/3870/3870 3868/3868/3868
f 3874/3874/3874 3873/3873/3873 3872/3872/3872
f 3875/3875/3875 3874/3874/3874 3872/3872/3872
f 3878/3878/3878 3877/3877/3877 3876/3876/3876
f 3879/3879/3879 3878/3878/3878 3876/3876/3876
f 3882/3882/3882 3881/3881/3881 3880/3880/3880
f 3883/3883/3883 3882/3882/3882 3880/3880/3880
f 3886/3886/3886 3885/3885/3885 3884/3884/3884
f 3887/3887/3887 3886/3886/3886 3884/3884/3884
f 3890/3890/3890 3889/3889/3889 3888/3888/3888
f 3891/3891/3891 3890/3890/3890 3888/3888/3888
f 3894/3894/3894 3893/3893/3893 3892/3892/3892
f 3895/3895/3895 3894/3894/3894 3892/3892/3892
f 3898/3898/3898 3897/3897/3897 3896/3896/3896
f 3899/3899/3899 3898/3898/3898 3896/3896/3896
f 3902/3902/3902 3901/3901/3901 3900/3900/3900
f 3903/3903/3903 3902/3902/3902 3900/3900/3900
f 3906/3906/3906 3905/3905/3905 3904/3904/3904
f 3907/3907/3907 3906/3906/3906 3904/3904/3904
f 3910/3910/3910 3909/3909/3909 3908/3908/3908
f 3911/3911/3911 3910/3910/3910 3908/3908/3908
f 3914/3914/3914 3913/3913/3913 3912/3912/3912
f 3915/3915/3915 3914/3914/3914 3912/3912/3912
f 3918/3918/3918 3917/3917/3917 3916/3916/3916
f 3919/3919/3919 3918/3918/3918 3916/3916/3916
f 3922/3922/3922 3921/3921/3921 3920/3920/3920
f 3923/3923/3923 3922/3922/3922 3920/3920/3920
f 3926/3926/3926 3925/3925/3925 3924/3924/3924
f 3927/3927/3927 3926/3926/3926 3924/3924/3924
f 3930/3930/3930 3929/3929/3929 3928/3928/3928
f 3931/3931/3931 3930/3930/3930 3928/3928/3928
f 3934/3934/3934 3933/3933/3933 3932/3932/3932
f 3935/3935/3935 3934/3934/3934 3932/3932/3932
f 3938/3938/3938 3937/3937/3937 3936/3936/3936
f 3939/3939/3939 3938/3938/3938 3936/3936/3936
f 3942/3942/3942 3941/3941/3941 3940/3940/3940
f 3943/3943/3943 3942/3942/3942 3940/3940/3940
f 3946/3946/3946 3945/3945/3945 3944/3944/3944
f 3947/3947/3947 3946/3946/3946 3944/3944/3944
f 3950/3950/3950 3949/3949/3949 3948/3948/3948
f 3951/3951/3951 3950/3950/3950 3948/3948/3948
f 3954/3954/3954 3953/3953/3953 3952/3952/3952
f 3955/3955/3955 3954/3954/3954 3952/3952/3952
f 3958/3958/3958 3957/3957/3957 3956/3956/3956
f 3959/3959/3959 3958/3958/3958 3956/3956/3956
f 3962/3962/3962 3961/3961/3961 3960/3960/3960
f 3963/3963/3963 3962/3962/3962 3960/3960/3960
f 3966/3966/3966 3965/3965/3965 3964/3964/3964
f 3967/3967/3967 3966/3966/3966 3964/3964/3964
f 3970/3970/3970 3969/3969/3969 3968/3968/3968
f 3971/3971/3971 3970/3970/3970 3968/3968/3968
f 3974/3974/3974 3973/3973/3973 3972/3972/3972
f 3975/3975/3975 3974/3974/3974 3972/3972/3972
f 3978/3978/3978 3977/3977/3977 3976/3976/3976
f 3979/3979/3979 3978/3978/3978 3976/3976/3976
f 3982/3982/3982 3981/3981/3981 3980/3980/3980
f 3983/3983/3983 3982/3982/3982 3980/3980/3980
f 3986/3986/3986 3985/3985/3985 3984/3984/3984
f 3987/3987/3987 3986/3986/3986 3984/3984/3984
f 3990/3990/3990 3989/3989/3989 3988/3988/3988
f 3991/3991/3991 3990/3990/3990 3988/3988/3988
f 3994/3994/3994 3993/3993/3993 3992/3992/3992
f 3995/3995/3995 3994/3994/3994 3992/3992/3992
f 3998/3998/3998 3997/3997/3997 3996/3996/3996
f 3999/3999/3999 3998/3998/3998 3996/3996/3996
f 4002/4002/4002 4001/4001/4001 4000/4000/4000
f 4003/4003/4003 4002/4002/4002 4000/4000/4000
f 4006/4006/4006 4005/4005/4005 4004/4004/4004
f 4007/4007/4007 4006/4006/4006 4004/4004/4004
f 4010/4010/4010 4009/4009/4009 4008/4008/4008
f 4011/4011/4011 4010/4010/4010 4008/4008/4008
f 4014/4014/4014 4013/4013/4013 4012/4012/4012
f 4015/4015/4015 4014/4014/4014 4012/4012/4012
f 4018/4018/4018 4017/4017/4017 4016/4016/4016
f 4019/4019/4019 4018/4018/4018 4016/4016/4016
f 4022/4022/4022 4021/4021/4021 4020/4020/4020
f 4023/4023/4023 4022/4022/4022 4020/4020/4020
f 4026/4026/4026 4025/4025/4025 4024/4024/4024
f 4027/4027/4027 4026/4026/4026 4024/4024/4024
f 4030/4030/4030 4029/4029/4029 4028/4028/4028
f 4031/4031/4031 4030/4030/4030 4028/4028/4028
f 4034/4034/4034 4033/4033/4033 4032/4032/4032
f 4035/4035/4035 4034/4034/4034 4032/4032/4032
f 4038/4038/4038 4037/4037/4037 4036/4036/4036
f 4039/4039/4039 4038/4038/4038 4036/4036/4036
f 4042/4042/4042 4041/4041/4041 4040/4040/4040
f 4043/4043/4043 4042/4042/4042 4040/4040/4040
f 4046/4046/4046 4045/4045/4045 4044/4044/4044
f 4047/4047/4047 4046/4046/4046 4044/4044/4044
f 4050/4050/4050 4049/4049/4049 4048/4048/4048
f 4051/4051/4051 4050/4050/4050 4048/4048/4048
f 4054/4054/4054 4053/4053/4053 4052/4052/4052
f 4055/4055/4055 4054/4054/4054 4052/4052/4052
f 4058/4058/4058 4057/4057/4057 4056/4056/4056
f 4059/4059/4059 4058/4058/4058 4056/4056/4056
f 4062/4062/4062 4061/4061/4061 4060/4060/4060
f 4063/4063/4063 4062/4062/4062 4060/4060/4060
f 4066/4066/4066 4065/4065/4065 4064/4064/4064
f 4067/4067/4067 4066/4066/4066 4064/4064/4064
f 4070/4070/4070 4069/4069/4069 4068/4068/4068
f 4071/4071/4071 4070/4070/4070 4068/4068/4068
f 4074/4074/4074 4073/4073/4073 4072/4072/4072
f 4075/4075/4075 4074/4074/4074 4072/4072/4072
f 4078/4078/4078 4077/4077/4077 4076/4076/4076
f 4079/4079/4079 4078/4078/4078 4076/4076/4076
f 4082/4082/4082 4081/4081/4081 4080/4080/4080
f 4083/4083/4083 4082/4082/4082 4080/4080/4080
f 4086/4086/4086 4085/4085/4085 4084/4084/4084
f 4087/4087/4087 4086/4086/4086 4084/4084/4084
f 4090/4090/4090 4089/4089/4089 4088/4088/4088
f 4091/4091/4091 4090/4090/4090 4088/4088/4088
f 4094/4094/4094 4093/4093/4093 4092/4092/4092
f 4095/4095/4095 4094/4094/4094 4092/4092/4092
f 4098/4098/4098 4097/4097/4097 4096/4096/4096
f 4099/4099/4099 4098/4098/4098 4096/4096/4096
f 4102/4102/4102 4101/4101/4101 4100/4100/4100
f 4103/4103/4103 4102/4102/4102 4100/4100/4100
f 4106/4106/4106 4105/4105/4105 4104/4104/4104
f 4107/4107/4107 4106/4106/4106 4104/4104/4104
f 4110/4110/4110 4109/4109/4109 4108/4108/4108
f 4111/4111/4111 4110/4110/4110 4108/4108/4108
f 4114/4114/4114 4113/4113/4113 4112/4112/4112
f 4115/4115/4115 4114/4114/4114 4112/4112/4112
f 4118/4118/4118 4117/4117/4117 4116/4116/4116
f 4119/4119/4119 4118/4118/4118 4116/4116/4116
f 4122/4122/4122 4121/4121/4121 4120/4120/4120
f 4123/4123/4123 4122/4122/4122 4120/4120/4120
f 4126/4126/4126 4125/4125/4125 4124/4124/4124
f 4127/4127/4127 4126/4126/4126 4124/4124/4124
f 4130/4130/4130 4129/4129/4129 4128/4128/4128
f 4131/4131/4131 4130/4130/4130 4128/4128/4128
f 4134/4134/4134 4133/4133/4133 4132/4132/4132
f 4135/4135/4135 4134/4134/4134 4132/4132/4132
f 4138/4138/4138 4137/4137/4137 4136/4136/4136
f 4139/4139/4139 4138/4138/4138 4136/4136/4136
f 4142/4142/4142 4141/4141/4141 4140/4140/4140
f 4143/4143/4143 4142/4142/4142 4140/4140/4140
f 4146/4146/4146 4145/4145/4145 4144/4144/4144
f 4147/4147/4147 4146/4146/4146 4144/4144/4144
f 4150/4150/4150 4149/4149/4149 4148/4148/4148
f 4151/4151/4151 4150/4150/4150 4148/4148/4148
f 4154/4154/4154 4153/4153/4153 4152/4152/4152
f 4155/4155/4155 4154/4154/4154 4152/4152/4152
f 4158/4158/4158 4157/4157/4157 4156/4156/4156
f 4159/4159/4159 4158/4158/4158 4156/4156/4156
f 4162/4162/4162 4161/4161/4161 4160/4160/4160
f 4163/4163/4163 4162/4162/4162 4160/4160/4160
f 4166/4166/4166 4165/4165/4165 4164/4164/4164
f 4167/4167/4167 4166/4166/4166 4164/4164/4164
f 4170/4170/4170 4169/4169/4169 4168/4168/4168
f 4171/4171/4171 4170/4170/4170 4168/4168/4168
f 4174/4174/4174 4173/4173/4173 4172/4172/4172
f 4175/4175/4175 4174/4174/4174 4172/4172/4172
f 4178/4178/4178 4177/4177/4177 4176/4176/4176
f 4179/4179/4179 4178/4178/4178 4176/4176/4176
f 4182/4182/4182 4181/4181/4181 4180/4180/4180
f 4183/4183/4183 4182/4182/4182 4180/4180/4180
f 4186/4186/4186 4185/4185/4185 4184/4184/4184
f 4187/4187/4187 4186/4186/4186 4184/4184/4184
f 4190/4190/4190 4189/4189/4189 4188/4188/4188
f 4191/4191/4191 4190/4190/4190 4188/4188/4188
f 4194/4194/4194 4193/4193/4193 4192/4192/4192
f 4195/4195/4195 4194/4194/4194 4192/4192/4192
f 4198/4198/4198 4197/4197/4197 4196/4196/4196
f 4199/4199/4199 4198/4198/4198 4196/4196/4196
f 4202/4202/4202 4201/4201/4201 4200/4200/4200
f 4203/4203/4203 4202/4202/4202 4200/4200/4200
f 4206/4206/4206 4205/4205/4205 4204/4204/4204
f 4207/4207/4207 4206/4206/4206 4204/4204/4204
f 4210/4210/4210 4209/4209/4209 4208/4208/4208
f 4211/4211/4211 4210/4210/4210 4208/4208/4208
f 4214/4214/4214 4213/4213/4213 4212/4212/4212
f 4215/4215/4215 4214/4214/4214 4212/4212/4212
f 4218/4218/4218 4217/4217/4217 4216/4216/4216
f 4219/4219/4219 4218/4218/4218 4216/4216/4216
f 4222/4222/4222 4221/4221/4221 4220/4220/4220
f 4223/4223/4223 4222/4222/4222 4220/4220/4220
f 4226/4226/4226 4225/4225/4225 4224/4224/4224
f 4227/4227/4227 4226/4226/4226 4224/4224/4224
f 4230/4230/4230 4229/4229/4229 4228/4228/4228
f 4231/4231/4231 4230/4230/4230 4228/4228/4228
f 4234/4234/4234 4233/4233/4233 4232/4232/4232
f 4235/4235/4235 4234/4234/4234 4232/4232/4232
f 4238/4238/4238 4237/4237/4237 4236/4236/4236
f 4239/4239/4239 4238/4238/4238 4236/4236/4236
f 4242/4242/4242 4241/4241/4241 4240/4240/4240
f 4243/4243/4243 4242/4242/4242 4240/4240/4240
f 4246/4246/4246 4245/4245/4245 4244/4244/4244
f 4247/4247/4247 4246/4246/4246 4244/4244/4244
f 4250/4250/4250 4249/4249/4249 4248/4248/4248
f 4251/4251/4251 4250/4250/4250 4248/4248/4248
f 4254/4254/4254 4253/4253/4253 4252/4252/4252
f 4255/4255/4255 4254/4254/4254 4252/4252/4252
f 4258/4258/4258 4257/4257/4257 4256/4256/4256
f 4259/4259/4259 4258/4258/4258 4256/4256/4256
f 4262/4262/4262 4261/4261/4261 4260/4260/4260
f 4263/4263/4263 4262/4262/4262 4260/4260/4260
f 4266/4266/4266 4265/4265/4265 4264/4264/4264
f 4267/4267/4267 4266/4266/4266 4264/4264/4264
f 4270/4270/4270 4269/4269/4269 4268/4268/4268
f 4271/4271/4271 4270/4270/4270 4268/4268/4268
f 4274/4274/4274 4273/4273/4273 4272/4272/4272
f 4275/4275/4275 4274/4274/4274 4272/4272/4272
f 4278/4278/4278 4277/4277/4277 4276/4276/4276
f 4279/4279/4279 4278/4278/4278 4276/4276/4276
f 4282/4282/4282 4281/4281/4281 4280/4280/4280
f 4283/4283/4283 4282/4282/4282 4280/4280/4280
f 4286/4286/4286 4285/4285/4285 4284/4284/4284
f 4287/4287/4287 4286/4286/4286 4284/4284/4284
f 4290/4290/4290 4289/4289/4289 4288/4288/4288
f 4291/4291/4291 4290/4290/4290 4288/4288/4288
f 4294/4294/4294 4293/4293/4293 4292/4292/4292
f 4295/4295/4295 4294/4294/4294 4292/4292/4292
f 4298/4298/4298 4297/4297/4297 4296/4296/4296
f 4299/4299/4299 4298/4298/4298 4296/4296/4296
f 4302/4302/4302 4301/4301/4301 4300/4300/4300
f 4303/4303/4303 4302/4302/4302 4300/4300/4300
f 4306/4306/4306 4305/4305/4305 4304/4304/4304
f 4307/4307/4307 4306/4306/4306 4304/4304/4304
f 4310/4310/4310 4309/4309/4309 4308/4308/4308
f 4311/4311/4311 4310/4310/4310 4308/4308/4308
f 4314/4314/4314 4313/4313/4313 4312/4312/4312
f 4315/4315/4315 4314/4314/4314 4312/4312/4312
f 4318/4318/4318 4317/4317/4317 4316/4316/4316
f 4319/4319/4319 4318/4318/4318 4316/4316/4316
f 4322/4322/4322 4321/4321/4321 4320/4320/4320
f 4323/4323/4323 4322/4322/4322 4320/4320/4320
f 4326/4326/4326 4325/4325/4325 4324/4324/4324
f 4327/4327/4327 4326/4326/4326 4324/4324/4324
f 4330/4330/4330 4329/4329/4329 4328/4328/4328
f 4331/4331/4331 4330/4330/4330 4328/4328/4328
f 4334/4334/4334 4333/4333/4333 4332/4332/4332
f 4335/4335/4335 4334/4334/4334 4332/4332/4332
f 4338/4338/4338 4337/4337/4337 4336/4336/4336
f 4339/4339/4339 4338/4338/4338 4336/4336/4336
f 4342/4342/4342 4341/4341/4341 4340/4340/4340
f 4343/4343/4343 4342/4342/4342 4340/4340/4340
f 4346/4346/4346 4345/4345/4345 4344/4344/4344
f 4347/4347/4347 4346/4346/4346 4344/4344/4344
f 4350/4350/4350 4349/4349/4349 4348/4348/4348
f 4351/4351/4351 4350/4350/4350 4348/4348/4348
f 4354/4354/4354 4353/4353/4353 4352/4352/4352
f 4355/4355/4355 4354/4354/4354 4352/4352/4352
f 4358/4358/4358 4357/4357/4357 4356/4356/4356
f 4359/4359/4359 4358/4358/4358 4356/4356/4356
f 4362/4362/4362 4361/4361/4361 4360/4360/4360
f 4363/4363/4363 4362/4362/4362 4360/4360/4360
f 4366/4366/4366 4365/4365/4365 4364/4364/4364
f 4367/4367/4367 4366/4366/4366 4364/4364/4364
f 4370/4370/4370 4369/4369/4369 4368/4368/4368
f 4371/4371/4371 4370/4370/4370 4368/4368/4368
f 4374/4374/4374 4373/4373/4373 4372/4372/4372
f 4375/4375/4375 4374/4374/4374 4372/4372/4372
f 4378/4378/4378 4377/4377/4377 4376/4376/4376
f 4379/4379/4379 4378/4378/4378 4376/4376/4376
f 4382/4382/4382 4381/4381/4381 4380/4380/4380
f 4383/4383/4383 4382/4382/4382 4380/4380/4380
f 4386/4386/4386 4385/4385/4385 4384/4384/4384
f 4387/4387/4387 4386/4386/4386 4384/4384/4384
f 4390/4390/4390 4389/4389/4389 4388/4388/4388
f 4391/4391/4391 4390/4390/4390 4388/4388/4388
f 4394/4394/4394 4393/4393/4393 4392/4392/4392
f 4395/4395/4395 4394/4394/4394 4392/4392/4392
f 4398/4398/4398 4397/4397/4397 4396/4396/4396
f 4399/4399/4399 4398/4398/4398 4396/4396/4396
f 4402/4402/4402 4401/4401/4401 4400/4400/4400
f 4403/4403/4403 4402/4402/4402 4400/4400/4400
f 4406/4406/4406 4405/4405/4405 4404/4404/4404
f 4407/4407/4407 4406/4406/4406 4404/4404/4404
f 4410/4410/4410 4409/4409/4409 4408/4408/4408
f 4411/4411/4411 4410/4410/4410 4408/4408/4408
f 4414/4414/4414 4413/4413/4413 4412/4412/4412
f 4415/4415/4415 4414/4414/4414 4412/4412/4412
f 4418/4418/4418 4417/4417/4417 4416/4416/4416
f 4419/4419/4419 4418/4418/4418 4416/4416/4416
f 4418/4418/4418 4420/4420/4420 4417/4417/4417
f 4420/4420/4420 4421/4421/4421 4417/4417/4417
f 4420/4420/4420 4422/4422/4422 4421/4421/4421
f 4422/4422/4422 4423/4423/4423 4421/4421/4421
f 4419/4419/4419 4416/4416/4416 4424/4424/4424
f 4425/4425/4425 4419/4419/4419 4424/4424/4424
f 4416/4416/4416 4417/4417/4417 4426/4426/4426
f 4417/4417/4417 4427/4427/4427 4426/4426/4426
f 4417/4417/4417 4421/4421/4421 4427/4427/4427
f 4421/4421/4421 4428/4428/4428 4427/4427/4427
f 4421/4421/4421 4423/4423/4423 4428/4428/4428
f 4423/4423/4423 4429/4429/4429 4428/4428/4428
f 4416/4416/4416 4426/4426/4426 4430/4430/4430
f 4424/4424/4424 4416/4416/4416 4430/4430/4430
f 4433/4433/4433 4432/4432/4432 4431/4431/4431
f 4434/4434/4434 4433/4433/4433 4431/4431/4431
f 4433/4433/4433 4435/4435/4435 4432/4432/4432
f 4435/4435/4435 4436/4436/4436 4432/4432/4432
f 4435/4435/4435 4437/4437/4437 4436/4436/4436
f 4437/4437/4437 4438/4438/4438 4436/4436/4436
f 4434/4434/4434 4431/4431/4431 4439/4439/4439
f 4440/4440/4440 4434/4434/4434 4439/4439/4439
f 4441/4441/4441 4433/4433/4433 4434/4434/4434
f 4442/4442/4442 4441/4441/4441 4434/4434/4434
f 4442/4442/4442 4434/4434/4434 4440/4440/4440
f 4443/4443/4443 4435/4435/4435 4433/4433/4433
f 4441/4441/4441 4443/4443/4443 4433/4433/4433
f 4444/4444/4444 4437/4437/4437 4435/4435/4435
f 4443/4443/4443 4444/4444/4444 4435/4435/4435
f 4445/4445/4445 4442/4442/4442 4440/4440/4440
f 4448/4448/4448 4447/4447/4447 4446/4446/4446
f 4449/4449/4449 4448/4448/4448 4446/4446/4446
f 4448/4448/4448 4450/4450/4450 4447/4447/4447
f 4450/4450/4450 4451/4451/4451 4447/4447/4447
f 4450/4450/4450 4452/4452/4452 4451/4451/4451
f 4452/4452/4452 4453/4453/4453 4451/4451/4451
f 4449/4449/4449 4446/4446/4446 4454/4454/4454
f 4455/4455/4455 4449/4449/4449 4454/4454/4454
f 4456/4456/4456 4448/4448/4448 4449/4449/4449
f 4457/4457/4457 4456/4456/4456 4449/4449/4449
f 4457/4457/4457 4449/4449/4449 4455/4455/4455
f 4458/4458/4458 4450/4450/4450 4448/4448/4448
f 4456/4456/4456 4458/4458/4458 4448/4448/4448
f 4459/4459/4459 4452/4452/4452 4450/4450/4450
f 4458/4458/4458 4459/4459/4459 4450/4450/4450
f 4460/4460/4460 4457/4457/4457 4455/4455/4455
f 4463/4463/4463 4462/4462/4462 4461/4461/4461
f 4464/4464/4464 4463/4463/4463 4461/4461/4461
f 4463/4463/4463 4465/4465/4465 4462/4462/4462
f 4465/4465/4465 4466/4466/4466 4462/4462/4462
f 4465/4465/4465 4467/4467/4467 4466/4466/4466
f 4467/4467/4467 4468/4468/4468 4466/4466/4466
f 4464/4464/4464 4461/4461/4461 4469/4469/4469
f 4470/4470/4470 4464/4464/4464 4469/4469/4469
f 4471/4471/4471 4463/4463/4463 4464/4464/4464
f 4472/4472/4472 4471/4471/4471 4464/4464/4464
f 4472/4472/4472 4464/4464/4464 4470/4470/4470
f 4473/4473/4473 4465/4465/4465 4463/4463/4463
f 4471/4471/4471 4473/4473/4473 4463/4463/4463
f 4474/4474/4474 4467/4467/4467 4465/4465/4465
f 4473/4473/4473 4474/4474/4474 4465/4465/4465
f 4475/4475/4475 4472/4472/4472 4470/4470/4470
f 4476/4476/4476 4471/4471/4471 4472/4472/4472
f 4477/4477/4477 4476/4476/4476 4472/4472/4472
f 4477/4477/4477 4472/4472/4472 4475/4475/4475
f 4478/4478/4478 4473/4473/4473 4471/4471/4471
f 4476/4476/4476 4478/4478/4478 4471/4471/4471
f 4479/4479/4479 4474/4474/4474 4473/4473/4473
f 4478/4478/4478 4479/4479/4479 4473/4473/4473
f 4480/4480/4480 4477/4477/4477 4475/4475/4475
f 4483/4483/4483 4482/4482/4482 4481/4481/4481
f 4484/4484/4484 4483/4483/4483 4481/4481/4481
f 4483/4483/4483 4485/4485/4485 4482/4482/4482
f 4485/4485/4485 4486/4486/4486 4482/4482/4482
f 4485/4485/4485 4487/4487/4487 4486/4486/4486
f 4487/4487/4487 4488/4488/4488 4486/4486/4486
f 4484/4484/4484 4481/4481/4481 4489/4489/4489
f 4490/4490/4490 4484/4484/4484 4489/4489/4489
f 4491/4491/4491 4483/4483/4483 4484/4484/4484
f 4492/4492/4492 4491/4491/4491 4484/4484/4484
f 4492/4492/4492 4484/4484/4484 4490/4490/4490
f 4493/4493/4493 4485/4485/4485 4483/4483/4483
f 4491/4491/4491 4493/4493/4493 4483/4483/4483
f 4494/4494/4494 4487/4487/4487 4485/4485/4485
f 4493/4493/4493 4494/4494/4494 4485/4485/4485
f 4495/4495/4495 4492/4492/4492 4490/4490/4490
f 4498/4498/4498 4497/4497/4497 4496/4496/4496
f 4499/4499/4499 4498/4498/4498 4496/4496/4496
f 4498/4498/4498 4500/4500/4500 4497/4497/4497
f 4500/4500/4500 4501/4501/4501 4497/4497/4497
f 4500/4500/4500 4502/4502/4502 4501/4501/4501
f 4502/4502/4502 4503/4503/4503 4501/4501/4501
f 4499/4499/4499 4496/4496/4496 4504/4504/4504
f 4505/4505/4505 4499/4499/4499 4504/4504/4504
f 4506/4506/4506 4498/4498/4498 4499/4499/4499
f 4507/4507/4507 4506/4506/4506 4499/4499/4499
f 4507/4507/4507 4499/4499/4499 4505/4505/4505
f 4508/4508/4508 4500/4500/4500 4498/4498/4498
f 4506/4506/4506 4508/4508/4508 4498/4498/4498
f 4509/4509/4509 4502/4502/4502 4500/4500/4500
f 4508/4508/4508 4509/4509/4509 4500/4500/4500
f 4510/4510/4510 4507/4507/4507 4505/4505/4505
f 4513/4513/4513 4512/4512/4512 4511/4511/4511
f 4514/4514/4514 4513/4513/4513 4511/4511/4511
f 4513/4513/4513 4515/4515/4515 4512/4512/4512
f 4515/4515/4515 4516/4516/4516 4512/4512/4512
f 4515/4515/4515 4517/4517/4517 4516/4516/4516
f 4517/4517/4517 4518/4518/4518 4516/4516/4516
f 4514/4514/4514 4511/4511/4511 4519/4519/4519
f 4520/4520/4520 4514/4514/4514 4519/4519/4519
f 4521/4521/4521 4513/4513/4513 4514/4514/4514
f 4522/4522/4522 4521/4521/4521 4514/4514/4514
f 4522/4522/4522 4514/4514/4514 4520/4520/4520
f 4523/4523/4523 4515/4515/4515 4513/4513/4513
f 4521/4521/4521 4523/4523/4523 4513/4513/4513
f 4524/4524/4524 4517/4517/4517 4515/4515/4515
f 4523/4523/4523 4524/4524/4524 4515/4515/4515
f 4525/4525/4525 4522/4522/4522 4520/4520/4520
f 4528/4528/4528 4527/4527/4527 4526/4526/4526
f 4529/4529/4529 4528/4528/4528 4526/4526/4526
f 4528/4528/4528 4530/4530/4530 4527/4527/4527
f 4530/4530/4530 4531/4531/4531 4527/4527/4527
f 4530/4530/4530 4532/4532/4532 4531/4531/4531
f 4532/4532/4532 4533/4533/4533 4531/4531/4531
f 4529/4529/4529 4526/4526/4526 4534/4534/4534
f 4535/4535/4535 4529/4529/4529 4534/4534/4534
f 4536/4536/4536 4528/4528/4528 4529/4529/4529
f 4537/4537/4537 4536/4536/4536 4529/4529/4529
f 4537/4537/4537 4529/4529/4529 4535/4535/4535
f 4538/4538/4538 4530/4530/4530 4528/4528/4528
f 4536/4536/4536 4538/4538/4538 4528/4528/4528
f 4539/4539/4539 4532/4532/4532 4530/4530/4530
f 4538/4538/4538 4539/4539/4539 4530/4530/4530
f 4540/4540/4540 4537/4537/4537 4535/4535/4535
f 4543/4543/4543 4542/4542/4542 4541/4541/4541
f 4544/4544/4544 4543/4543/4543 4541/4541/4541
f 4543/4543/4543 4545/4545/4545 4542/4542/4542
f 4545/4545/4545 4546/4546/4546 4542/4542/4542
f 4545/4545/4545 4547/4547/4547 4546/4546/4546
f 4547/4547/4547 4548/4548/4548 4546/4546/4546
f 4544/4544/4544 4541/4541/4541 4549/4549/4549
f 4550/4550/4550 4544/4544/4544 4549/4549/4549
f 4551/4551/4551 4543/4543/4543 4544/4544/4544
f 4552/4552/4552 4551/4551/4551 4544/4544/4544
f 4552/4552/4552 4544/4544/4544 4550/4550/4550
f 4553/4553/4553 4545/4545/4545 4543/4543/4543
f 4551/4551/4551 4553/4553/4553 4543/4543/4543
f 4554/4554/4554 4547/4547/4547 4545/4545/4545
f 4553/4553/4553 4554/4554/4554 4545/4545/4545
f 4555/4555/4555 4552/4552/4552 4550/4550/4550
f 4558/4558/4558 4557/4557/4557 4556/4556/4556
f 4559/4559/4559 4558/4558/4558 4556/4556/4556
f 4558/4558/4558 4560/4560/4560 4557/4557/4557
f 4560/4560/4560 4561/4561/4561 4557/4557/4557
f 4560/4560/4560 4562/4562/4562 4561/4561/4561
f 4562/4562/4562 4563/4563/4563 4561/4561/4561
f 4559/4559/4559 4556/4556/4556 4564/4564/4564
f 4565/4565/4565 4559/4559/4559 4564/4564/4564
f 4566/4566/4566 4558/4558/4558 4559/4559/4559
f 4567/4567/4567 4566/4566/4566 4559/4559/4559
f 4567/4567/4567 4559/4559/4559 4565/4565/4565
f 4568/4568/4568 4560/4560/4560 4558/4558/4558
f 4566/4566/4566 4568/4568/4568 4558/4558/4558
f 4569/4569/4569 4562/4562/4562 4560/4560/4560
f 4568/4568/4568 4569/4569/4569 4560/4560/4560
f 4570/4570/4570 4567/4567/4567 4565/4565/4565
f 4573/4573/4573 4572/4572/4572 4571/4571/4571
f 4574/4574/4574 4573/4573/4573 4571/4571/4571
f 4574/4574/4574 4571/4571/4571 4575/4575/4575
f 4576/4576/4576 4574/4574/4574 4575/4575/4575
f 4576/4576/4576 4575/4575/4575 4577/4577/4577
f 4578/4578/4578 4576/4576/4576 4577/4577/4577
f 4578/4578/4578 4577/4577/4577 4579/4579/4579
f 4580/4580/4580 4578/4578/4578 4579/4579/4579
f 4581/4581/4581 4573/4573/4573 4574/4574/4574
f 4582/4582/4582 4581/4581/4581 4574/4574/4574
f 4582/4582/4582 4574/4574/4574 4576/4576/4576
f 4583/4583/4583 4578/4578/4578 4580/4580/4580
f 4584/4584/4584 4583/4583/4583 4580/4580/4580
f 4585/4585/4585 4576/4576/4576 4578/4578/4578
f 4583/4583/4583 4585/4585/4585 4578/4578/4578
f 4585/4585/4585 4582/4582/4582 4576/4576/4576
f 4586/4586/4586 4581/4581/4581 4582/4582/4582
f 4587/4587/4587 4586/4586/4586 4582/4582/4582
f 4587/4587/4587 4582/4582/4582 4585/4585/4585
f 4588/4588/4588 4583/4583/4583 4584/4584/4584
f 4589/4589/4589 4588/4588/4588 4584/4584/4584
f 4590/4590/4590 4585/4585/4585 4583/4583/4583
f 4588/4588/4588 4590/4590/4590 4583/4583/4583
f 4590/4590/4590 4587/4587/4587 4585/4585/4585
f 4591/4591/4591 4586/4586/4586 4587/4587/4587
f 4592/4592/4592 4591/4591/4591 4587/4587/4587
f 4592/4592/4592 4587/4587/4587 4590/4590/4590
f 4593/4593/4593 4588/4588/4588 4589/4589/4589
f 4594/4594/4594 4593/4593/4593 4589/4589/4589
f 4595/4595/4595 4590/4590/4590 4588/4588/4588
f 4593/4593/4593 4595/4595/4595 4588/4588/4588
f 4595/4595/4595 4592/4592/4592 4590/4590/4590
f 4596/4596/4596 4591/4591/4591 4592/4592/4592
f 4597/4597/4597 4596/4596/4596 4592/4592/4592
f 4597/4597/4597 4592/4592/4592 4595/4595/4595
f 4598/4598/4598 4593/4593/4593 4594/4594/4594
f 4599/4599/4599 4598/4598/4598 4594/4594/4594
f 4600/4600/4600 4595/4595/4595 4593/4593/4593
f 4598/4598/4598 4600/4600/4600 4593/4593/4593
f 4600/4600/4600 4597/4597/4597 4595/4595/4595
f 4603/4603/4603 4602/4602/4602 4601/4601/4601
f 4604/4604/4604 4603/4603/4603 4601/4601/4601
f 4604/4604/4604 4601/4601/4601 4605/4605/4605
f 4606/4606/4606 4604/4604/4604 4605/4605/4605
f 4606/4606/4606 4605/4605/4605 4607/4607/4607
f 4608/4608/4608 4606/4606/4606 4607/4607/4607
f 4608/4608/4608 4607/4607/4607 4609/4609/4609
f 4610/4610/4610 4608/4608/4608 4609/4609/4609
f 4611/4611/4611 4603/4603/4603 4604/4604/4604
f 4612/4612/4612 4611/4611/4611 4604/4604/4604
f 4612/4612/4612 4604/4604/4604 4606/4606/4606
f 4613/4613/4613 4608/4608/4608 4610/4610/4610
f 4614/4614/4614 4613/4613/4613 4610/4610/4610
f 4615/4615/4615 4606/4606/4606 4608/4608/4608
f 4613/4613/4613 4615/4615/4615 4608/4608/4608
f 4615/4615/4615 4612/4612/4612 4606/4606/4606
f 4616/4616/4616 4611/4611/4611 4612/4612/4612
f 4617/4617/4617 4616/4616/4616 4612/4612/4612
f 4617/4617/4617 4612/4612/4612 4615/4615/4615
f 4618/4618/4618 4613/4613/4613 4614/4614/4614
f 4619/4619/4619 4618/4618/4618 4614/4614/4614
f 4620/4620/4620 4615/4615/4615 4613/4613/4613
f 4618/4618/4618 4620/4620/4620 4613/4613/4613
f 4620/4620/4620 4617/4617/4617 4615/4615/4615
f 4621/4621/4621 4616/4616/4616 4617/4617/4617
f 4622/4622/4622 4621/4621/4621 4617/4617/4617
f 4622/4622/4622 4617/4617/4617 4620/4620/4620
f 4623/4623/4623 4618/4618/4618 4619/4619/4619
f 4624/4624/4624 4623/4623/4623 4619/4619/4619
f 4625/4625/4625 4620/4620/4620 4618/4618/4618
f 4623/4623/4623 4625/4625/4625 4618/4618/4618
f 4625/4625/4625 4622/4622/4622 4620/4620/4620
f 4628/4628/4628 4627/4627/4627 4626/4626/4626
f 4629/4629/4629 4628/4628/4628 4626/4626/4626
f 4629/4629/4629 4626/4626/4626 4630/4630/4630
f 4631/4631/4631 4629/4629/4629 4630/4630/4630
f 4631/4631/4631 4630/4630/4630 4632/4632/4632
f 4633/4633/4633 4631/4631/4631 4632/4632/4632
f 4633/4633/4633 4632/4632/4632 4634/4634/4634
f 4635/4635/4635 4633/4633/4633 4634/4634/4634
f 4636/4636/4636 4628/4628/4628 4629/4629/4629
f 4637/4637/4637 4636/4636/4636 4629/4629/4629
f 4637/4637/4637 4629/4629/4629 4631/4631/4631
f 4638/4638/4638 4633/4633/4633 4635/4635/4635
f 4639/4639/4639 4638/4638/4638 4635/4635/4635
f 4640/4640/4640 4631/4631/4631 4633/4633/4633
f 4638/4638/4638 4640/4640/4640 4633/4633/4633
f 4640/4640/4640 4637/4637/4637 4631/4631/4631
f 4643/4643/4643 4642/4642/4642 4641/4641/4641
f 4644/4644/4644 4643/4643/4643 4641/4641/4641
f 4644/4644/4644 4641/4641/4641 4645/4645/4645
f 4646/4646/4646 4644/4644/4644 4645/4645/4645
f 4646/4646/4646 4645/4645/4645 4647/4647/4647
f 4648/4648/4648 4646/4646/4646 4647/4647/4647
f 4648/4648/4648 4647/4647/4647 4649/4649/4649
f 4650/4650/4650 4648/4648/4648 4649/4649/4649
f 4651/4651/4651 4643/4643/4643 4644/4644/4644
f 4652/4652/4652 4651/4651/4651 4644/4644/4644
f 4652/4652/4652 4644/4644/4644 4646/4646/4646
f 4653/4653/4653 4648/4648/4648 4650/4650/4650
f 4654/4654/4654 4653/4653/4653 4650/4650/4650
f 4655/4655/4655 4646/4646/4646 4648/4648/4648
f 4653/4653/4653 4655/4655/4655 4648/4648/4648
f 4655/4655/4655 4652/4652/4652 4646/4646/4646
f 4658/4658/4658 4657/4657/4657 4656/4656/4656
f 4659/4659/4659 4658/4658/4658 4656/4656/4656
f 4659/4659/4659 4656/4656/4656 4660/4660/4660
f 4661/4661/4661 4659/4659/4659 4660/4660/4660
f 4661/4661/4661 4660/4660/4660 4662/4662/4662
f 4663/4663/4663 4661/4661/4661 4662/4662/4662
f 4663/4663/4663 4662/4662/4662 4664/4664/4664
f 4665/4665/4665 4663/4663/4663 4664/4664/4664
f 4668/4668/4668 4667/4667/4667 4666/4666/4666
f 4669/4669/4669 4668/4668/4668 4666/4666/4666
f 4669/4669/4669 4666/4666/4666 4670/4670/4670
f 4671/4671/4671 4669/4669/4669 4670/4670/4670
f 4671/4671/4671 4670/4670/4670 4672/4672/4672
f 4673/4673/4673 4671/4671/4671 4672/4672/4672
f 4673/4673/4673 4672/4672/4672 4674/4674/4674
f 4675/4675/4675 4673/4673/4673 4674/4674/4674
f 4676/4676/4676 4668/4668/4668 4669/4669/4669
f 4677/4677/4677 4676/4676/4676 4669/4669/4669
f 4677/4677/4677 4669/4669/4669 4671/4671/4671
f 4678/4678/4678 4673/4673/4673 4675/4675/4675
f 4679/4679/4679 4678/4678/4678 4675/4675/4675
f 4680/4680/4680 4671/4671/4671 4673/4673/4673
f 4678/4678/4678 4680/4680/4680 4673/4673/4673
f 4680/4680/4680 4677/4677/4677 4671/4671/4671
f 4683/4683/4683 4682/4682/4682 4681/4681/4681
f 4684/4684/4684 4683/4683/4683 4681/4681/4681
f 4684/4684/4684 4681/4681/4681 4685/4685/4685
f 4686/4686/4686 4684/4684/4684 4685/4685/4685
f 4686/4686/4686 4685/4685/4685 4687/4687/4687
f 4688/4688/4688 4686/4686/4686 4687/4687/4687
f 4688/4688/4688 4687/4687/4687 4689/4689/4689
f 4690/4690/4690 4688/4688/4688 4689/4689/4689
f 4691/4691/4691 4683/4683/4683 4684/4684/4684
f 4692/4692/4692 4691/4691/4691 4684/4684/4684
f 4692/4692/4692 4684/4684/4684 4686/4686/4686
f 4693/4693/4693 4688/4688/4688 4690/4690/4690
f 4694/4694/4694 4693/4693/4693 4690/4690/4690
f 4695/4695/4695 4686/4686/4686 4688/4688/4688
f 4693/4693/4693 4695/4695/4695 4688/4688/4688
f 4695/4695/4695 4692/4692/4692 4686/4686/4686
f 4696/4696/4696 4691/4691/4691 4692/4692/4692
f 4697/4697/4697 4696/4696/4696 4692/4692/4692
f 4697/4697/4697 4692/4692/4692 4695/4695/4695
f 4698/4698/4698 4693/4693/4693 4694/4694/4694
f 4699/4699/4699 4698/4698/4698 4694/4694/4694
f 4700/4700/4700 4695/4695/4695 4693/4693/4693
f 4698/4698/4698 4700/4700/4700 4693/4693/4693
f 4700/4700/4700 4697/4697/4697 4695/4695/4695
f 4701/4701/4701 4696/4696/4696 4697/4697/4697
f 4702/4702/4702 4701/4701/4701 4697/4697/4697
f 4702/4702/4702 4697/4697/4697 4700/4700/4700
f 4703/4703/4703 4698/4698/4698 4699/4699/4699
f 4704/4704/4704 4703/4703/4703 4699/4699/4699
f 4705/4705/4705 4700/4700/4700 4698/4698/4698
f 4703/4703/4703 4705/4705/4705 4698/4698/4698
f 4705/4705/4705 4702/4702/4702 4700/4700/4700
f 4708/4708/4708 4707/4707/4707 4706/4706/4706
f 4709/4709/4709 4708/4708/4708 4706/4706/4706
f 4709/4709/4709 4706/4706/4706 4710/4710/4710
f 4711/4711/4711 4709/4709/4709 4710/4710/4710
f 4711/4711/4711 4710/4710/4710 4712/4712/4712
f 4713/4713/4713 4711/4711/4711 4712/4712/4712
f 4713/4713/4713 4712/4712/4712 4714/4714/4714
f 4715/4715/4715 4713/4713/4713 4714/4714/4714
f 4716/4716/4716 4708/4708/4708 4709/4709/4709
f 4717/4717/4717 4716/4716/4716 4709/4709/4709
f 4717/4717/4717 4709/4709/4709 4711/4711/4711
f 4718/4718/4718 4713/4713/4713 4715/4715/4715
f 4719/4719/4719 4718/4718/4718 4715/4715/4715
f 4720/4720/4720 4711/4711/4711 4713/4713/4713
f 4718/4718/4718 4720/4720/4720 4713/4713/4713
f 4720/4720/4720 4717/4717/4717 4711/4711/4711
f 4723/4723/4723 4722/4722/4722 4721/4721/4721
f 4724/4724/4724 4723/4723/4723 4721/4721/4721
f 4724/4724/4724 4721/4721/4721 4725/4725/4725
f 4726/4726/4726 4724/4724/4724 4725/4725/4725
f 4726/4726/4726 4725/4725/4725 4727/4727/4727
f 4728/4728/4728 4726/4726/4726 4727/4727/4727
f 4728/4728/4728 4727/4727/4727 4729/4729/4729
f 4730/4730/4730 4728/4728/4728 4729/4729/4729
f 4731/4731/4731 4723/4723/4723 4724/4724/4724
f 4732/4732/4732 4731/4731/4731 4724/4724/4724
f 4732/4732/4732 4724/4724/4724 4726/4726/4726
f 4733/4733/4733 4728/4728/4728 4730/4730/4730
f 4734/4734/4734 4733/4733/4733 4730/4730/4730
f 4735/4735/4735 4726/4726/4726 4728/4728/4728
f 4733/4733/4733 4735/4735/4735 4728/4728/4728
f 4735/4735/4735 4732/4732/4732 4726/4726/4726
f 4738/4738/4738 4737/4737/4737 4736/4736/4736
f 4739/4739/4739 4738/4738/4738 4736/4736/4736
f 4739/4739/4739 4736/4736/4736 4740/4740/4740
f 4741/4741/4741 4739/4739/4739 4740/4740/4740
f 4741/4741/4741 4740/4740/4740 4742/4742/4742
f 4743/4743/4743 4741/4741/4741 4742/4742/4742
f 4743/4743/4743 4742/4742/4742 4744/4744/4744
f 4745/4745/4745 4743/4743/4743 4744/4744/4744
f 4746/4746/4746 4738/4738/4738 4739/4739/4739
f 4747/4747/4747 4746/4746/4746 4739/4739/4739
f 4747/4747/4747 4739/4739/4739 4741/4741/4741
f 4748/4748/4748 4743/4743/4743 4745/4745/4745
f 4749/4749/4749 4748/4748/4748 4745/4745/4745
f 4750/4750/4750 4741/4741/4741 4743/4743/4743
f 4748/4748/4748 4750/4750/4750 4743/4743/4743
f 4750/4750/4750 4747/4747/4747 4741/4741/4741
f 4753/4753/4753 4752/4752/4752 4751/4751/4751
f 4754/4754/4754 4753/4753/4753 4751/4751/4751
f 4755/4755/4755 4753/4753/4753 4754/4754/4754
f 4756/4756/4756 4755/4755/4755 4754/4754/4754
f 4759/4759/4759 4758/4758/4758 4757/4757/4757
f 4760/4760/4760 4759/4759/4759 4757/4757/4757
f 4761/4761/4761 4759/4759/4759 4760/4760/4760
f 4762/4762/4762 4761/4761/4761 4760/4760/4760
f 4765/4765/4765 4764/4764/4764 4763/4763/4763
f 4766/4766/4766 4765/4765/4765 4763/4763/4763
f 4767/4767/4767 4765/4765/4765 4766/4766/4766
f 4768/4768/4768 4767/4767/4767 4766/4766/4766
f 4771/4771/4771 4770/4770/4770 4769/4769/4769
f 4772/4772/4772 4771/4771/4771 4769/4769/4769
f 4773/4773/4773 4771/4771/4771 4772/4772/4772
f 4774/4774/4774 4773/4773/4773 4772/4772/4772
f 4777/4777/4777 4776/4776/4776 4775/4775/4775
f 4778/4778/4778 4777/4777/4777 4775/4775/4775
f 4779/4779/4779 4777/4777/4777 4778/4778/4778
f 4780/4780/4780 4779/4779/4779 4778/4778/4778
f 4783/4783/4783 4782/4782/4782 4781/4781/4781
f 4784/4784/4784 4783/4783/4783 4781/4781/4781
f 4785/4785/4785 4783/4783/4783 4784/4784/4784
f 4786/4786/4786 4785/4785/4785 4784/4784/4784
f 4789/4789/4789 4788/4788/4788 4787/4787/4787
f 4790/4790/4790 4789/4789/4789 4787/4787/4787
f 4791/4791/4791 4789/4789/4789 4790/4790/4790
f 4792/4792/4792 4791/4791/4791 4790/4790/4790
f 4795/4795/4795 4794/4794/4794 4793/4793/4793
f 4796/4796/4796 4795/4795/4795 4793/4793/4793
f 4797/4797/4797 4795/4795/4795 4796/4796/4796
f 4798/4798/4798 4797/4797/4797 4796/4796/4796
f 4801/4801/4801 4800/4800/4800 4799/4799/4799
f 4802/4802/4802 4801/4801/4801 4799/4799/4799
f 4803/4803/4803 4801/4801/4801 4802/4802/4802
f 4804/4804/4804 4803/4803/4803 4802/4802/4802
f 4807/4807/4807 4806/4806/4806 4805/4805/4805
f 4808/4808/4808 4807/4807/4807 4805/4805/4805
f 4809/4809/4809 4807/4807/4807 4808/4808/4808
f 4810/4810/4810 4809/4809/4809 4808/4808/4808
f 4813/4813/4813 4812/4812/4812 4811/4811/4811
f 4814/4814/4814 4813/4813/4813 4811/4811/4811
f 4815/4815/4815 4813/4813/4813 4814/4814/4814
f 4816/4816/4816 4815/4815/4815 4814/4814/4814
f 4819/4819/4819 4818/4818/4818 4817/4817/4817
f 4820/4820/4820 4819/4819/4819 4817/4817/4817
f 4821/4821/4821 4819/4819/4819 4820/4820/4820
f 4822/4822/4822 4821/4821/4821 4820/4820/4820
f 4825/4825/4825 4824/4824/4824 4823/4823/4823
f 4826/4826/4826 4825/4825/4825 4823/4823/4823
f 4827/4827/4827 4825/4825/4825 4826/4826/4826
f 4828/4828/4828 4827/4827/4827 4826/4826/4826
f 4829/4829/4829 4827/4827/4827 4828/4828/4828
f 4830/4830/4830 4829/4829/4829 4828/4828/4828
f 4833/4833/4833 4832/4832/4832 4831/4831/4831
f 4834/4834/4834 4833/4833/4833 4831/4831/4831
f 4835/4835/4835 4833/4833/4833 4834/4834/4834
f 4836/4836/4836 4835/4835/4835 4834/4834/4834
f 4837/4837/4837 4835/4835/4835 4836/4836/4836
f 4838/4838/4838 4837/4837/4837 4836/4836/4836
f 4841/4841/4841 4840/4840/4840 4839/4839/4839
f 4842/4842/4842 4841/4841/4841 4839/4839/4839
f 4843/4843/4843 4841/4841/4841 4842/4842/4842
f 4844/4844/4844 4843/4843/4843 4842/4842/4842
f 4845/4845/4845 4843/4843/4843 4844/4844/4844
f 4846/4846/4846 4845/4845/4845 4844/4844/4844
f 4849/4849/4849 4848/4848/4848 4847/4847/4847
f 4850/4850/4850 4849/4849/4849 4847/4847/4847
f 4851/4851/4851 4849/4849/4849 4850/4850/4850
f 4852/4852/4852 4851/4851/4851 4850/4850/4850
f 4853/4853/4853 4851/4851/4851 4852/4852/4852
f 4854/4854/4854 4853/4853/4853 4852/4852/4852
f 4857/4857/4857 4856/4856/4856 4855/4855/4855
f 4858/4858/4858 4857/4857/4857 4855/4855/4855
f 4859/4859/4859 4857/4857/4857 4858/4858/4858
f 4860/4860/4860 4859/4859/4859 4858/4858/4858
f 4861/4861/4861 4859/4859/4859 4860/4860/4860
f 4862/4862/4862 4861/4861/4861 4860/4860/4860
f 4865/4865/4865 4864/4864/4864 4863/4863/4863
f 4866/4866/4866 4865/4865/4865 4863/4863/4863
f 4867/4867/4867 4865/4865/4865 4866/4866/4866
f 4868/4868/4868 4867/4867/4867 4866/4866/4866
f 4869/4869/4869 4867/4867/4867 4868/4868/4868
f 4870/4870/4870 4869/4869/4869 4868/4868/4868
f 4873/4873/4873 4872/4872/4872 4871/4871/4871
f 4874/4874/4874 4873/4873/4873 4871/4871/4871
f 4875/4875/4875 4873/4873/4873 4874/4874/4874
f 4876/4876/4876 4875/4875/4875 4874/4874/4874
f 4877/4877/4877 4875/4875/4875 4876/4876/4876
f 4878/4878/4878 4877/4877/4877 4876/4876/4876
f 4881/4881/4881 4880/4880/4880 4879/4879/4879
f 4882/4882/4882 4881/4881/4881 4879/4879/4879
f 4883/4883/4883 4881/4881/4881 4882/4882/4882
f 4884/4884/4884 4883/4883/4883 4882/4882/4882
f 4885/4885/4885 4883/4883/4883 4884/4884/4884
f 4886/4886/4886 4885/4885/4885 4884/4884/4884
f 4889/4889/4889 4888/4888/4888 4887/4887/4887
f 4890/4890/4890 4889/4889/4889 4887/4887/4887
f 4893/4893/4893 4892/4892/4892 4891/4891/4891
f 4894/4894/4894 4893/4893/4893 4891/4891/4891
f 4897/4897/4897 4896/4896/4896 4895/4895/4895
f 4898/4898/4898 4897/4897/4897 4895/4895/4895
f 4901/4901/4901 4900/4900/4900 4899/4899/4899
f 4902/4902/4902 4901/4901/4901 4899/4899/4899
f 4905/4905/4905 4904/4904/4904 4903/4903/4903
f 4906/4906/4906 4905/4905/4905 4903/4903/4903
f 4907/4907/4907 4905/4905/4905 4906/4906/4906
f 4908/4908/4908 4907/4907/4907 4906/4906/4906
f 4911/4911/4911 4910/4910/4910 4909/4909/4909
f 4912/4912/4912 4911/4911/4911 4909/4909/4909
f 4913/4913/4913 4911/4911/4911 4912/4912/4912
f 4914/4914/4914 4913/4913/4913 4912/4912/4912
f 4917/4917/4917 4916/4916/4916 4915/4915/4915
f 4918/4918/4918 4917/4917/4917 4915/4915/4915
f 4919/4919/4919 4917/4917/4917 4918/4918/4918
f 4920/4920/4920 4919/4919/4919 4918/4918/4918
f 4923/4923/4923 4922/4922/4922 4921/4921/4921
f 4924/4924/4924 4923/4923/4923 4921/4921/4921
f 4925/4925/4925 4923/4923/4923 4924/4924/4924
f 4926/4926/4926 4925/4925/4925 4924/4924/4924
f 4929/4929/4929 4928/4928/4928 4927/4927/4927
f 4930/4930/4930 4929/4929/4929 4927/4927/4927
f 4931/4931/4931 4929/4929/4929 4930/4930/4930
f 4932/4932/4932 4931/4931/4931 4930/4930/4930
f 4935/4935/4935 4934/4934/4934 4933/4933/4933
f 4936/4936/4936 4935/4935/4935 4933/4933/4933
f 4937/4937/4937 4935/4935/4935 4936/4936/4936
f 4938/4938/4938 4937/4937/4937 4936/4936/4936
f 4941/4941/4941 4940/4940/4940 4939/4939/4939
f 4942/4942/4942 4941/4941/4941 4939/4939/4939
f 4943/4943/4943 4941/4941/4941 4942/4942/4942
f 4944/4944/4944 4943/4943/4943 4942/4942/4942
f 4947/4947/4947 4946/4946/4946 4945/4945/4945
f 4948/4948/4948 4947/4947/4947 4945/4945/4945
f 4949/4949/4949 4947/4947/4947 4948/4948/4948
f 4950/4950/4950 4949/4949/4949 4948/4948/4948
f 4953/4953/4953 4952/4952/4952 4951/4951/4951
f 4954/4954/4954 4953/4953/4953 4951/4951/4951
f 4955/4955/4955 4953/4953/4953 4954/4954/4954
f 4956/4956/4956 4955/4955/4955 4954/4954/4954
f 4957/4957/4957 4955/4955/4955 4956/4956/4956
f 4958/4958/4958 4957/4957/4957 4956/4956/4956
f 4961/4961/4961 4960/4960/4960 4959/4959/4959
f 4962/4962/4962 4961/4961/4961 4959/4959/4959
f 4963/4963/4963 4961/4961/4961 4962/4962/4962
f 4964/4964/4964 4963/4963/4963 4962/4962/4962
f 4965/4965/4965 4963/4963/4963 4964/4964/4964
f 4966/4966/4966 4965/4965/4965 4964/4964/4964
f 4969/4969/4969 4968/4968/4968 4967/4967/4967
f 4970/4970/4970 4969/4969/4969 4967/4967/4967
f 4971/4971/4971 4969/4969/4969 4970/4970/4970
f 4972/4972/4972 4971/4971/4971 4970/4970/4970
f 4973/4973/4973 4971/4971/4971 4972/4972/4972
f 4974/4974/4974 4973/4973/4973 4972/4972/4972
f 4977/4977/4977 4976/4976/4976 4975/4975/4975
f 4978/4978/4978 4977/4977/4977 4975/4975/4975
f 4979/4979/4979 4977/4977/4977 4978/4978/4978
f 4980/4980/4980 4979/4979/4979 4978/4978/4978
f 4981/4981/4981 4979/4979/4979 4980/4980/4980
f 4982/4982/4982 4981/4981/4981 4980/4980/4980
f 4985/4985/4985 4984/4984/4984 4983/4983/4983
f 4986/4986/4986 4985/4985/4985 4983/4983/4983
f 4987/4987/4987 4985/4985/4985 4986/4986/4986
f 4988/4988/4988 4987/4987/4987 4986/4986/4986
f 4989/4989/4989 4987/4987/4987 4988/4988/4988
f 4990/4990/4990 4989/4989/4989 4988/4988/4988
f 4993/4993/4993 4992/4992/4992 4991/4991/4991
f 4994/4994/4994 4993/4993/4993 4991/4991/4991
f 4995/4995/4995 4993/4993/4993 4994/4994/4994
f 4996/4996/4996 4995/4995/4995 4994/4994/4994
f 4997/4997/4997 4995/4995/4995 4996/4996/4996
f 4998/4998/4998 4997/4997/4997 4996/4996/4996
f 5001/5001/5001 5000/5000/5000 4999/4999/4999
f 5002/5002/5002 5001/5001/5001 4999/4999/4999
f 5003/5003/5003 5001/5001/5001 5002/5002/5002
f 5004/5004/5004 5003/5003/5003 5002/5002/5002
f 5005/5005/5005 5003/5003/5003 5004/5004/5004
f 5006/5006/5006 5005/5005/5005 5004/5004/5004
f 5009/5009/5009 5008/5008/5008 5007/5007/5007
f 5010/5010/5010 5009/5009/5009 5007/5007/5007
f 5011/5011/5011 5009/5009/5009 5010/5010/5010
f 5012/5012/5012 5011/5011/5011 5010/5010/5010
f 5013/5013/5013 5011/5011/5011 5012/5012/5012
f 5014/5014/5014 5013/5013/5013 5012/5012/5012
f 5017/5017/5017 5016/5016/5016 5015/5015/5015
f 5018/5018/5018 5017/5017/5017 5015/5015/5015
f 5019/5019/5019 5017/5017/5017 5018/5018/5018
f 5020/5020/5020 5019/5019/5019 5018/5018/5018
f 5023/5023/5023 5022/5022/5022 5021/5021/5021
f 5024/5024/5024 5023/5023/5023 5021/5021/5021
f 5025/5025/5025 5023/5023/5023 5024/5024/5024
f 5026/5026/5026 5025/5025/5025 5024/5024/5024
f 5029/5029/5029 5028/5028/5028 5027/5027/5027
f 5030/5030/5030 5029/5029/5029 5027/5027/5027
f 5031/5031/5031 5029/5029/5029 5030/5030/5030
f 5032/5032/5032 5031/5031/5031 5030/5030/5030
f 5035/5035/5035 5034/5034/5034 5033/5033/5033
f 5036/5036/5036 5035/5035/5035 5033/5033/5033
f 5037/5037/5037 5035/5035/5035 5036/5036/5036
f 5038/5038/5038 5037/5037/5037 5036/5036/5036
f 5041/5041/5041 5040/5040/5040 5039/5039/5039
f 5042/5042/5042 5041/5041/5041 5039/5039/5039
f 5043/5043/5043 5041/5041/5041 5042/5042/5042
f 5044/5044/5044 5043/5043/5043 5042/5042/5042
f 5047/5047/5047 5046/5046/5046 5045/5045/5045
f 5048/5048/5048 5047/5047/5047 5045/5045/5045
f 5049/5049/5049 5047/5047/5047 5048/5048/5048
f 5050/5050/5050 5049/5049/5049 5048/5048/5048
f 5053/5053/5053 5052/5052/5052 5051/5051/5051
f 5054/5054/5054 5053/5053/5053 5051/5051/5051
f 5055/5055/5055 5053/5053/5053 5054/5054/5054
f 5056/5056/5056 5055/5055/5055 5054/5054/5054
f 5059/5059/5059 5058/5058/5058 5057/5057/5057
f 5060/5060/5060 5059/5059/5059 5057/5057/5057
f 5061/5061/5061 5059/5059/5059 5060/5060/5060
f 5062/5062/5062 5061/5061/5061 5060/5060/5060
f 5065/5065/5065 5064/5064/5064 5063/5063/5063
f 5066/5066/5066 5065/5065/5065 5063/5063/5063
f 5067/5067/5067 5065/5065/5065 5066/5066/5066
f 5068/5068/5068 5067/5067/5067 5066/5066/5066
f 5071/5071/5071 5070/5070/5070 5069/5069/5069
f 5072/5072/5072 5071/5071/5071 5069/5069/5069
f 5073/5073/5073 5071/5071/5071 5072/5072/5072
f 5074/5074/5074 5073/5073/5073 5072/5072/5072
f 5077/5077/5077 5076/5076/5076 5075/5075/5075
f 5078/5078/5078 5077/5077/5077 5075/5075/5075
f 5079/5079/5079 5077/5077/5077 5078/5078/5078
f 5080/5080/5080 5079/5079/5079 5078/5078/5078
f 5083/5083/5083 5082/5082/5082 5081/5081/5081
f 5084/5084/5084 5083/5083/5083 5081/5081/5081
f 5085/5085/5085 5083/5083/5083 5084/5084/5084
f 5086/5086/5086 5085/5085/5085 5084/5084/5084
f 5089/5089/5089 5088/5088/5088 5087/5087/5087
f 5090/5090/5090 5089/5089/5089 5087/5087/5087
f 5091/5091/5091 5089/5089/5089 5090/5090/5090
f 5092/5092/5092 5091/5091/5091 5090/5090/5090
f 5095/5095/5095 5094/5094/5094 5093/5093/5093
f 5096/5096/5096 5095/5095/5095 5093/5093/5093
f 5097/5097/5097 5095/5095/5095 5096/5096/5096
f 5098/5098/5098 5097/5097/5097 5096/5096/5096
f 5101/5101/5101 5100/5100/5100 5099/5099/5099
f 5102/5102/5102 5101/5101/5101 5099/5099/5099
f 5103/5103/5103 5101/5101/5101 5102/5102/5102
f 5104/5104/5104 5103/5103/5103 5102/5102/5102
f 5107/5107/5107 5106/5106/5106 5105/5105/5105
f 5108/5108/5108 5107/5107/5107 5105/5105/5105
f 5109/5109/5109 5107/5107/5107 5108/5108/5108
f 5110/5110/5110 5109/5109/5109 5108/5108/5108
f 5113/5113/5113 5112/5112/5112 5111/5111/5111
f 5114/5114/5114 5113/5113/5113 5111/5111/5111
f 5115/5115/5115 5113/5113/5113 5114/5114/5114
f 5116/5116/5116 5115/5115/5115 5114/5114/5114
f 5119/5119/5119 5118/5118/5118 5117/5117/5117
f 5120/5120/5120 5119/5119/5119 5117/5117/5117
f 5121/5121/5121 5119/5119/5119 5120/5120/5120
f 5122/5122/5122 5121/5121/5121 5120/5120/5120
f 5125/5125/5125 5124/5124/5124 5123/5123/5123
f 5126/5126/5126 5125/5125/5125 5123/5123/5123
f 5127/5127/5127 5125/5125/5125 5126/5126/5126
f 5128/5128/5128 5127/5127/5127 5126/5126/5126
f 5131/5131/5131 5130/5130/5130 5129/5129/5129
f 5132/5132/5132 5131/5131/5131 5129/5129/5129
f 5133/5133/5133 5131/5131/5131 5132/5132/5132
f 5134/5134/5134 5133/5133/5133 5132/5132/5132
f 5137/5137/5137 5136/5136/5136 5135/5135/5135
f 5138/5138/5138 5137/5137/5137 5135/5135/5135
f 5139/5139/5139 5137/5137/5137 5138/5138/5138
f 5140/5140/5140 5139/5139/5139 5138/5138/5138
f 5141/5141/5141 5139/5139/5139 5140/5140/5140
f 5142/5142/5142 5141/5141/5141 5140/5140/5140
f 5145/5145/5145 5144/5144/5144 5143/5143/5143
f 5146/5146/5146 5145/5145/5145 5143/5143/5143
f 5147/5147/5147 5145/5145/5145 5146/5146/5146
f 5148/5148/5148 5147/5147/5147 5146/5146/5146
f 5149/5149/5149 5147/5147/5147 5148/5148/5148
f 5150/5150/5150 5149/5149/5149 5148/5148/5148
f 5153/5153/5153 5152/5152/5152 5151/5151/5151
f 5154/5154/5154 5153/5153/5153 5151/5151/5151
f 5155/5155/5155 5153/5153/5153 5154/5154/5154
f 5156/5156/5156 5155/5155/5155 5154/5154/5154
f 5157/5157/5157 5155/5155/5155 5156/5156/5156
f 5158/5158/5158 5157/5157/5157 5156/5156/5156
f 5161/5161/5161 5160/5160/5160 5159/5159/5159
f 5162/5162/5162 5161/5161/5161 5159/5159/5159
f 5163/5163/5163 5161/5161/5161 5162/5162/5162
f 5164/5164/5164 5163/5163/5163 5162/5162/5162
f 5165/5165/5165 5163/5163/5163 5164/5164/5164
f 5166/5166/5166 5165/5165/5165 5164/5164/5164
f 5169/5169/5169 5168/5168/5168 5167/5167/5167
f 5170/5170/5170 5169/5169/5169 5167/5167/5167
f 5173/5173/5173 5172/5172/5172 5171/5171/5171
f 5174/5174/5174 5173/5173/5173 5171/5171/5171
f 5177/5177/5177 5176/5176/5176 5175/5175/5175
f 5178/5178/5178 5177/5177/5177 5175/5175/5175
f 5181/5181/5181 5180/5180/5180 5179/5179/5179
f 5182/5182/5182 5181/5181/5181 5179/5179/5179
f 5185/5185/5185 5184/5184/5184 5183/5183/5183
f 5186/5186/5186 5185/5185/5185 5183/5183/5183
f 5189/5189/5189 5188/5188/5188 5187/5187/5187
f 5190/5190/5190 5189/5189/5189 5187/5187/5187
f 5193/5193/5193 5192/5192/5192 5191/5191/5191
f 5194/5194/5194 5193/5193/5193 5191/5191/5191
f 5197/5197/5197 5196/5196/5196 5195/5195/5195
f 5198/5198/5198 5197/5197/5197 5195/5195/5195
f 5201/5201/5201 5200/5200/5200 5199/5199/5199
f 5202/5202/5202 5201/5201/5201 5199/5199/5199
f 5205/5205/5205 5204/5204/5204 5203/5203/5203
f 5206/5206/5206 5205/5205/5205 5203/5203/5203
f 5209/5209/5209 5208/5208/5208 5207/5207/5207
f 5210/5210/5210 5209/5209/5209 5207/5207/5207
f 5213/5213/5213 5212/5212/5212 5211/5211/5211
f 5214/5214/5214 5213/5213/5213 5211/5211/5211
f 5217/5217/5217 5216/5216/5216 5215/5215/5215
f 5218/5218/5218 5217/5217/5217 5215/5215/5215
f 5221/5221/5221 5220/5220/5220 5219/5219/5219
f 5222/5222/5222 5221/5221/5221 5219/5219/5219
f 5225/5225/5225 5224/5224/5224 5223/5223/5223
f 5226/5226/5226 5225/5225/5225 5223/5223/5223
f 5229/5229/5229 5228/5228/5228 5227/5227/5227
f 5230/5230/5230 5229/5229/5229 5227/5227/5227
f 5233/5233/5233 5232/5232/5232 5231/5231/5231
f 5234/5234/5234 5233/5233/5233 5231/5231/5231
f 5237/5237/5237 5236/5236/5236 5235/5235/5235
f 5238/5238/5238 5237/5237/5237 5235/5235/5235
f 5241/5241/5241 5240/5240/5240 5239/5239/5239
f 5242/5242/5242 5241/5241/5241 5239/5239/5239
f 5245/5245/5245 5244/5244/5244 5243/5243/5243
f 5246/5246/5246 5245/5245/5245 5243/5243/5243
f 5247/5247/5247 5245/5245/5245 5246/5246/5246
f 5248/5248/5248 5247/5247/5247 5246/5246/5246
f 5249/5249/5249 5247/5247/5247 5248/5248/5248
f 5250/5250/5250 5249/5249/5249 5248/5248/5248
f 5251/5251/5251 5249/5249/5249 5250/5250/5250
f 5252/5252/5252 5251/5251/5251 5250/5250/5250
f 5251/5251/5251 5252/5252/5252 5253/5253/5253
f 5254/5254/5254 5251/5251/5251 5253/5253/5253
f 5254/5254/5254 5253/5253/5253 5255/5255/5255
f 5256/5256/5256 5254/5254/5254 5255/5255/5255
f 5256/5256/5256 5255/5255/5255 5257/5257/5257
f 5258/5258/5258 5256/5256/5256 5257/5257/5257
f 5258/5258/5258 5257/5257/5257 5259/5259/5259
f 5260/5260/5260 5258/5258/5258 5259/5259/5259
f 5261/5261/5261 5260/5260/5260 5259/5259/5259
f 5262/5262/5262 5261/5261/5261 5259/5259/5259
f 5263/5263/5263 5261/5261/5261 5262/5262/5262
f 5264/5264/5264 5263/5263/5263 5262/5262/5262
f 5265/5265/5265 5263/5263/5263 5264/5264/5264
f 5266/5266/5266 5265/5265/5265 5264/5264/5264
f 5265/5265/5265 5266/5266/5266 5267/5267/5267
f 5268/5268/5268 5265/5265/5265 5267/5267/5267
f 5268/5268/5268 5267/5267/5267 5269/5269/5269
f 5270/5270/5270 5268/5268/5268 5269/5269/5269
f 5270/5270/5270 5269/5269/5269 5271/5271/5271
f 5272/5272/5272 5270/5270/5270 5271/5271/5271
f 5272/5272/5272 5271/5271/5271 5273/5273/5273
f 5274/5274/5274 5272/5272/5272 5273/5273/5273
f 5274/5274/5274 5273/5273/5273 5275/5275/5275
f 5276/5276/5276 5274/5274/5274 5275/5275/5275
f 5279/5279/5279 5278/5278/5278 5277/5277/5277
f 5280/5280/5280 5279/5279/5279 5277/5277/5277
f 5281/5281/5281 5279/5279/5279 5280/5280/5280
f 5282/5282/5282 5281/5281/5281 5280/5280/5280
f 5283/5283/5283 5281/5281/5281 5282/5282/5282
f 5284/5284/5284 5283/5283/5283 5282/5282/5282
f 5285/5285/5285 5283/5283/5283 5284/5284/5284
f 5286/5286/5286 5285/5285/5285 5284/5284/5284
f 5285/5285/5285 5286/5286/5286 5287/5287/5287
f 5288/5288/5288 5285/5285/5285 5287/5287/5287
f 5288/5288/5288 5287/5287/5287 5289/5289/5289
f 5290/5290/5290 5288/5288/5288 5289/5289/5289
f 5290/5290/5290 5289/5289/5289 5291/5291/5291
f 5292/5292/5292 5290/5290/5290 5291/5291/5291
f 5292/5292/5292 5291/5291/5291 5293/5293/5293
f 5294/5294/5294 5292/5292/5292 5293/5293/5293
f 5295/5295/5295 5294/5294/5294 5293/5293/5293
f 5296/5296/5296 5295/5295/5295 5293/5293/5293
f 5297/5297/5297 5295/5295/5295 5296/5296/5296
f 5298/5298/5298 5297/5297/5297 5296/5296/5296
f 5299/5299/5299 5297/5297/5297 5298/5298/5298
f 5300/5300/5300 5299/5299/5299 5298/5298/5298
f 5299/5299/5299 5300/5300/5300 5301/5301/5301
f 5302/5302/5302 5299/5299/5299 5301/5301/5301
f 5302/5302/5302 5301/5301/5301 5303/5303/5303
f 5304/5304/5304 5302/5302/5302 5303/5303/5303
f 5304/5304/5304 5303/5303/5303 5305/5305/5305
f 5306/5306/5306 5304/5304/5304 5305/5305/5305
f 5306/5306/5306 5305/5305/5305 5307/5307/5307
f 5308/5308/5308 5306/5306/5306 5307/5307/5307
f 5308/5308/5308 5307/5307/5307 5309/5309/5309
f 5310/5310/5310 5308/5308/5308 5309/5309/5309
f 5313/5313/5313 5312/5312/5312 5311/5311/5311
f 5314/5314/5314 5313/5313/5313 5311/5311/5311
f 5315/5315/5315 5313/5313/5313 5314/5314/5314
f 5316/5316/5316 5315/5315/5315 5314/5314/5314
f 5317/5317/5317 5315/5315/5315 5316/5316/5316
f 5318/5318/5318 5317/5317/5317 5316/5316/5316
f 5317/5317/5317 5318/5318/5318 5319/5319/5319
f 5320/5320/5320 5317/5317/5317 5319/5319/5319
f 5320/5320/5320 5319/5319/5319 5321/5321/5321
f 5322/5322/5322 5320/5320/5320 5321/5321/5321
f 5323/5323/5323 5322/5322/5322 5321/5321/5321
f 5324/5324/5324 5323/5323/5323 5321/5321/5321
f 5323/5323/5323 5324/5324/5324 5325/5325/5325
f 5326/5326/5326 5323/5323/5323 5325/5325/5325
f 5326/5326/5326 5325/5325/5325 5327/5327/5327
f 5328/5328/5328 5326/5326/5326 5327/5327/5327
f 5329/5329/5329 5328/5328/5328 5327/5327/5327
f 5330/5330/5330 5329/5329/5329 5327/5327/5327
f 5331/5331/5331 5329/5329/5329 5330/5330/5330
f 5332/5332/5332 5331/5331/5331 5330/5330/5330
f 5333/5333/5333 5331/5331/5331 5332/5332/5332
f 5334/5334/5334 5333/5333/5333 5332/5332/5332
f 5335/5335/5335 5333/5333/5333 5334/5334/5334
f 5336/5336/5336 5335/5335/5335 5334/5334/5334
f 5335/5335/5335 5336/5336/5336 5337/5337/5337
f 5338/5338/5338 5335/5335/5335 5337/5337/5337
f 5338/5338/5338 5337/5337/5337 5339/5339/5339
f 5340/5340/5340 5338/5338/5338 5339/5339/5339
f 5340/5340/5340 5339/5339/5339 5341/5341/5341
f 5342/5342/5342 5340/5340/5340 5341/5341/5341
f 5342/5342/5342 5341/5341/5341 5343/5343/5343
f 5344/5344/5344 5342/5342/5342 5343/5343/5343
f 5347/5347/5347 5346/5346/5346 5345/5345/5345
f 5348/5348/5348 5347/5347/5347 5345/5345/5345
f 5351/5351/5351 5350/5350/5350 5349/5349/5349
f 5352/5352/5352 5351/5351/5351 5349/5349/5349
f 5355/5355/5355 5354/5354/5354 5353/5353/5353
f 5356/5356/5356 5355/5355/5355 5353/5353/5353
f 5357/5357/5357 5353/5353/5353 5354/5354/5354
f 5358/5358/5358 5355/5355/5355 5356/5356/5356
f 5361/5361/5361 5360/5360/5360 5359/5359/5359
f 5362/5362/5362 5359/5359/5359 5360/5360/5360
f 5363/5363/5363 5361/5361/5361 5359/5359/5359
f 5363/5363/5363 5364/5364/5364 5361/5361/5361
f 5364/5364/5364 5365/5365/5365 5361/5361/5361
f 5366/5366/5366 5363/5363/5363 5359/5359/5359
f 5367/5367/5367 5363/5363/5363 5366/5366/5366
f 5368/5368/5368 5365/5365/5365 5364/5364/5364
f 5365/5365/5365 5368/5368/5368 5369/5369/5369
f 5370/5370/5370 5368/5368/5368 5364/5364/5364
f 5371/5371/5371 5370/5370/5370 5364/5364/5364
f 5359/5359/5359 5362/5362/5362 5372/5372/5372
f 5373/5373/5373 5372/5372/5372 5362/5362/5362
f 5374/5374/5374 5373/5373/5373 5362/5362/5362
f 5374/5374/5374 5375/5375/5375 5373/5373/5373
f 5376/5376/5376 5375/5375/5375 5374/5374/5374
f 5375/5375/5375 5377/5377/5377 5373/5373/5373
f 5373/5373/5373 5377/5377/5377 5378/5378/5378
f 5380/5380/5380 5379/5379/5379 5372/5372/5372
f 5379/5379/5379 5359/5359/5359 5372/5372/5372
f 5383/5383/5383 5382/5382/5382 5381/5381/5381
f 5384/5384/5384 5383/5383/5383 5381/5381/5381
f 5385/5385/5385 5381/5381/5381 5382/5382/5382
f 5386/5386/5386 5383/5383/5383 5384/5384/5384
f 5389/5389/5389 5388/5388/5388 5387/5387/5387
f 5390/5390/5390 5389/5389/5389 5387/5387/5387
f 5391/5391/5391 5389/5389/5389 5390/5390/5390
f 5392/5392/5392 5391/5391/5391 5390/5390/5390
f 5395/5395/5395 5394/5394/5394 5393/5393/5393
f 5396/5396/5396 5395/5395/5395 5393/5393/5393
f 5399/5399/5399 5398/5398/5398 5397/5397/5397
f 5400/5400/5400 5399/5399/5399 5397/5397/5397
f 5403/5403/5403 5402/5402/5402 5401/5401/5401
f 5404/5404/5404 5403/5403/5403 5401/5401/5401
f 5407/5407/5407 5406/5406/5406 5405/5405/5405
f 5408/5408/5408 5407/5407/5407 5405/5405/5405
f 5411/5411/5411 5410/5410/5410 5409/5409/5409
f 5412/5412/5412 5411/5411/5411 5409/5409/5409
f 5415/5415/5415 5414/5414/5414 5413/5413/5413
f 5416/5416/5416 5415/5415/5415 5413/5413/5413
f 5419/5419/5419 5418/5418/5418 5417/5417/5417
f 5420/5420/5420 5419/5419/5419 5417/5417/5417
f 5423/5423/5423 5422/5422/5422 5421/5421/5421
f 5424/5424/5424 5423/5423/5423 5421/5421/5421
f 5427/5427/5427 5426/5426/5426 5425/5425/5425
f 5428/5428/5428 5427/5427/5427 5425/5425/5425
f 5431/5431/5431 5430/5430/5430 5429/5429/5429
f 5432/5432/5432 5431/5431/5431 5429/5429/5429
f 5435/5435/5435 5434/5434/5434 5433/5433/5433
f 5436/5436/5436 5435/5435/5435 5433/5433/5433
f 5439/5439/5439 5438/5438/5438 5437/5437/5437
f 5440/5440/5440 5439/5439/5439 5437/5437/5437
f 5443/5443/5443 5442/5442/5442 5441/5441/5441
f 5444/5444/5444 5443/5443/5443 5441/5441/5441
f 5447/5447/5447 5446/5446/5446 5445/5445/5445
f 5448/5448/5448 5447/5447/5447 5445/5445/5445
f 5451/5451/5451 5450/5450/5450 5449/5449/5449
f 5452/5452/5452 5451/5451/5451 5449/5449/5449
f 5453/5453/5453 5451/5451/5451 5452/5452/5452
f 5454/5454/5454 5453/5453/5453 5452/5452/5452
f 5457/5457/5457 5456/5456/5456 5455/5455/5455
f 5458/5458/5458 5457/5457/5457 5455/5455/5455
f 5461/5461/5461 5460/5460/5460 5459/5459/5459
f 5462/5462/5462 5461/5461/5461 5459/5459/5459
f 5465/5465/5465 5464/5464/5464 5463/5463/5463
f 5466/5466/5466 5465/5465/5465 5463/5463/5463
f 5464/5464/5464 5465/5465/5465 5467/5467/5467
f 5468/5468/5468 5466/5466/5466 5463/5463/5463
f 5471/5471/5471 5470/5470/5470 5469/5469/5469
f 5472/5472/5472 5471/5471/5471 5469/5469/5469
f 5471/5471/5471 5472/5472/5472 5473/5473/5473
f 5474/5474/5474 5471/5471/5471 5473/5473/5473
f 5477/5477/5477 5476/5476/5476 5475/5475/5475
f 5478/5478/5478 5477/5477/5477 5475/5475/5475
f 5477/5477/5477 5478/5478/5478 5479/5479/5479
f 5480/5480/5480 5477/5477/5477 5479/5479/5479
f 5483/5483/5483 5482/5482/5482 5481/5481/5481
f 5484/5484/5484 5483/5483/5483 5481/5481/5481
f 5487/5487/5487 5486/5486/5486 5485/5485/5485
f 5488/5488/5488 5487/5487/5487 5485/5485/5485
f 5491/5491/5491 5490/5490/5490 5489/5489/5489
f 5492/5492/5492 5491/5491/5491 5489/5489/5489
f 5495/5495/5495 5494/5494/5494 5493/5493/5493
f 5494/5494/5494 5495/5495/5495 5496/5496/5496
f 5497/5497/5497 5494/5494/5494 5496/5496/5496
f 5500/5500/5500 5499/5499/5499 5498/5498/5498
f 5501/5501/5501 5500/5500/5500 5498/5498/5498
f 5504/5504/5504 5503/5503/5503 5502/5502/5502
f 5505/5505/5505 5504/5504/5504 5502/5502/5502
f 5508/5508/5508 5507/5507/5507 5506/5506/5506
f 5509/5509/5509 5508/5508/5508 5506/5506/5506
f 5512/5512/5512 5511/5511/5511 5510/5510/5510
f 5513/5513/5513 5512/5512/5512 5510/5510/5510
f 5516/5516/5516 5515/5515/5515 5514/5514/5514
f 5517/5517/5517 5516/5516/5516 5514/5514/5514
f 5520/5520/5520 5519/5519/5519 5518/5518/5518
f 5521/5521/5521 5520/5520/5520 5518/5518/5518
f 5524/5524/5524 5523/5523/5523 5522/5522/5522
f 5525/5525/5525 5524/5524/5524 5522/5522/5522
f 5528/5528/5528 5527/5527/5527 5526/5526/5526
f 5529/5529/5529 5528/5528/5528 5526/5526/5526
f 5532/5532/5532 5531/5531/5531 5530/5530/5530
f 5533/5533/5533 5532/5532/5532 5530/5530/5530
f 5536/5536/5536 5535/5535/5535 5534/5534/5534
f 5537/5537/5537 5536/5536/5536 5534/5534/5534
f 5540/5540/5540 5539/5539/5539 5538/5538/5538
f 5541/5541/5541 5540/5540/5540 5538/5538/5538
f 5544/5544/5544 5543/5543/5543 5542/5542/5542
f 5545/5545/5545 5544/5544/5544 5542/5542/5542
f 5548/5548/5548 5547/5547/5547 5546/5546/5546
f 5549/5549/5549 5548/5548/5548 5546/5546/5546
f 5552/5552/5552 5551/5551/5551 5550/5550/5550
f 5553/5553/5553 5552/5552/5552 5550/5550/5550
f 5556/5556/5556 5555/5555/5555 5554/5554/5554
f 5557/5557/5557 5556/5556/5556 5554/5554/5554
f 5560/5560/5560 5559/5559/5559 5558/5558/5558
f 5561/5561/5561 5560/5560/5560 5558/5558/5558
f 5562/5562/5562 5561/5561/5561 5558/5558/5558
f 5565/5565/5565 5564/5564/5564 5563/5563/5563
f 5566/5566/5566 5565/5565/5565 5563/5563/5563
f 5569/5569/5569 5568/5568/5568 5567/5567/5567
f 5570/5570/5570 5569/5569/5569 5567/5567/5567
f 5571/5571/5571 5568/5568/5568 5569/5569/5569
f 5572/5572/5572 5571/5571/5571 5569/5569/5569
f 5573/5573/5573 5572/5572/5572 5569/5569/5569
f 5572/5572/5572 5573/5573/5573 5574/5574/5574
f 5574/5574/5574 5573/5573/5573 5575/5575/5575
f 5573/5573/5573 5576/5576/5576 5575/5575/5575
f 5579/5579/5579 5578/5578/5578 5577/5577/5577
f 5580/5580/5580 5579/5579/5579 5577/5577/5577
f 5583/5583/5583 5582/5582/5582 5581/5581/5581
f 5584/5584/5584 5583/5583/5583 5581/5581/5581
f 5587/5587/5587 5586/5586/5586 5585/5585/5585
f 5588/5588/5588 5587/5587/5587 5585/5585/5585
f 5591/5591/5591 5590/5590/5590 5589/5589/5589
f 5592/5592/5592 5591/5591/5591 5589/5589/5589
f 5595/5595/5595 5594/5594/5594 5593/5593/5593
f 5596/5596/5596 5595/5595/5595 5593/5593/5593
f 5599/5599/5599 5598/5598/5598 5597/5597/5597
f 5600/5600/5600 5599/5599/5599 5597/5597/5597
f 5603/5603/5603 5602/5602/5602 5601/5601/5601
f 5604/5604/5604 5603/5603/5603 5601/5601/5601
f 5607/5607/5607 5606/5606/5606 5605/5605/5605
f 5608/5608/5608 5607/5607/5607 5605/5605/5605
f 5611/5611/5611 5610/5610/5610 5609/5609/5609
f 5612/5612/5612 5611/5611/5611 5609/5609/5609
f 5615/5615/5615 5614/5614/5614 5613/5613/5613
f 5616/5616/5616 5615/5615/5615 5613/5613/5613
f 5619/5619/5619 5618/5618/5618 5617/5617/5617
f 5620/5620/5620 5619/5619/5619 5617/5617/5617
f 5623/5623/5623 5622/5622/5622 5621/5621/5621
f 5624/5624/5624 5623/5623/5623 5621/5621/5621
f 5627/5627/5627 5626/5626/5626 5625/5625/5625
f 5628/5628/5628 5627/5627/5627 5625/5625/5625
f 5631/5631/5631 5630/5630/5630 5629/5629/5629
f 5632/5632/5632 5631/5631/5631 5629/5629/5629
f 5635/5635/5635 5634/5634/5634 5633/5633/5633
f 5636/5636/5636 5635/5635/5635 5633/5633/5633
f 5639/5639/5639 5638/5638/5638 5637/5637/5637
f 5640/5640/5640 5639/5639/5639 5637/5637/5637
f 5643/5643/5643 5642/5642/5642 5641/5641/5641
f 5644/5644/5644 5643/5643/5643 5641/5641/5641
f 5647/5647/5647 5646/5646/5646 5645/5645/5645
f 5648/5648/5648 5647/5647/5647 5645/5645/5645
f 5651/5651/5651 5650/5650/5650 5649/5649/5649
f 5652/5652/5652 5651/5651/5651 5649/5649/5649
f 5655/5655/5655 5654/5654/5654 5653/5653/5653
f 5656/5656/5656 5655/5655/5655 5653/5653/5653
f 5659/5659/5659 5658/5658/5658 5657/5657/5657
f 5660/5660/5660 5659/5659/5659 5657/5657/5657
f 5663/5663/5663 5662/5662/5662 5661/5661/5661
f 5664/5664/5664 5663/5663/5663 5661/5661/5661
f 5667/5667/5667 5666/5666/5666 5665/5665/5665
f 5668/5668/5668 5667/5667/5667 5665/5665/5665
f 5671/5671/5671 5670/5670/5670 5669/5669/5669
f 5672/5672/5672 5671/5671/5671 5669/5669/5669
f 5675/5675/5675 5674/5674/5674 5673/5673/5673
f 5676/5676/5676 5675/5675/5675 5673/5673/5673
f 5679/5679/5679 5678/5678/5678 5677/5677/5677
f 5680/5680/5680 5679/5679/5679 5677/5677/5677
f 5683/5683/5683 5682/5682/5682 5681/5681/5681
f 5684/5684/5684 5683/5683/5683 5681/5681/5681
f 5687/5687/5687 5686/5686/5686 5685/5685/5685
f 5688/5688/5688 5687/5687/5687 5685/5685/5685
f 5691/5691/5691 5690/5690/5690 5689/5689/5689
f 5692/5692/5692 5691/5691/5691 5689/5689/5689
f 5695/5695/5695 5694/5694/5694 5693/5693/5693
f 5696/5696/5696 5695/5695/5695 5693/5693/5693
f 5699/5699/5699 5698/5698/5698 5697/5697/5697
f 5700/5700/5700 5699/5699/5699 5697/5697/5697
f 5703/5703/5703 5702/5702/5702 5701/5701/5701
f 5704/5704/5704 5703/5703/5703 5701/5701/5701
f 5707/5707/5707 5706/5706/5706 5705/5705/5705
f 5708/5708/5708 5707/5707/5707 5705/5705/5705
f 5711/5711/5711 5710/5710/5710 5709/5709/5709
f 5712/5712/5712 5711/5711/5711 5709/5709/5709
f 5715/5715/5715 5714/5714/5714 5713/5713/5713
f 5716/5716/5716 5715/5715/5715 5713/5713/5713
f 5719/5719/5719 5718/5718/5718 5717/5717/5717
f 5720/5720/5720 5719/5719/5719 5717/5717/5717
f 5723/5723/5723 5722/5722/5722 5721/5721/5721
f 5724/5724/5724 5723/5723/5723 5721/5721/5721
f 5727/5727/5727 5726/5726/5726 5725/5725/5725
f 5728/5728/5728 5727/5727/5727 5725/5725/5725
f 5731/5731/5731 5730/5730/5730 5729/5729/5729
f 5732/5732/5732 5731/5731/5731 5729/5729/5729
f 5735/5735/5735 5734/5734/5734 5733/5733/5733
f 5736/5736/5736 5735/5735/5735 5733/5733/5733
f 5739/5739/5739 5738/5738/5738 5737/5737/5737
f 5740/5740/5740 5739/5739/5739 5737/5737/5737
f 5743/5743/5743 5742/5742/5742 5741/5741/5741
f 5744/5744/5744 5743/5743/5743 5741/5741/5741
f 5747/5747/5747 5746/5746/5746 5745/5745/5745
f 5748/5748/5748 5747/5747/5747 5745/5745/5745
f 5751/5751/5751 5750/5750/5750 5749/5749/5749
f 5752/5752/5752 5751/5751/5751 5749/5749/5749
f 5755/5755/5755 5754/5754/5754 5753/5753/5753
f 5756/5756/5756 5755/5755/5755 5753/5753/5753
f 5759/5759/5759 5758/5758/5758 5757/5757/5757
f 5760/5760/5760 5759/5759/5759 5757/5757/5757
f 5763/5763/5763 5762/5762/5762 5761/5761/5761
f 5764/5764/5764 5763/5763/5763 5761/5761/5761
f 5767/5767/5767 5766/5766/5766 5765/5765/5765
f 5768/5768/5768 5767/5767/5767 5765/5765/5765
f 5771/5771/5771 5770/5770/5770 5769/5769/5769
f 5772/5772/5772 5771/5771/5771 5769/5769/5769
f 5775/5775/5775 5774/5774/5774 5773/5773/5773
f 5776/5776/5776 5775/5775/5775 5773/5773/5773
f 5779/5779/5779 5778/5778/5778 5777/5777/5777
f 5780/5780/5780 5779/5779/5779 5777/5777/5777
f 5783/5783/5783 5782/5782/5782 5781/5781/5781
f 5784/5784/5784 5783/5783/5783 5781/5781/5781
f 5787/5787/5787 5786/5786/5786 5785/5785/5785
f 5788/5788/5788 5787/5787/5787 5785/5785/5785
f 5791/5791/5791 5790/5790/5790 5789/5789/5789
f 5792/5792/5792 5791/5791/5791 5789/5789/5789
f 5795/5795/5795 5794/5794/5794 5793/5793/5793
f 5796/5796/5796 5795/5795/5795 5793/5793/5793
f 5799/5799/5799 5798/5798/5798 5797/5797/5797
f 5800/5800/5800 5799/5799/5799 5797/5797/5797
f 5803/5803/5803 5802/5802/5802 5801/5801/5801
f 5804/5804/5804 5803/5803/5803 5801/5801/5801
f 5807/5807/5807 5806/5806/5806 5805/5805/5805
f 5808/5808/5808 5807/5807/5807 5805/5805/5805
f 5811/5811/5811 5810/5810/5810 5809/5809/5809
f 5812/5812/5812 5811/5811/5811 5809/5809/5809
f 5815/5815/5815 5814/5814/5814 5813/5813/5813
f 5816/5816/5816 5815/5815/5815 5813/5813/5813
f 5819/5819/5819 5818/5818/5818 5817/5817/5817
f 5820/5820/5820 5819/5819/5819 5817/5817/5817
f 5823/5823/5823 5822/5822/5822 5821/5821/5821
f 5824/5824/5824 5823/5823/5823 5821/5821/5821
f 5827/5827/5827 5826/5826/5826 5825/5825/5825
f 5828/5828/5828 5827/5827/5827 5825/5825/5825
f 5831/5831/5831 5830/5830/5830 5829/5829/5829
f 5832/5832/5832 5831/5831/5831 5829/5829/5829
f 5835/5835/5835 5834/5834/5834 5833/5833/5833
f 5836/5836/5836 5835/5835/5835 5833/5833/5833
f 5839/5839/5839 5838/5838/5838 5837/5837/5837
f 5840/5840/5840 5839/5839/5839 5837/5837/5837
f 5843/5843/5843 5842/5842/5842 5841/5841/5841
f 5844/5844/5844 5843/5843/5843 5841/5841/5841
f 5847/5847/5847 5846/5846/5846 5845/5845/5845
f 5848/5848/5848 5847/5847/5847 5845/5845/5845
f 5851/5851/5851 5850/5850/5850 5849/5849/5849
f 5852/5852/5852 5851/5851/5851 5849/5849/5849
f 5855/5855/5855 5854/5854/5854 5853/5853/5853
f 5856/5856/5856 5855/5855/5855 5853/5853/5853
f 5859/5859/5859 5858/5858/5858 5857/5857/5857
f 5860/5860/5860 5859/5859/5859 5857/5857/5857
f 5863/5863/5863 5862/5862/5862 5861/5861/5861
f 5864/5864/5864 5863/5863/5863 5861/5861/5861
f 5867/5867/5867 5866/5866/5866 5865/5865/5865
f 5868/5868/5868 5867/5867/5867 5865/5865/5865
f 5871/5871/5871 5870/5870/5870 5869/5869/5869
f 5872/5872/5872 5871/5871/5871 5869/5869/5869
f 5875/5875/5875 5874/5874/5874 5873/5873/5873
f 5876/5876/5876 5875/5875/5875 5873/5873/5873
f 5879/5879/5879 5878/5878/5878 5877/5877/5877
f 5880/5880/5880 5879/5879/5879 5877/5877/5877
f 5883/5883/5883 5882/5882/5882 5881/5881/5881
f 5884/5884/5884 5883/5883/5883 5881/5881/5881
f 5887/5887/5887 5886/5886/5886 5885/5885/5885
f 5888/5888/5888 5887/5887/5887 5885/5885/5885
f 5891/5891/5891 5890/5890/5890 5889/5889/5889
f 5892/5892/5892 5891/5891/5891 5889/5889/5889
f 5895/5895/5895 5894/5894/5894 5893/5893/5893
f 5896/5896/5896 5895/5895/5895 5893/5893/5893
f 5899/5899/5899 5898/5898/5898 5897/5897/5897
f 5900/5900/5900 5899/5899/5899 5897/5897/5897
f 5903/5903/5903 5902/5902/5902 5901/5901/5901
f 5904/5904/5904 5903/5903/5903 5901/5901/5901
f 5907/5907/5907 5906/5906/5906 5905/5905/5905
f 5908/5908/5908 5907/5907/5907 5905/5905/5905
f 5911/5911/5911 5910/5910/5910 5909/5909/5909
f 5912/5912/5912 5911/5911/5911 5909/5909/5909
f 5915/5915/5915 5914/5914/5914 5913/5913/5913
f 5916/5916/5916 5915/5915/5915 5913/5913/5913
f 5919/5919/5919 5918/5918/5918 5917/5917/5917
f 5920/5920/5920 5919/5919/5919 5917/5917/5917
f 5923/5923/5923 5922/5922/5922 5921/5921/5921
f 5924/5924/5924 5923/5923/5923 5921/5921/5921
f 5927/5927/5927 5926/5926/5926 5925/5925/5925
f 5928/5928/5928 5927/5927/5927 5925/5925/5925
f 5931/5931/5931 5930/5930/5930 5929/5929/5929
f 5932/5932/5932 5931/5931/5931 5929/5929/5929
f 5935/5935/5935 5934/5934/5934 5933/5933/5933
f 5936/5936/5936 5935/5935/5935 5933/5933/5933
f 5939/5939/5939 5938/5938/5938 5937/5937/5937
f 5940/5940/5940 5939/5939/5939 5937/5937/5937
f 5943/5943/5943 5942/5942/5942 5941/5941/5941
f 5944/5944/5944 5943/5943/5943 5941/5941/5941
f 5947/5947/5947 5946/5946/5946 5945/5945/5945
f 5948/5948/5948 5947/5947/5947 5945/5945/5945
f 5951/5951/5951 5950/5950/5950 5949/5949/5949
f 5952/5952/5952 5951/5951/5951 5949/5949/5949
f 5955/5955/5955 5954/5954/5954 5953/5953/5953
f 5956/5956/5956 5955/5955/5955 5953/5953/5953
f 5959/5959/5959 5958/5958/5958 5957/5957/5957
f 5960/5960/5960 5959/5959/5959 5957/5957/5957
f 5963/5963/5963 5962/5962/5962 5961/5961/5961
f 5964/5964/5964 5963/5963/5963 5961/5961/5961
f 5967/5967/5967 5966/5966/5966 5965/5965/5965
f 5968/5968/5968 5967/5967/5967 5965/5965/5965
f 5971/5971/5971 5970/5970/5970 5969/5969/5969
f 5972/5972/5972 5971/5971/5971 5969/5969/5969
f 5975/5975/5975 5974/5974/5974 5973/5973/5973
f 5976/5976/5976 5975/5975/5975 5973/5973/5973
f 5979/5979/5979 5978/5978/5978 5977/5977/5977
f 5980/5980/5980 5979/5979/5979 5977/5977/5977
f 5983/5983/5983 5982/5982/5982 5981/5981/5981
f 5984/5984/5984 5983/5983/5983 5981/5981/5981
f 5987/5987/5987 5986/5986/5986 5985/5985/5985
f 5988/5988/5988 5987/5987/5987 5985/5985/5985
f 5991/5991/5991 5990/5990/5990 5989/5989/5989
f 5992/5992/5992 5991/5991/5991 5989/5989/5989
f 5995/5995/5995 5994/5994/5994 5993/5993/5993
f 5996/5996/5996 5995/5995/5995 5993/5993/5993
f 5999/5999/5999 5998/5998/5998 5997/5997/5997
f 6000/6000/6000 5999/5999/5999 5997/5997/5997
f 6003/6003/6003 6002/6002/6002 6001/6001/6001
f 6004/6004/6004 6003/6003/6003 6001/6001/6001
f 6007/6007/6007 6006/6006/6006 6005/6005/6005
f 6008/6008/6008 6007/6007/6007 6005/6005/6005
f 6011/6011/6011 6010/6010/6010 6009/6009/6009
f 6012/6012/6012 6011/6011/6011 6009/6009/6009
f 6015/6015/6015 6014/6014/6014 6013/6013/6013
f 6016/6016/6016 6015/6015/6015 6013/6013/6013
f 6019/6019/6019 6018/6018/6018 6017/6017/6017
f 6020/6020/6020 6019/6019/6019 6017/6017/6017
f 6023/6023/6023 6022/6022/6022 6021/6021/6021
f 6024/6024/6024 6023/6023/6023 6021/6021/6021
f 6027/6027/6027 6026/6026/6026 6025/6025/6025
f 6028/6028/6028 6027/6027/6027 6025/6025/6025
f 6031/6031/6031 6030/6030/6030 6029/6029/6029
f 6032/6032/6032 6031/6031/6031 6029/6029/6029
f 6035/6035/6035 6034/6034/6034 6033/6033/6033
f 6036/6036/6036 6035/6035/6035 6033/6033/6033
f 6039/6039/6039 6038/6038/6038 6037/6037/6037
f 6040/6040/6040 6039/6039/6039 6037/6037/6037
f 6043/6043/6043 6042/6042/6042 6041/6041/6041
f 6044/6044/6044 6043/6043/6043 6041/6041/6041
f 6047/6047/6047 6046/6046/6046 6045/6045/6045
f 6048/6048/6048 6047/6047/6047 6045/6045/6045
f 6051/6051/6051 6050/6050/6050 6049/6049/6049
f 6052/6052/6052 6051/6051/6051 6049/6049/6049
